packet_count,byte_count,duration,syn_count,label,packets_per_second,bytes_per_second,syn_ratio
29,6897,4.282964283768258,1,NORMAL,6.77101140205752,1610.3332979307145,0.034482758620689655
38,2087,7.090943153415287,1,NORMAL,5.358948616263783,294.3190990037504,0.02631578947368421
20,5318,9.865515180395946,2,NORMAL,2.0272636181983263,539.049396078935,0.1
13,3768,9.457507315676912,0,NORMAL,1.3745693834622783,398.4136489912204,0.0
31,3663,5.416115056216962,0,NORMAL,5.723659796410016,676.3150269112867,0.0
2,814,7.666808405898117,2,NORMAL,0.2608647424215517,106.17195016557156,1.0
19,1806,7.575537292323842,0,NORMAL,2.5080729282730037,238.3989320242655,0.0
24,4271,6.917580021643354,2,NORMAL,3.469421376393202,617.4124457739736,0.08333333333333333
16,5678,3.6887890181755334,2,NORMAL,4.337466827504698,1539.2585404107297,0.125
24,3626,7.546292167598037,0,NORMAL,3.1803698381902343,480.50087638657453,0.0
8,1292,2.2433513745644533,0,NORMAL,3.566093163427508,575.9240458935426,0.0
6,7512,1.2773393867860225,0,NORMAL,4.697263751567936,5880.974216963057,0.0
35,3218,9.460729462667787,2,NORMAL,3.6995033140003257,340.1429046986585,0.05714285714285714
36,9523,5.173295537569741,0,NORMAL,6.9588137268708445,1840.7995311386403,0.0
26,5997,4.754850910158068,1,NORMAL,5.468099944933009,1261.2382834524328,0.038461538461538464
31,7116,5.788979618849279,2,NORMAL,5.355002442755553,1229.232173633823,0.06451612903225806
27,2601,1.3083266782695913,0,NORMAL,20.63704764907074,1988.0355901938146,0.0
8,4328,3.5652701188057474,0,NORMAL,2.2438692534970524,1213.9332661419053,0.0
39,6931,4.154901236952186,1,NORMAL,9.386504702722688,1668.150361399255,0.02564102564102564
40,4148,2.529021025515782,1,NORMAL,15.816396778212702,1640.1603459006571,0.025
48,8599,5.44605765396778,2,NORMAL,8.8137149934557,1578.940317265116,0.041666666666666664
28,2813,0.5803619696586798,2,NORMAL,48.24575258862542,4846.975072564404,0.07142857142857142
14,8846,8.864951625545837,2,NORMAL,1.5792528364911393,997.8621851143299,0.14285714285714285
28,3865,4.523293404345871,0,NORMAL,6.190179919148794,854.4659066967889,0.0
23,9557,2.909579994965205,2,NORMAL,7.904920998838203,3284.6665211259437,0.08695652173913043
23,5122,6.102183897048995,1,NORMAL,3.769142390337131,839.371622752469,0.043478260869565216
2,4495,4.468718450038803,1,NORMAL,0.4475556073537445,1005.8812275275408,0.5
24,8740,2.3585915512146616,0,NORMAL,10.17556430558743,3705.6013346180894,0.0
26,7309,3.985302552233755,2,NORMAL,6.5239714323388185,1833.9887384217086,0.07692307692307693
32,4121,5.116978515154551,0,NORMAL,6.253690513889814,805.3580814918727,0.0
33,5871,0.8733334844632408,0,NORMAL,37.78625300309208,6722.517920641018,0.0
8,2464,6.021688945878153,1,NORMAL,1.3285309274362305,409.187525650359,0.125
26,3517,2.510068683631704,0,NORMAL,10.358282293049362,1401.1568778713308,0.0
12,4197,5.803870175857035,0,NORMAL,2.067585875700262,723.1381600261666,0.0
7,359,6.199769713214512,1,NORMAL,1.1290741953011312,57.90537658758658,0.14285714285714285
16,3633,2.061753075134942,0,NORMAL,7.760386145636182,1762.0926791935156,0.0
47,8043,3.369833458818261,2,NORMAL,13.947276794053211,2386.7648352036167,0.0425531914893617
12,2248,9.456838999611517,2,NORMAL,1.2689229456579472,237.71156515325544,0.16666666666666666
2,4122,0.2704523725131713,0,NORMAL,7.3950173977586315,15241.13085678054,0.0
32,7575,5.184649544337134,0,NORMAL,6.172066159216409,1461.0437861270093,0.0
14,8887,3.3648455395435724,0,NORMAL,4.160666466104427,2641.1316345907176,0.0
12,3001,0.6855256681658151,0,NORMAL,17.504815001467513,4377.662484950334,0.0
17,393,4.777873074515358,1,NORMAL,3.5580685662572544,82.25417332582947,0.058823529411764705
11,466,8.20130662823675,2,NORMAL,1.3412496933266056,56.82021428092711,0.18181818181818182
26,7783,6.552765388498454,2,NORMAL,3.967790460747416,1187.7428136921976,0.07692307692307693
33,8216,6.330413084742192,1,NORMAL,5.212929955477611,1297.8615913395167,0.030303030303030304
9,8849,7.073982021069629,2,NORMAL,1.2722678645766683,1250.922037070993,0.2222222222222222
40,3212,1.718363668021219,2,NORMAL,23.277959575380212,1869.220153903031,0.05
34,5923,3.7265593541270454,0,NORMAL,9.123697429465624,1589.4017610213202,0.0
5,2925,0.9325342040424854,1,NORMAL,5.361733626847434,3136.6141717057485,0.2
4,6694,5.871790537779761,0,NORMAL,0.6812232102394576,1140.0270423357324,0.0
1,9900,5.903052893246655,0,NORMAL,0.1694038691647237,1677.0983047307645,0.0
25,600,3.9319438862758354,2,NORMAL,6.358178225091331,152.59627740219193,0.08
34,6188,2.419803000805173,1,NORMAL,14.050730571326149,2557.2329639813593,0.029411764705882353
45,2933,6.015916230311363,0,NORMAL,7.480157348811846,487.5400334236699,0.0
17,8637,9.868794254665984,1,NORMAL,1.7226015216562418,875.1829025026448,0.058823529411764705
20,264,6.354223111987889,1,NORMAL,3.1475130236248647,41.54717191184822,0.05
45,7244,2.8730999368525834,0,NORMAL,15.662525143241794,2521.318491947635,0.0
44,2570,0.7432686792814269,1,NORMAL,59.19797406576861,3457.6998488414847,0.022727272727272728
11,1496,4.343676688579385,0,NORMAL,2.5324168414563997,344.4086904380704,0.0
42,2992,6.188758125399827,0,NORMAL,6.786498866004167,483.45725254963014,0.0
34,4117,2.3297724306240504,1,NORMAL,14.593700033995507,1767.1253835282207,0.029411764705882353
4,4947,7.408521954985148,2,NORMAL,0.5399187617050153,667.7445285386776,0.5
12,9365,5.174467839645588,0,NORMAL,2.319079057378374,1809.847947695706,0.0
14,2083,3.237746765397516,2,NORMAL,4.32399474524103,643.3486467383617,0.14285714285714285
15,4424,9.137630334647183,2,NORMAL,1.641563452520557,484.1517809300629,0.13333333333333333
3,3769,1.3964152037827358,2,NORMAL,2.1483581615792557,2699.053970330738,0.6666666666666666
44,6101,5.180682412251163,0,NORMAL,8.493089616138171,1177.6440851831585,0.0
31,6732,2.815828267315025,0,NORMAL,11.009194118773234,2390.7708002445615,0.0
21,797,3.3109212775647663,0,NORMAL,6.342645517517657,240.71849892674157,0.0
27,7245,3.2168165163731706,0,NORMAL,8.393391373916906,2252.2266853343694,0.0
17,142,0.5747094873482074,2,NORMAL,29.58016245466985,247.0813569743011,0.11764705882352941
36,6267,3.8362658755721144,0,NORMAL,9.384125388501966,1633.6198280483839,0.0
37,1161,5.219019774711942,1,NORMAL,7.089453881604075,222.45556639303595,0.02702702702702703
25,8484,1.870778565783633,1,NORMAL,13.363420159524857,4535.010265336356,0.04
37,2820,0.7278302032746822,0,NORMAL,50.836032681150286,3874.530058401184,0.0
13,2527,4.582901942741269,0,NORMAL,2.836630624530455,551.3973529375738,0.0
1,5018,5.173036636294917,0,NORMAL,0.19331005564194687,970.0298592112894,0.0
14,2077,1.5997480096922383,2,NORMAL,8.75137828906775,1298.3294790281227,0.14285714285714285
4,8424,6.732478130335121,0,NORMAL,0.5941348672158098,1251.2480303564953,0.0
5,3394,3.2958588718537145,0,NORMAL,1.5170552485421842,1029.7771027104347,0.0
9,3703,8.303499447880679,1,NORMAL,1.083880363513132,445.956554009903,0.1111111111111111
23,3416,2.103241822690688,2,NORMAL,10.935499547349234,1624.1594110323906,0.08695652173913043
8,9864,6.686078837618636,1,NORMAL,1.1965159541626553,1475.304171482554,0.125
17,9019,6.912571706897659,1,NORMAL,2.4592873276145077,1304.7242592797202,0.058823529411764705
10,6807,3.2121599441623943,2,NORMAL,3.1131700082909814,2119.134824643671,0.2
40,6011,1.0533174729162456,1,NORMAL,37.975255351318566,5706.731497919397,0.025
1,677,4.489168819126956,0,NORMAL,0.22275838585960728,150.80742722695413,0.0
1,7817,0.8469236661465848,1,NORMAL,1.1807439560047917,9229.875504089458,1.0
8,7319,3.9076411885824442,1,NORMAL,2.0472708761937586,1872.9969428577647,0.125
33,8595,5.804574491998154,2,NORMAL,5.6851712464870365,1480.7286928350327,0.06060606060606061
17,2651,8.441444563217198,0,NORMAL,2.013873321407085,314.0457750029519,0.0
30,1077,3.523468056584727,1,NORMAL,8.514338577281949,305.66475492442197,0.03333333333333333
18,3203,3.013202395065606,0,NORMAL,5.973710902884135,1062.988667885438,0.0
24,6092,7.06192714001994,1,NORMAL,3.3985057512123005,862.6540431827223,0.041666666666666664
40,9798,9.413699990566178,0,NORMAL,4.249126277668239,1040.8234817148352,0.0
2,5366,2.737193177093366,0,NORMAL,0.7306755024589847,1960.402373097456,0.0
24,8141,6.80796959461801,1,NORMAL,3.525280139172922,1195.8044005419483,0.041666666666666664
48,2233,2.8372720127205766,1,NORMAL,16.91765885850832,787.0235881468559,0.020833333333333332
36,7283,7.819143486552596,1,NORMAL,4.604084841506361,931.4319416858563,0.027777777777777776
30,925,4.669749419833335,0,NORMAL,6.424327582243313,198.08343378583547,0.0
47,9542,8.70337893618508,0,NORMAL,5.400201501579263,1096.3558027248794,0.0
45,975,8.434190003083314,1,NORMAL,5.335426399399255,115.6009053203172,0.022222222222222223
29,3528,7.95669933041515,0,NORMAL,3.6447273920663394,443.399939283105,0.0
9,5699,5.41012189632456,2,NORMAL,1.6635484694188265,1053.3958585797657,0.2222222222222222
3,4797,8.688749488577924,0,NORMAL,0.34527408160906775,552.0932564928993,0.0
35,3402,2.106365803680577,1,NORMAL,16.616297102261363,1615.1040783398046,0.02857142857142857
1,3253,1.76465149425138,0,NORMAL,0.5666841318286652,1843.4234808386477,0.0
5,7618,7.534429124321791,0,NORMAL,0.6636202846290724,1011.0918656608548,0.0
10,475,7.942049470840083,0,NORMAL,1.2591208398683311,59.80823989374573,0.0
48,1772,1.1586705927173828,2,NORMAL,41.42678713147242,1529.3388916035237,0.041666666666666664
20,348,7.844958485744807,2,NORMAL,2.5494080097864513,44.35969937028425,0.1
12,3883,6.917128460067281,1,NORMAL,1.7348239329768467,561.3601109790914,0.08333333333333333
14,9662,0.22748705626555918,2,NORMAL,61.54196300143322,42472.746179989124,0.14285714285714285
49,8438,9.494711691351062,1,NORMAL,5.160767550702477,888.7052365883164,0.02040816326530612
30,789,2.7109736659045924,1,NORMAL,11.066134790353878,291.03934498630696,0.03333333333333333
10,314,4.207011940544116,1,NORMAL,2.3769839832464665,74.63729707393905,0.1
5,2586,4.6561670766041034,0,NORMAL,1.0738446275099442,555.3924413481432,0.0
5,8654,6.571709855123163,1,NORMAL,0.7608369983197155,1316.8566766917636,0.2
34,5969,9.234514073503519,1,NORMAL,3.681839643036096,646.3794361553664,0.029411764705882353
43,1353,4.1989645331997485,2,NORMAL,10.24061995761431,322.2222977360968,0.046511627906976744
8,8819,0.13205330406136964,1,NORMAL,60.58159662769308,66783.63758245316,0.125
34,9098,1.926611401191064,1,NORMAL,17.64756503515998,4722.280784996633,0.029411764705882353
34,9650,3.1659329733166732,1,NORMAL,10.739330329024986,3048.0746375026797,0.029411764705882353
11,4812,0.867216160201965,0,NORMAL,12.684265474755708,5548.789587684042,0.0
20,5115,1.202156391770623,1,NORMAL,16.636770504162566,4254.854056439576,0.05
25,1908,6.608945067571951,0,NORMAL,3.7827519739371516,288.6996306508834,0.0
35,9053,5.255199851223486,2,NORMAL,6.660070214428001,1722.6747328919055,0.05714285714285714
3,2789,6.433691010310836,2,NORMAL,0.46629531868908614,433.4992146079538,0.6666666666666666
11,7978,1.112704272244903,2,NORMAL,9.885825258680171,7169.919446704583,0.18181818181818182
18,2606,7.428888800133974,2,NORMAL,2.422973406154011,350.7927053576307,0.1111111111111111
12,1322,9.368195832144135,2,NORMAL,1.2809296704521935,141.11575202814998,0.16666666666666666
43,605,8.194393617267634,0,NORMAL,5.247490175403371,73.830966421373,0.0
44,5675,7.246978744188275,1,NORMAL,6.071495660903637,783.0849517188213,0.022727272727272728
38,5328,0.2635232851108946,2,NORMAL,144.1997809947194,20218.32718789118,0.05263157894736842
2,8010,8.516673291754504,1,NORMAL,0.2348334768149811,940.5080746439993,0.5
4,6357,3.238666251263853,2,NORMAL,1.2350763214453002,1962.8450438569432,0.5
17,5007,6.633520045114672,2,NORMAL,2.56274193556102,754.802874785531,0.11764705882352941
5,5936,2.626082405355722,0,NORMAL,1.9039768096396477,2260.40126840419,0.0
34,6072,9.91598635542052,0,NORMAL,3.428806654359108,612.3445295667208,0.0
23,4200,7.735444123911055,0,NORMAL,2.9733263703508155,542.955250237975,0.0
3,9337,4.962779380743216,2,NORMAL,0.6044999726646575,1881.4054149233025,0.6666666666666666
21,3355,3.134325643048557,1,NORMAL,6.700005803983612,1070.405689160239,0.047619047619047616
25,7260,3.1101983549429546,2,NORMAL,8.038072542951536,2334.2562664731263,0.08
37,4625,2.7987578841344054,0,NORMAL,13.220150342316334,1652.5187927895417,0.0
43,5410,3.017061440933536,1,NORMAL,14.252278530560845,1793.1355081473064,0.023255813953488372
20,2535,8.657597062368524,1,NORMAL,2.310109820995579,292.80641981118964,0.05
5,3382,5.489129983231759,0,NORMAL,0.9108911640413039,616.126783357538,0.0
44,7361,6.311128802688118,2,NORMAL,6.971811442235016,1166.352364233908,0.045454545454545456
18,894,8.115389388167593,1,NORMAL,2.218008174228137,110.1610726533308,0.05555555555555555
19,5673,4.328748628800489,0,NORMAL,4.3892592592665665,1310.540409358907,0.0
43,6672,4.885830651623258,2,NORMAL,8.800959973042408,1365.5815102357894,0.046511627906976744
49,949,2.446189007234103,2,NORMAL,20.03115861247538,387.9503984334517,0.04081632653061224
46,3269,5.834846904080874,1,NORMAL,7.8836687159397005,560.25463113928,0.021739130434782608
38,9772,6.779781737943827,1,NORMAL,5.604900197203789,1441.3443349230374,0.02631578947368421
45,8376,1.2438907683241784,0,NORMAL,36.176810010919105,6733.710236699077,0.0
20,9194,5.307360955009286,2,NORMAL,3.768351195545359,1732.3110445922014,0.1
46,3919,4.7503810872375904,0,NORMAL,9.683433635163281,824.9864438305412,0.0
18,5365,5.283093348417273,2,NORMAL,3.407094823602256,1015.5035404792279,0.1111111111111111
29,1858,4.145972817719465,1,NORMAL,6.994739540031945,448.14572639239157,0.034482758620689655
44,6316,4.239795980244443,1,NORMAL,10.377857850948574,1489.6943224225272,0.022727272727272728
44,4158,5.721124198262132,0,NORMAL,7.690796157399553,726.7802368742578,0.0
10,6693,0.5116468795015285,2,NORMAL,19.54472977484489,13081.287638303684,0.2
36,2813,5.422785464583622,0,NORMAL,6.63865466098873,518.7370989267027,0.0
2,4949,9.437203432137089,1,NORMAL,0.21192718948807196,524.413830388234,0.5
33,5034,4.136213490890713,2,NORMAL,7.978311582000478,1217.0551667815273,0.06060606060606061
48,7406,8.838207140810715,0,NORMAL,5.43096571909459,837.952752408636,0.0
30,6651,3.9745596684122417,0,NORMAL,7.548005943507299,1673.3929176755682,0.0
35,8237,7.570534024137579,0,NORMAL,4.623187728686965,1088.0342091769865,0.0
28,6852,6.413438449250884,2,NORMAL,4.365832808962331,1068.3816573932104,0.07142857142857142
29,673,9.3776861461402,0,NORMAL,3.0924472783658077,71.76610408069617,0.0
27,8192,0.22597873445083672,0,NORMAL,119.48026908644381,36251.19867985732,0.0
5,3569,2.090092838066948,2,NORMAL,2.3922382340797457,1707.5796514861224,0.4
27,8605,7.765435679325914,0,NORMAL,3.476945932587231,1108.1155462930788,0.0
29,4712,2.349391241377878,0,NORMAL,12.343623100847177,2005.6259327997207,0.0
46,5813,7.033395589433531,0,NORMAL,6.540226468863361,826.4855752935373,0.0
33,2939,9.734391342970701,1,NORMAL,3.390042462575703,301.91923628818154,0.030303030303030304
5,4978,9.77609358747846,2,NORMAL,0.5114517322547079,509.20134463278714,0.4
9,3211,3.729814934435474,0,NORMAL,2.412988354169426,860.9006228042252,0.0
23,2095,8.369840408497696,2,NORMAL,2.7479615951396945,250.30345833989824,0.08695652173913043
16,7298,3.4452881344529924,1,NORMAL,4.644023772641679,2118.2553432961863,0.0625
6,4120,5.412827658416633,0,NORMAL,1.1084779303235985,761.154845488871,0.0
2,3308,1.4581360310484266,2,NORMAL,1.3716141412142209,2268.649789568321,1.0
8,6430,9.628445897342672,2,NORMAL,0.8308713665003713,667.8128608246734,0.25
13,9117,7.257673609320984,0,NORMAL,1.7912075824550973,1256.1876560956248,0.0
41,8249,7.636557469845726,0,NORMAL,5.368911340207368,1080.1987718383068,0.0
26,7903,3.311057480190907,1,NORMAL,7.852476181869518,2386.850740973646,0.038461538461538464
4,6935,5.648118682285301,1,NORMAL,0.7082004159270868,1227.8424711135867,0.25
37,6124,1.479203292908528,0,NORMAL,25.01346513855282,4140.066500229662,0.0
7,717,5.119318831613156,0,NORMAL,1.3673694157849943,140.05769587397725,0.0
46,8067,6.034359553233819,0,NORMAL,7.6230127810910036,1336.844437066546,0.0
18,4009,2.361367968651361,0,NORMAL,7.62270016319408,1697.7447196802814,0.0
22,3347,7.698524567788577,1,NORMAL,2.8576904322745524,434.7586307646785,0.045454545454545456
34,9676,2.2203998888076972,2,NORMAL,15.312557062978959,4357.773592393659,0.058823529411764705
20,9029,7.386412515321146,2,NORMAL,2.7076743897684197,1222.379603260953,0.1
4,4558,0.8675344339459284,0,NORMAL,4.610767992004928,5253.970126889615,0.0
15,3930,7.609874222002412,0,NORMAL,1.9711232488745392,516.4342912051293,0.0
19,5697,7.942697327318403,0,NORMAL,2.3921344622626757,717.2626332373928,0.0
49,7934,6.851578380360636,2,NORMAL,7.151636787875564,1157.9813525511167,0.04081632653061224
48,7081,0.7717524288642311,0,NORMAL,62.196111349646685,9175.22217639267,0.0
24,8349,6.240016989748707,2,NORMAL,3.846143374197209,1337.977126298854,0.08333333333333333
26,2565,1.5449025346996355,0,NORMAL,16.829540644811615,1660.2989136131457,0.0
13,6826,7.140782793194821,0,NORMAL,1.8205286978325435,955.9176070311494,0.0
13,537,7.932762346100069,1,NORMAL,1.6387734099195728,67.69394777898543,0.07692307692307693
31,3818,7.825758489769694,1,NORMAL,3.961277368899779,487.8760320793341,0.03225806451612903
38,6900,8.07142139412711,0,NORMAL,4.707968788204935,854.8680168056329,0.0
31,9791,5.4061018982702205,1,NORMAL,5.734261133686549,1811.1016374169355,0.03225806451612903
21,101,5.261500529106339,1,NORMAL,3.991256844664203,19.196044824337356,0.047619047619047616
16,9833,0.9843638306818494,1,NORMAL,16.254152683481998,9989.192708542405,0.0625
16,6951,8.27472652516921,1,NORMAL,1.9335986453851797,840.0277615045239,0.0625
29,7414,5.406093923483384,1,NORMAL,5.364316715628578,1371.4153148162163,0.034482758620689655
2,8510,3.7396530422721153,0,NORMAL,0.5348089722208166,2275.6121767995746,0.0
30,1730,1.63909909115029,1,NORMAL,18.302737254857814,1055.4578483634673,0.03333333333333333
9,4643,5.595602457775271,1,NORMAL,1.6084058987239538,829.7587319750353,0.1111111111111111
19,634,5.023024249752748,1,NORMAL,3.7825817784843965,126.21878145047934,0.05263157894736842
45,6704,6.893822973834644,0,NORMAL,6.5275827607985475,972.4647739642992,0.0
10,4568,2.47907295147613,0,NORMAL,4.033765926107837,1842.62427504606,0.0
6,6067,0.1882635858716647,2,NORMAL,31.87020990926027,32226.093919913677,0.3333333333333333
43,8605,3.3235302491327774,2,NORMAL,12.93804983758465,2589.114391916649,0.046511627906976744
21,1115,8.950007984005996,2,NORMAL,2.3463666219659016,124.58089445199907,0.09523809523809523
44,1609,0.7250092205695994,1,NORMAL,60.68888332955497,2219.2821199375894,0.022727272727272728
45,7550,4.692588541451101,0,NORMAL,9.589589967775982,1608.9200945935258,0.0
32,8344,2.4610305012832336,2,NORMAL,13.00268321880388,3390.4496493031115,0.0625
16,902,9.142368841976065,1,NORMAL,1.7500934688324936,98.66151930543182,0.0625
23,5034,4.3541638639710225,0,NORMAL,5.282300050835447,1156.1347154741584,0.0
16,7243,2.8531931926813914,2,NORMAL,5.607752058655174,2538.5592600524637,0.125
49,1223,8.888937663825953,2,NORMAL,5.512469752083912,137.58674503670662,0.04081632653061224
40,9434,8.570244543790988,2,NORMAL,4.667311392996293,1100.7853920381758,0.05
47,7643,5.967343155787605,0,NORMAL,7.8762019835269,1280.8045055339594,0.0
2,9073,9.210705629861542,0,NORMAL,0.21713862980442084,985.0493941077551,0.0
25,9071,7.617338532940929,0,NORMAL,3.281986207110046,1190.835875387809,0.0
15,5687,8.21083312868188,0,NORMAL,1.826854810579741,692.6215538511325,0.0
20,3513,9.564066342409957,2,NORMAL,2.091160734771774,367.31238306266215,0.1
24,7407,1.918875490957182,1,NORMAL,12.507325312716468,3860.0732746371195,0.041666666666666664
3,8380,7.300398953196622,0,NORMAL,0.41093644597140705,1147.8824724134636,0.0
9,6866,6.625407978156374,0,NORMAL,1.3584069131550136,1036.3135406358138,0.0
33,9168,7.364768551642567,0,NORMAL,4.480792542033109,1244.8456371321076,0.0
36,9247,2.851449042260447,1,NORMAL,12.625159863092449,3242.91259038933,0.027777777777777776
47,8303,3.0111003707840034,0,NORMAL,15.608911763961745,2757.463710131369,0.0
21,8452,5.6063507525879555,2,NORMAL,3.745752081299259,1507.5760281495875,0.09523809523809523
35,2338,1.3124729809100788,2,NORMAL,26.667215637255048,1781.3700045686373,0.05714285714285714
17,6138,0.2902414844056905,0,NORMAL,58.57191653636229,21147.907276481867,0.0
46,1656,2.4681484784018037,1,NORMAL,18.637452488185115,670.948289574664,0.021739130434782608
29,7147,0.39787711227714906,2,NORMAL,72.88682637215756,17962.832692476208,0.06896551724137931
34,647,9.918492270466945,0,NORMAL,3.4279403636011847,65.23168868382254,0.0
12,8560,0.13439497508665443,1,NORMAL,89.28905260232169,63692.85752298947,0.08333333333333333
34,904,0.34229490022696174,2,NORMAL,99.32955465435211,2640.9975708098327,0.058823529411764705
32,3464,1.3500429776665055,0,NORMAL,23.702949113005797,2565.8442414828774,0.0
18,6372,5.37197660429105,0,NORMAL,3.350721964355147,1186.155575381722,0.0
21,7205,6.605241548831876,0,NORMAL,3.179293269557085,1090.8003812932761,0.0
6,4733,7.993838367717363,1,NORMAL,0.7505780982801254,592.0810231933056,0.16666666666666666
4,7970,1.067732158805066,2,NORMAL,3.7462578672131888,7464.418800422279,0.5
22,5433,5.739562533536046,2,NORMAL,3.833044743646373,946.5878223741247,0.09090909090909091
9,7556,3.6272573293837476,1,NORMAL,2.4812135403497977,2083.116612320341,0.1111111111111111
35,7842,0.9410762741698243,0,NORMAL,37.191459354211695,8333.012121592232,0.0
24,3738,9.005871691891334,2,NORMAL,2.664928040403797,415.06254229289135,0.08333333333333333
41,6474,6.631232934001466,2,NORMAL,6.1828622833883,976.2890346989233,0.04878048780487805
45,7956,7.968025926756498,0,NORMAL,5.6475719850371915,998.4907269545754,0.0
25,3812,4.46297258685258,2,NORMAL,5.601647671699176,854.1392369806903,0.08
45,2780,5.004746709142795,1,NORMAL,8.991464027099092,555.4726665630105,0.022222222222222223
1,2423,2.655498068885914,2,NORMAL,0.37657718968688214,912.4465306113153,2.0
18,7548,9.79791607615848,0,NORMAL,1.8371253499302633,770.3678967374238,0.0
28,2652,9.753530189490581,1,NORMAL,2.870755455308886,271.90155240997024,0.03571428571428571
5,1020,9.833653278794854,2,NORMAL,0.5084580326603467,103.72543866271074,0.4
28,7481,9.189268075130384,2,NORMAL,3.0470326658309745,814.1018347529114,0.07142857142857142
46,961,1.6781805286439606,0,NORMAL,27.410638614172164,572.6439936569445,0.0
25,5838,7.163396720353008,1,NORMAL,3.4899644646189603,814.9765017778195,0.04
35,7391,9.166101596747094,1,NORMAL,3.8184172006582333,806.3406151447143,0.02857142857142857
43,3629,1.7581580143191067,1,NORMAL,24.457414890920877,2064.092061375625,0.023255813953488372
43,8445,9.585429630712005,1,NORMAL,4.4859752412376706,881.0246723779564,0.023255813953488372
5,9753,4.411831536647325,1,NORMAL,1.1333161655124395,2210.6465124485644,0.2
37,2310,9.498132701300145,2,NORMAL,3.895502533349032,243.2056987036828,0.05405405405405406
13,104,5.99716449876355,0,NORMAL,2.167691081790443,17.341528654323543,0.0
49,7698,1.5065527615560326,1,NORMAL,32.524582776238574,5109.678330846624,0.02040816326530612
33,2363,5.597906110337643,1,NORMAL,5.895061358578158,422.1221209187936,0.030303030303030304
16,199,4.081815432605238,1,NORMAL,3.9198244663864985,48.752816800682076,0.0625
7,9563,4.585128148557764,2,NORMAL,1.5266748874187572,2085.655992626511,0.2857142857142857
28,8138,4.106210892393582,2,NORMAL,6.818938611231025,1981.8758006499315,0.07142857142857142
38,7052,3.5125350576209224,1,NORMAL,10.818397361630266,2007.6667945846482,0.02631578947368421
47,2303,0.7441490038501745,1,NORMAL,63.15939382680796,3094.81029751359,0.02127659574468085
24,4413,3.4652981798984923,0,NORMAL,6.925810927099793,1273.4834842204743,0.0
45,4481,7.882829075521118,1,NORMAL,5.70861039467929,568.4507373012867,0.022222222222222223
47,2206,3.882677399598053,0,NORMAL,12.105048955358894,568.1646382025898,0.0
24,7236,9.721674582540214,1,NORMAL,2.4687104877078645,744.3162120439212,0.041666666666666664
41,5811,5.10115943468716,2,NORMAL,8.037388465297873,1139.152789557218,0.04878048780487805
43,2644,0.5362869713987103,2,NORMAL,80.18095216419313,4930.196221444806,0.046511627906976744
11,6075,4.6026387240753355,0,NORMAL,2.38993339678423,1319.8950350421997,0.0
30,4985,1.896275811643434,1,NORMAL,15.820483400038775,2628.8369916397764,0.03333333333333333
37,7551,2.6098585196954667,0,NORMAL,14.177013704297417,2893.2602832743187,0.0
33,298,8.25665255920595,1,NORMAL,3.9967771155885528,36.09210849834511,0.030303030303030304
21,1467,2.865087854597667,2,NORMAL,7.329618170800891,512.026183645948,0.09523809523809523
46,4340,7.5933699584025485,0,NORMAL,6.05791634702298,571.551237958255,0.0
13,9658,4.545446743709152,2,NORMAL,2.860004908866627,2124.7636469102986,0.15384615384615385
3,391,2.8207412131125813,2,NORMAL,1.0635502420619485,138.6160482154073,0.6666666666666666
48,2837,5.792078781314649,0,NORMAL,8.287180097558215,489.8068736827637,0.0
2,8349,9.07105980375041,2,NORMAL,0.22048140385681333,920.3996204002672,1.0
13,4634,2.926082556798564,2,NORMAL,4.442800142393569,1583.6873738347538,0.15384615384615385
41,976,3.9200675623606034,2,NORMAL,10.459003409449005,248.9753006737129,0.04878048780487805
36,3916,5.8821421192525705,0,NORMAL,6.120219346990962,665.7438600782391,0.0
43,5281,0.22219079435008385,0,NORMAL,193.52736969043457,23767.861379888025,0.0
9,7247,3.7241227788596065,2,NORMAL,2.4166764992522514,1945.9616211201185,0.2222222222222222
31,9162,3.7772436955751467,1,NORMAL,8.207042621135342,2425.5782095110326,0.03225806451612903
34,3718,0.12849471905778415,1,NORMAL,264.6023140041279,28935.0412784514,0.029411764705882353
34,3904,6.565764832167288,2,NORMAL,5.178376147958526,594.5994259302967,0.058823529411764705
45,293,2.1441165687348085,0,NORMAL,20.98766487614683,136.65301797135604,0.0
33,186,6.624273815320847,1,NORMAL,4.981678131069472,28.078549466027937,0.030303030303030304
27,1415,3.087930975540046,1,NORMAL,8.743718759865734,458.2356313040746,0.037037037037037035
12,1154,9.740348894324127,0,NORMAL,1.2319887234216642,118.47624890238338,0.0
20,6180,0.44215616590949636,0,NORMAL,45.232887251183875,13976.962160615818,0.0
18,6390,7.929887890230388,0,NORMAL,2.2698933766990548,805.8121487281645,0.0
48,2368,9.593062439158562,2,NORMAL,5.003615926032713,246.84505235094716,0.041666666666666664
36,4404,9.1816717437278,1,NORMAL,3.920854611753288,479.6512141711522,0.027777777777777776
14,2368,8.55507260894315,1,NORMAL,1.636456011532261,276.794845379171,0.07142857142857142
46,6620,7.512449948881794,0,NORMAL,6.123168914669038,881.2038742415007,0.0
45,4436,9.01702162010581,0,NORMAL,4.990561395534499,491.9584522353564,0.0
13,2901,3.2253001509362464,2,NORMAL,4.030632620727201,899.4511717484315,0.15384615384615385
37,825,6.437805617163452,0,NORMAL,5.7472999652795504,128.14925598258458,0.0
30,8474,2.6292148919038465,1,NORMAL,11.410250296534961,3223.015367094575,0.03333333333333333
13,8664,7.516942294984321,1,NORMAL,1.7294266059052028,1152.5963164278983,0.07692307692307693
25,7719,1.8582791154019118,1,NORMAL,13.453307306094842,4153.843163829843,0.04
37,3571,3.528972413887984,0,NORMAL,10.484638489773825,1011.90929856709,0.0
22,7968,2.402850127653751,1,NORMAL,9.155793674689887,3316.0619999967735,0.045454545454545456
18,4122,5.459123227739121,2,NORMAL,3.297232769639209,755.0663042473789,0.1111111111111111
24,8045,4.855339064384516,2,NORMAL,4.943012152549297,1656.9388653024625,0.08333333333333333
5,9130,1.6631501505955981,0,NORMAL,3.0063431123217756,5489.582523099562,0.0
32,9322,4.559094950916023,0,NORMAL,7.018936947906841,2044.7040696371116,0.0
33,8377,5.400879093964562,0,NORMAL,6.110116413618151,1551.0437938448258,0.0
47,533,0.2586237649115222,2,NORMAL,181.7311723695584,2060.908827084567,0.0425531914893617
19,3230,8.91126176643338,0,NORMAL,2.132133529234717,362.46269996990185,0.0
17,6354,3.838332783218541,1,NORMAL,4.429006279581903,1655.4062294390242,0.058823529411764705
35,2230,3.226533512577206,2,NORMAL,10.847555081504055,691.1442237644013,0.05714285714285714
6,1880,7.059605946450968,1,NORMAL,0.8499057943901732,266.3038155755876,0.16666666666666666
8,7644,2.4929317850792962,0,NORMAL,3.209072966970708,3066.2692199405114,0.0
41,2487,8.858167025942981,1,NORMAL,4.628497055872055,280.75785799887313,0.024390243902439025
40,7226,0.855810818761408,1,NORMAL,46.739301634315545,8443.454840239103,0.025
11,1142,0.5588117277717507,0,NORMAL,19.684626240509044,2043.6221060601206,0.0
31,7875,5.878316910957112,1,NORMAL,5.273618362122732,1339.6691807005325,0.03225806451612903
16,5612,8.146741096940207,1,NORMAL,1.9639755099139407,688.8644101023147,0.0625
31,9827,0.2607892905633944,2,NORMAL,118.86991192402633,37681.76207991634,0.06451612903225806
14,7375,1.4746608303391728,1,NORMAL,9.493708459578459,5001.1499920993665,0.07142857142857142
23,591,6.0820118528511244,1,NORMAL,3.7816434029503023,97.17179352798385,0.043478260869565216
15,9022,5.332459367302188,2,NORMAL,2.8129609560604756,1691.902249705174,0.13333333333333333
31,1687,9.123059799211502,1,NORMAL,3.397982769188831,184.91603005230832,0.03225806451612903
23,5578,5.4374611458265285,0,NORMAL,4.2299152827332716,1025.8464107428779,0.0
10,6590,8.96236204935188,1,NORMAL,1.115777285601083,735.2972312111137,0.1
40,9540,5.552934001039303,2,NORMAL,7.203399138637968,1718.0106945651553,0.05
7,6269,2.8751157447521387,0,NORMAL,2.4346845906210515,2180.4339569433387,0.0
7,8431,2.859562685208526,1,NORMAL,2.447926753348841,2948.352922497725,0.14285714285714285
20,627,3.2425506320729,0,NORMAL,6.167983871146027,193.36629436042793,0.0
24,7763,4.73409071180744,1,NORMAL,5.069611349047636,1639.8080376107,0.041666666666666664
41,1265,1.4536410996424165,2,NORMAL,28.205036311979384,870.2285593818029,0.04878048780487805
11,7905,6.358229045624288,2,NORMAL,1.7300414818447227,1243.2707194529576,0.18181818181818182
1,7574,8.008112968034492,2,NORMAL,0.12487336329939905,945.7908536296485,2.0
38,6931,6.804677897739086,1,NORMAL,5.584393643764657,1018.56400907718,0.02631578947368421
27,3332,0.7491476100480986,1,NORMAL,36.04096127099235,4447.721590923945,0.037037037037037035
28,3824,7.3640611016739825,0,NORMAL,3.802249820229642,519.2786897342197,0.0
1,5573,3.672362784688061,2,NORMAL,0.27230425168491146,1517.5515946400114,2.0
29,565,0.9035776756015048,2,NORMAL,32.094639767073616,625.2921195998825,0.06896551724137931
17,7784,6.379596431027508,0,NORMAL,2.6647453618413213,1220.139876268991,0.0
8,6131,3.0220053667970115,0,NORMAL,2.647248773247252,2028.7852785973625,0.0
22,1649,1.2212535131034625,0,NORMAL,18.014277759654803,1350.2520011668532,0.0
49,5461,6.365485318944849,2,NORMAL,7.697763413917087,857.9078776204329,0.04081632653061224
5,6188,7.4650894505421075,1,NORMAL,0.669784338570371,828.9250974146912,0.2
42,8070,5.359006109874619,2,NORMAL,7.837274139809228,1505.8762454347732,0.047619047619047616
46,7302,1.8399466207300816,2,NORMAL,25.00072528286034,3968.593391640135,0.043478260869565216
39,6567,6.716013876493185,2,NORMAL,5.807015994488107,977.8121547641897,0.05128205128205128
23,6618,6.636806622453267,2,NORMAL,3.465522096453392,997.1663145360238,0.08695652173913043
2,1995,1.1695549473709401,0,NORMAL,1.7100521907891797,1705.777060312207,0.0
18,2568,0.7893437564688156,0,NORMAL,22.80375293081972,3253.33541813028,0.0
49,747,9.109957956642912,0,NORMAL,5.378729543342137,81.99818303829748,0.0
43,8943,0.5143244983539362,1,NORMAL,83.60480618290367,17387.85538822576,0.023255813953488372
26,5214,3.0553856940801625,0,NORMAL,8.509563964502169,1706.4948658043966,0.0
45,1415,9.793890991149095,0,NORMAL,4.594700925369423,144.4778179866163,0.0
35,5317,8.708930210307335,0,NORMAL,4.018863299487259,610.5227475249644,0.0
21,4525,3.168366273540692,0,NORMAL,6.628021569151541,1428.1808381147964,0.0
16,6282,3.9144126493174416,1,NORMAL,4.087458690077023,1604.8384681914913,0.0625
46,2772,0.47257975275927344,1,NORMAL,97.33806776828176,5865.676605514718,0.021739130434782608
15,5934,6.18845917382755,2,NORMAL,2.423866681295811,958.8816591206229,0.13333333333333333
9,1233,1.7608602853699844,1,NORMAL,5.111138046996704,700.2259124385483,0.1111111111111111
6,2286,9.0066690855207,2,NORMAL,0.6661730261241328,253.81192295329456,0.3333333333333333
1,2194,1.154910276405536,1,NORMAL,0.8658681288319053,1899.7146746572005,1.0
44,960,7.967164855400969,0,NORMAL,5.52266719699822,120.49455702541572,0.0
24,5469,7.269863288620885,2,NORMAL,3.301300044743052,752.283747695823,0.08333333333333333
13,2128,6.3301569728558,0,NORMAL,2.053661553061796,336.168598839654,0.0
9,8445,0.2689005598800505,1,NORMAL,33.469621647551286,31405.661645952292,0.1111111111111111
15,9874,3.0414946273507817,0,NORMAL,4.931785795415124,3246.430196261929,0.0
6,3343,1.6108518606214695,2,NORMAL,3.724737293772743,2075.29946218038,0.3333333333333333
45,8188,4.539767758645475,1,NORMAL,9.912401336897155,1803.6164921447532,0.022222222222222223
15,4012,7.023859403305673,2,NORMAL,2.1355780545579366,571.1959436590962,0.13333333333333333
43,5916,9.793863357775699,0,NORMAL,4.390504383120759,604.0517193149398,0.0
29,5606,8.80681402818263,2,NORMAL,3.2929047788675088,636.5525582872847,0.06896551724137931
13,7468,8.063325921823601,1,NORMAL,1.6122379432555445,926.1686892486466,0.07692307692307693
17,4958,1.2148210026553985,1,NORMAL,13.993831159356647,4081.2596992994268,0.058823529411764705
9,5464,1.5163935788507061,0,NORMAL,5.935134601942336,3603.2861627792136,0.0
11,7102,4.266438048388398,0,NORMAL,2.5782631495505095,1664.6204443734289,0.0
49,8066,9.785258986310701,1,NORMAL,5.007532255257588,824.3011259368918,0.02040816326530612
17,9260,6.1292784576678,0,NORMAL,2.773572797746332,1510.7814180665312,0.0
48,5280,8.317485347284894,0,NORMAL,5.7709749997538395,634.8072499729222,0.0
13,5966,8.300553260059402,2,NORMAL,1.5661606633564287,718.7472705834194,0.15384615384615385
5,3535,3.32917636895651,2,NORMAL,1.5018729697301045,1061.824189599184,0.4
15,6173,4.211058911897633,0,NORMAL,3.5620494307548256,1465.9020757366359,0.0
30,2606,3.4733567117777167,0,NORMAL,8.637177949006437,750.2828578370259,0.0
18,5347,6.783656848631203,0,NORMAL,2.653436104102467,788.2179360353274,0.0
39,4936,9.850938548778432,1,NORMAL,3.9590136317352425,501.0690073396194,0.02564102564102564
37,4436,6.7798466830459665,0,NORMAL,5.457350546366204,654.2920817210941,0.0
35,6291,5.470718113020083,0,NORMAL,6.39769757405366,1149.9404410963307,0.0
7,5825,4.159163810262593,0,NORMAL,1.683030608875693,1400.5218995287016,0.0
21,7604,7.894485486576722,1,NORMAL,2.660084692752562,963.2040001757372,0.047619047619047616
1,3682,1.428698504235106,2,NORMAL,0.6999377384631463,2577.170753021305,2.0
4,7336,1.2332065234754075,2,NORMAL,3.2435767439238394,5948.719748356321,0.5
11,5111,9.942116533388765,1,NORMAL,1.1064042513541787,514.0756480610189,0.09090909090909091
15,4487,6.869884099800815,0,NORMAL,2.1834429492682284,653.1405675577695,0.0
25,7806,1.6134490529993015,1,NORMAL,15.49475637518678,4838.08273058832,0.04
47,7543,4.555479282674782,2,NORMAL,10.317245910600127,1655.8082107161013,0.0425531914893617
15,3937,6.050565071255509,1,NORMAL,2.4791072938394922,650.6830277230721,0.06666666666666667
38,5165,5.342125576047988,0,NORMAL,7.113273445007959,966.8436143017396,0.0
27,9678,5.093640624223116,0,NORMAL,5.300727317039186,1900.0162583076014,0.0
13,8333,7.103789404062579,1,NORMAL,1.830009205025904,1173.0359004216045,0.07692307692307693
6,8447,9.34691917162175,2,NORMAL,0.6419227437225139,903.7202360373458,0.3333333333333333
4,1688,7.245757124823116,1,NORMAL,0.5520472092966611,232.96392232319099,0.25
3,5852,3.227789914642324,2,NORMAL,0.9294285189971647,1813.005231057136,0.6666666666666666
1,4283,3.2994790185222915,1,NORMAL,0.30307815094028423,1298.0837204772374,1.0
33,8451,9.554700067214288,2,NORMAL,3.453797583163831,884.4861628884101,0.06060606060606061
10,945,9.104814401547118,1,NORMAL,1.0983200270727944,103.79124255837908,0.1
46,1531,8.761006600696858,1,NORMAL,5.250538219699677,174.75160900783055,0.021739130434782608
5,1969,3.6492603217762674,2,NORMAL,1.37014067485497,539.5613977578872,0.4
20,7172,3.796509441134547,2,NORMAL,5.267996908766598,1889.1036914837023,0.1
48,1710,2.0795286131047,0,NORMAL,23.082154146625005,822.3017414735158,0.0
48,9999,4.936112313631071,2,NORMAL,9.724251992291187,2025.6832431441578,0.041666666666666664
47,2070,7.984238574639782,2,NORMAL,5.886597646178234,259.26078994870096,0.0425531914893617
26,384,8.28421602435345,0,NORMAL,3.138498552375594,46.35320938893185,0.0
9,4255,4.944841838279958,0,NORMAL,1.8200784361448075,860.492638421795,0.0
28,7149,8.63921054958812,0,NORMAL,3.241036879386499,827.5061660976457,0.0
2,9629,9.533895742548884,0,NORMAL,0.20977783416218695,1009.9753825738491,0.0
46,4107,8.619421651302364,1,NORMAL,5.336784979424874,476.4820850108252,0.021739130434782608
6,5688,6.987766725224197,2,NORMAL,0.8586434315761299,813.9939731341711,0.3333333333333333
34,8616,8.707274461316738,1,NORMAL,3.9047810139728187,989.5174475408767,0.029411764705882353
11,6426,5.081005431539924,0,NORMAL,2.1649258494624712,1264.7103189678037,0.0
6,7061,1.705280223532953,1,NORMAL,3.51848330684875,4140.668438276504,0.16666666666666666
21,4820,6.7845368111449496,0,NORMAL,3.0952739419886894,710.439066685023,0.0
28,5900,6.568439882252954,0,NORMAL,4.262808292674225,898.2346045277831,0.0
30,7963,2.030520405056687,2,NORMAL,14.774537564503065,3921.654754204597,0.06666666666666667
10,8297,6.228271294272733,0,NORMAL,1.6055819548508745,1332.1513479397704,0.0
40,2883,2.943462060098383,1,NORMAL,13.589439640564972,979.4588620937203,0.025
49,7764,4.70622879133399,0,NORMAL,10.411733507352679,1649.7285500221674,0.0
17,2435,9.71082351106452,0,NORMAL,1.7506239280973634,250.75113323041646,0.0
3,9372,1.1037324825230994,2,NORMAL,2.7180499328443157,8491.187990205643,0.6666666666666666
45,6216,3.500358521621625,0,NORMAL,12.85582597383558,1775.818094519155,0.0
10,4379,8.57242964565012,1,NORMAL,1.166530425253973,510.8236732187148,0.1
46,4717,2.5392731753464033,1,NORMAL,18.115419973955643,1857.6181742858425,0.021739130434782608
17,2072,0.2992702953206571,2,NORMAL,56.80483584842634,6923.5070516434935,0.11764705882352941
10,5736,0.9295845095453343,1,NORMAL,10.757494232440537,6170.498691727892,0.1
2,5876,2.778099485671112,2,NORMAL,0.7199166229703453,2115.1150382868746,1.0
16,589,4.352103559669197,2,NORMAL,3.6763831054645584,135.33685306991404,0.125
22,4802,3.23173812847048,1,NORMAL,6.807482266643981,1485.887720201109,0.045454545454545456
12,5629,4.659902294833337,2,NORMAL,2.5751612889620006,1207.9652412972584,0.16666666666666666
29,4632,2.1930486284010287,1,NORMAL,13.223600983779443,2112.128267478151,0.034482758620689655
29,7764,2.872250746258067,0,NORMAL,10.096611529401061,2703.1066177334424,0.0
10,9787,0.7323963947325652,1,NORMAL,13.653808336469902,13362.982218903093,0.1
43,6679,7.042836250849595,1,NORMAL,6.10549478483371,948.3395271605663,0.023255813953488372
45,6717,6.13724309867828,2,NORMAL,7.332282472188729,1094.4653636820376,0.044444444444444446
7,5723,9.402934496782809,2,NORMAL,0.7444484487683108,608.6397817572919,0.2857142857142857
47,1084,0.4158450075738803,0,NORMAL,113.02287906306013,2606.740444773557,0.0
9,5701,0.32725100285670333,2,NORMAL,27.50182557558401,17420.87862293383,0.2222222222222222
46,349,3.9580871727263776,1,NORMAL,11.62177536588075,88.17390440635613,0.021739130434782608
16,7649,5.353736349642706,0,NORMAL,2.988567040860687,1428.7218309714622,0.0
39,1631,1.263002791655718,1,NORMAL,30.878791604944457,1291.3669001965234,0.02564102564102564
21,5154,7.663519221355071,0,NORMAL,2.740255409222652,672.5369704349309,0.0
20,584,5.409666184429731,0,NORMAL,3.697085793863699,107.95490518082002,0.0
2,375,9.056032527946106,1,NORMAL,0.2208472632831407,41.40886186558888,0.5
46,3380,0.16606968867410932,0,NORMAL,276.992149303472,20352.901405342072,0.0
1,6233,6.040678295257262,0,NORMAL,0.16554432319051543,1031.8377664464826,0.0
32,6123,7.860559826355345,1,NORMAL,4.070956866546391,778.952152933236,0.03125
27,9469,0.7676049575985675,1,NORMAL,35.17434291262111,12335.772334800344,0.037037037037037035
42,6773,5.353494237894903,1,NORMAL,7.845343271820762,1265.1549995248101,0.023809523809523808
14,1906,4.919716309138723,1,NORMAL,2.8456925400340674,387.4207129503523,0.07142857142857142
34,7851,6.155954244986159,2,NORMAL,5.523107977563671,1275.3506097603643,0.058823529411764705
23,3368,6.024353714499731,2,NORMAL,3.817836914961084,559.0641186777796,0.08695652173913043
41,9457,3.4764483211882804,0,NORMAL,11.793645759125175,2720.305071806019,0.0
43,1290,1.8336309404706201,2,NORMAL,23.450738668798646,703.5221600639594,0.046511627906976744
23,2618,7.976019592012447,1,NORMAL,2.883643869560358,328.23389784821813,0.043478260869565216
2,1457,3.4688300257624154,1,NORMAL,0.576563274979269,420.0263458223974,0.5
34,6444,0.2939606563671556,1,NORMAL,115.66173657448275,21921.300896646084,0.029411764705882353
9,2305,9.145390660649504,2,NORMAL,0.9841023017994096,252.0395339608488,0.2222222222222222
25,6057,7.941068487220289,1,NORMAL,3.1481909569515705,762.7437050502265,0.04
16,6203,1.092634838435523,0,NORMAL,14.643501595564556,5677.102524830434,0.0
30,1221,4.550833634363949,2,NORMAL,6.5921987948462935,268.30249095024413,0.06666666666666667
19,8573,3.5827419519204526,1,NORMAL,5.303200804014215,2392.8600259375717,0.05263157894736842
4,3554,1.4948886222759716,2,NORMAL,2.67578463063689,2377.4346443208765,0.5
29,6765,5.100142341904488,0,NORMAL,5.6861158093032484,1326.4335672391887,0.0
17,3285,8.388284301895144,1,NORMAL,2.026636125835558,391.61762784528275,0.058823529411764705
38,2809,6.359503955891897,1,NORMAL,5.975308807661657,441.70111686109453,0.02631578947368421
41,5254,0.9996873220124649,0,NORMAL,41.01282380721117,5255.643323977743,0.0
37,692,4.803042068980305,2,NORMAL,7.703451160454893,144.07535683877802,0.05405405405405406
2,8794,2.4096976736556273,0,NORMAL,0.8299796368089213,3649.4204630488266,0.0
31,6791,3.9039380996295385,1,NORMAL,7.940699675269371,1739.5255320888482,0.03225806451612903
22,564,6.317012962080473,1,NORMAL,3.48265867619091,89.28270424416696,0.045454545454545456
32,908,2.3859250094153337,0,NORMAL,13.41198900792005,380.5651880997315,0.0
46,3592,2.0922626004092106,2,NORMAL,21.98576793897821,1716.8017051480376,0.043478260869565216
10,2561,4.816609252957812,0,NORMAL,2.0761493147610306,531.7018395102999,0.0
31,4000,8.380545054852114,1,NORMAL,3.6990434150881177,477.2959245274991,0.03225806451612903
11,865,1.6987183616707238,1,NORMAL,6.475470123947608,509.20742338315284,0.09090909090909091
15,796,8.496878429252753,0,NORMAL,1.7653541974142561,93.6814627427832,0.0
16,468,4.334899072374882,1,NORMAL,3.690974053343847,107.96099106030752,0.0625
42,2274,0.5521543610268077,0,NORMAL,76.06568554832234,4118.41354611631,0.0
4,1386,3.7249390788259413,1,NORMAL,1.073843065712837,372.08662226949804,0.25
37,9948,3.4234002008632043,2,NORMAL,10.807968051959136,2905.8828697537697,0.05405405405405406
48,9221,5.097895052322661,1,NORMAL,9.41565087302663,1808.785764587053,0.020833333333333332
1,7640,6.810257826182312,0,NORMAL,0.146837318868525,1121.837116155531,0.0
1,1230,5.502026091772598,0,NORMAL,0.18175122824214526,223.55401073783867,0.0
1,1319,2.6581307713623272,0,NORMAL,0.37620421492185907,496.2133594819321,0.0
37,4567,3.455862226869715,2,NORMAL,10.706445330002124,1321.522589787019,0.05405405405405406
18,3539,7.030768813392959,2,NORMAL,2.5601752066874504,503.3588920259382,0.1111111111111111
32,8556,3.9688136739652,2,NORMAL,8.062862766754463,2155.8079322609747,0.0625
41,6826,0.168471735200661,2,NORMAL,243.36426493836657,40517.18225534854,0.04878048780487805
35,4469,9.85314035508245,2,NORMAL,3.5521669984073947,453.5609804537899,0.05714285714285714
36,5450,3.8741747388579935,1,NORMAL,9.29230156784613,1406.7512095767056,0.027777777777777776
8,6553,6.087025245361278,1,NORMAL,1.3142708757609536,1076.5521311076911,0.125
3,9536,1.7387650045939544,0,NORMAL,1.7253625372455526,5484.352385057863,0.0
19,5125,4.724801659146093,2,NORMAL,4.021332824251049,1084.7016170677173,0.10526315789473684
1,4576,3.576773343717195,1,NORMAL,0.27958159600930726,1279.3653833385902,1.0
12,8977,1.6243269711087027,1,NORMAL,7.387675150040305,5526.596651825985,0.08333333333333333
46,2179,1.3286334421971961,0,NORMAL,34.6220398637028,1640.0309752827916,0.0
18,933,0.15729952792191107,1,NORMAL,114.43136694558818,5931.359186679654,0.05555555555555555
44,315,6.548726041753985,0,NORMAL,6.718864053780941,48.10095856684083,0.0
11,7290,0.36952567818665993,0,NORMAL,29.76789070242509,19727.99302006172,0.0
8,9804,8.731584496563805,2,NORMAL,0.916214004817601,1122.82026290397,0.25
9,286,7.034636437616056,0,NORMAL,1.2793838146168617,40.65597455338027,0.0
7,2317,0.8446906329888128,1,NORMAL,8.287057683156183,2743.0160931246965,0.14285714285714285
49,3007,9.52024680531501,0,NORMAL,5.146925389859015,315.8531560674706,0.0
5,5836,8.030752430850312,1,NORMAL,0.622606666442909,726.7065010721633,0.2
13,3228,4.863678198841335,1,NORMAL,2.6728742051842507,663.6952257180585,0.07692307692307693
34,7661,0.12872166868489077,2,NORMAL,264.13579273301394,59516.00906257705,0.058823529411764705
8,5896,0.466566423618497,0,NORMAL,17.146540331718032,12637.00022447619,0.0
39,2392,3.502384667862757,0,NORMAL,11.13527030821511,682.9632455705269,0.0
9,9342,4.425888270452619,1,NORMAL,2.0334901041411975,2110.762728098563,0.1111111111111111
28,4293,6.987926838836738,1,NORMAL,4.0069108686691814,614.3452985427427,0.03571428571428571
31,9773,8.11007493975109,0,NORMAL,3.8224061097210322,1205.044351945279,0.0
19,9620,2.2204406658966467,2,NORMAL,8.556860037657218,4332.473345382234,0.10526315789473684
10,5331,0.13506109184143314,2,NORMAL,74.04056833584895,39471.026979841066,0.2
13,2938,1.6289519184850136,2,NORMAL,7.98059160155598,1803.6137019516514,0.15384615384615385
25,7474,0.5504717034041243,2,NORMAL,45.41559510761347,13577.446313372122,0.08
34,8838,8.318407748849397,0,NORMAL,4.087320678011111,1062.4629456547707,0.0
28,768,3.6483723844357985,0,NORMAL,7.674655174852732,210.5048276531035,0.0
29,8918,6.1955918012064135,1,NORMAL,4.680747365304648,1439.4105173719604,0.034482758620689655
25,3332,5.368110695223105,1,NORMAL,4.657131981694534,620.7025505202475,0.04
41,4693,7.049436407646536,1,NORMAL,5.8160677860044565,665.7269785297296,0.024390243902439025
11,926,4.4176369718346855,2,NORMAL,2.4900190011384296,209.6143268231078,0.18181818181818182
42,9781,7.699352079730902,0,NORMAL,5.45500446856665,1270.3666358821524,0.0
41,4702,7.903384525103061,1,NORMAL,5.187650919650193,594.9349908340295,0.024390243902439025
4,3973,9.634748065854886,0,NORMAL,0.4151639433288163,412.3615867113468,0.0
29,1087,4.458942151848972,0,NORMAL,6.503784757103136,243.77979417141754,0.0
19,6317,0.8131766253900111,0,NORMAL,23.365157589087524,7768.300025803467,0.0
13,8188,1.4446285704338575,2,NORMAL,8.998852899673569,5667.8928878867055,0.15384615384615385
26,8625,4.781386752677932,2,NORMAL,5.437752966843368,1803.8699745778479,0.07692307692307693
39,2991,9.366528932367162,2,NORMAL,4.163762294613838,319.3285390561536,0.05128205128205128
29,1869,2.273036787892562,1,NORMAL,12.758262494681068,822.2480207778937,0.034482758620689655
5,5312,9.324655729093385,1,NORMAL,0.536212826002761,569.6725063453333,0.2
35,651,3.6962018325645447,1,NORMAL,9.4691798731445,176.12674564048768,0.02857142857142857
38,7780,6.167374911236768,0,NORMAL,6.161454516209995,1261.4767404240463,0.0
13,6805,4.302329065131009,0,NORMAL,3.0216191749163985,1581.7014219466223,0.0
35,9658,2.2199472111764194,2,NORMAL,15.76614066487302,4350.553901181247,0.05714285714285714
25,4581,6.819716145724939,2,NORMAL,3.665841725050638,671.7288376982789,0.08
25,5141,0.3671700187511935,0,NORMAL,68.08834796759598,14001.687876056436,0.0
39,464,5.568214676272401,1,NORMAL,7.004040301497185,83.33012051012037,0.02564102564102564
33,286,0.625548215795403,1,NORMAL,52.75372731746909,457.19897008473214,0.030303030303030304
8,808,6.654687881067105,1,NORMAL,1.2021600626470208,121.4181663273491,0.125
26,1954,5.673720436667609,0,NORMAL,4.582531037653802,344.3948325990588,0.0
49,6112,7.119813079388766,0,NORMAL,6.882203149665642,858.4495030766612,0.0
38,7244,9.133164993299287,1,NORMAL,4.16066062836699,793.1533050497492,0.02631578947368421
28,7677,0.13792273585269463,0,NORMAL,203.01221424366747,55661.59888387983,0.0
28,2174,1.7807790423745806,0,NORMAL,15.72345548421515,1220.8140079529906,0.0
15,1072,4.028826990622091,2,NORMAL,3.723168067260156,266.08241120685915,0.13333333333333333
29,1527,3.9203334976102835,1,NORMAL,7.397329849023691,389.5076786020406,0.034482758620689655
12,1202,0.26330236086542813,0,NORMAL,45.574980644146635,4565.093894522021,0.0
11,6394,1.509210381194207,2,NORMAL,7.288579602332133,4236.652543391969,0.18181818181818182
17,1565,6.450710057715282,0,NORMAL,2.635368796287377,242.60895095233795,0.0
7,540,2.9341342476044474,2,NORMAL,2.385712243983076,184.04065882155157,0.2857142857142857
14,4868,3.878244224425776,1,NORMAL,3.6098809641295553,1255.2071809559054,0.07142857142857142
37,3543,5.68074100864529,0,NORMAL,6.513234795195062,623.6862399831381,0.0
31,697,8.917447814427504,1,NORMAL,3.4763309688053594,78.16137694378502,0.03225806451612903
7,5880,7.095913533308468,0,NORMAL,0.9864832719764346,828.645948460205,0.0
19,4611,7.657330587003697,1,NORMAL,2.4812824500809065,602.1680724906873,0.05263157894736842
7,8553,4.820379409180843,2,NORMAL,1.4521678494161425,1774.3416594366095,0.2857142857142857
7,2664,6.050373527141789,1,NORMAL,1.1569533630606796,440.3033941705215,0.14285714285714285
41,226,6.8731136422605275,0,NORMAL,5.965273111142003,32.881749344343724,0.0
48,8310,8.426637674225448,2,NORMAL,5.696222129832112,986.1584562271844,0.041666666666666664
30,5916,6.52466236404031,2,NORMAL,4.5979390696659586,906.7135845381271,0.06666666666666667
37,5658,5.063069763083674,1,NORMAL,7.307819510957136,1117.503859270148,0.02702702702702703
42,4535,0.5877529040901492,2,NORMAL,71.45860055768956,7715.827464979099,0.047619047619047616
15,6170,5.516226140586744,0,NORMAL,2.71925037475068,1118.518320814113,0.0
23,615,8.260898680016698,0,NORMAL,2.7842007136145517,74.44710603795431,0.0
18,3001,1.3621827248053546,2,NORMAL,13.214086239841325,2203.0818225424346,0.1111111111111111
2,361,6.995630524413112,0,NORMAL,0.2858927430516046,51.60364012081463,0.0
47,4780,4.505148304048939,1,NORMAL,10.432508949319029,1061.008356973297,0.02127659574468085
10,8754,3.8200848121638415,0,NORMAL,2.617742927632965,2291.5721588498977,0.0
45,355,1.007331190059291,2,NORMAL,44.67249743091081,352.4163686216297,0.044444444444444446
21,7433,9.006981702520426,0,NORMAL,2.331524665374147,825.2487065583827,0.0
44,1712,9.301320048916311,1,NORMAL,4.730511343400811,184.05989590686792,0.022727272727272728
47,3295,1.0274874392909763,1,NORMAL,45.74265164003623,3206.85185433871,0.02127659574468085
37,5747,0.6879393485366845,1,NORMAL,53.783811143675216,8353.934125478418,0.02702702702702703
45,5837,4.000406150636009,0,NORMAL,11.24885781731078,1459.1018462142895,0.0
44,9089,1.554440907262452,0,NORMAL,28.305997220241085,5847.11838033571,0.0
31,2883,2.7796412652438742,2,NORMAL,11.152518271914555,1037.1841992880536,0.06451612903225806
11,7469,5.685927313173919,0,NORMAL,1.9346008828698398,1313.5939994686212,0.0
20,3074,8.31369817676464,0,NORMAL,2.405668280801505,369.7512147591913,0.0
25,6982,2.417825823024479,2,NORMAL,10.33986805911738,2887.718351550302,0.08
10,6903,0.6556800333056813,0,NORMAL,15.251341343404842,10528.000929352362,0.0
31,635,5.1113876752838285,1,NORMAL,6.064889217834296,124.23240817176703,0.03225806451612903
35,7181,2.146469661560892,1,NORMAL,16.30584425523552,3345.493359909893,0.02857142857142857
21,3805,5.577832511906352,0,NORMAL,3.764903294455998,682.1646207335749,0.0
37,3954,6.93300937296476,2,NORMAL,5.3367878232332036,570.3151095422727,0.05405405405405406
46,1100,5.417439523037261,1,NORMAL,8.491096172719308,203.04795195633127,0.021739130434782608
24,7489,3.841902767682774,1,NORMAL,6.246904581209766,1949.2945170283308,0.041666666666666664
4,4562,1.9913345304723253,2,NORMAL,2.0087031780899407,2290.9259746115777,0.5
29,646,7.015235214335975,0,NORMAL,4.133859965341872,92.08529440037412,0.0
36,6527,4.88542386463413,1,NORMAL,7.368859079067041,1336.0150891408493,0.027777777777777776
14,6833,2.519151677652191,2,NORMAL,5.557426384523132,2712.4210346747545,0.14285714285714285
30,6849,0.13334363473605715,2,NORMAL,224.9826177258671,51363.531626815464,0.06666666666666667
23,3992,8.373395597137574,2,NORMAL,2.7467948615568214,476.74804727542744,0.08695652173913043
40,7159,9.405011034863888,1,NORMAL,4.2530518945402696,761.1899628253448,0.025
43,4043,9.551739498724903,2,NORMAL,4.501797814496536,423.2736875351045,0.046511627906976744
5,4453,0.4388091506154467,0,NORMAL,11.394475235959204,10147.919645145268,0.0
7,5726,1.4539295482017887,0,NORMAL,4.814538647115025,3938.292613340091,0.0
39,9028,3.6804092247362403,2,NORMAL,10.596647714574448,2452.9880914661057,0.05128205128205128
18,5357,2.8900870443101225,2,NORMAL,6.228186114822257,1853.577389839046,0.1111111111111111
24,9400,8.009115072454804,2,NORMAL,2.996585737985154,1173.6627473775186,0.08333333333333333
14,3671,3.0122520381270785,0,NORMAL,4.647685460179736,1218.6895231657008,0.0
33,8590,5.891064980254301,1,NORMAL,5.601703615663646,1458.1404260166883,0.030303030303030304
38,476,0.3863228073715006,0,NORMAL,98.36333572575735,1232.1302054068553,0.0
48,1943,4.467135907954956,1,NORMAL,10.745139836583633,434.9543063017083,0.020833333333333332
11,8452,6.11823021228169,1,NORMAL,1.7979055410367988,1381.445239349366,0.09090909090909091
44,3047,4.20459577675915,2,NORMAL,10.464739617351434,724.6832185015868,0.045454545454545456
47,2319,7.259402544012406,1,NORMAL,6.474362003628777,319.44777630670495,0.02127659574468085
36,3163,9.214077814784048,0,NORMAL,3.9070648982622838,343.2790631445445,0.0
11,8720,3.704750468338044,1,NORMAL,2.9691608366094937,2353.7347722940713,0.09090909090909091
4,6049,4.741537661865309,1,NORMAL,0.8436081889996861,1275.7464838147755,0.25
13,1569,5.46085268523713,2,NORMAL,2.380580606970813,287.3177671028619,0.15384615384615385
19,6055,6.306558931546457,0,NORMAL,3.0127364552099625,960.111538752438,0.0
29,6135,8.888892750226908,1,NORMAL,3.2624985827688957,690.1872001823164,0.034482758620689655
8,1375,0.20510408510426476,1,NORMAL,39.004586358839205,6703.913280425488,0.125
19,7263,2.3636265945438835,1,NORMAL,8.03849476218408,3072.8203925127877,0.05263157894736842
4,2729,7.089135316413822,0,NORMAL,0.5642437083601161,384.9552700286892,0.0
12,5567,2.487071631720254,0,NORMAL,4.824951499969407,2238.3754166941408,0.0
44,7937,0.26702423758627025,1,NORMAL,164.7790492643368,29723.893500250935,0.022727272727272728
36,6580,6.825376915174116,0,NORMAL,5.274433990592538,964.0493238360805,0.0
23,6376,4.252015882017667,2,NORMAL,5.409198986595985,1499.524032110261,0.08695652173913043
44,9712,7.389131432889611,0,NORMAL,5.95469175228803,1314.3628704141215,0.0
1,3402,4.695708667674816,2,NORMAL,0.21296040081957898,724.4912835882077,2.0
23,3739,8.976272983963414,0,NORMAL,2.5623106651380496,416.54259030222465,0.0
20,8035,7.196189937769247,1,NORMAL,2.7792484874572136,1116.5630798359357,0.05
8,5118,8.852945810830875,2,NORMAL,0.9036540120027208,578.1126541787406,0.25
20,1247,3.0683624209254923,0,NORMAL,6.518134840788305,406.4057073231508,0.0
19,3153,5.6291083204429215,0,NORMAL,3.375312557230201,560.1242364708855,0.0
32,7645,6.839583010984505,1,NORMAL,4.678647798938528,1117.7582007151575,0.03125
24,4218,5.366835513044522,0,NORMAL,4.471908993980919,785.9380056921465,0.0
31,2289,9.583571335077098,1,NORMAL,3.234702274979269,238.84624217508215,0.03225806451612903
9,4662,8.284581651567226,1,NORMAL,1.0863553983196528,562.73209632958,0.1111111111111111
24,6172,9.876908793526479,2,NORMAL,2.4299100560420355,624.8918694121435,0.08333333333333333
35,5117,5.943071172727186,0,NORMAL,5.889210979100394,861.0026451444777,0.0
39,7945,8.339397016470272,0,NORMAL,4.6765971116347105,952.7067705625071,0.0
36,5396,3.9993224167887966,2,NORMAL,9.001524820523404,1349.228553654008,0.05555555555555555
30,2912,1.96578625342631,1,NORMAL,15.261069176626323,1481.3411147445283,0.03333333333333333
3,3253,2.6933514743763314,0,NORMAL,1.1138538837359413,1207.7888945976722,0.0
44,1236,5.982041200639233,2,NORMAL,7.3553488724380935,206.61843650757916,0.045454545454545456
7,8639,8.280938462775492,2,NORMAL,0.8453148192643175,1043.2392462320627,0.2857142857142857
8,7016,8.904959426454178,0,NORMAL,0.8983757945302038,787.8755718029887,0.0
38,3185,4.024083538168147,2,NORMAL,9.443143920739393,791.4845628303939,0.05263157894736842
47,6299,0.6625387340672473,1,NORMAL,70.939248655656,9507.368665573982,0.02127659574468085
2,4512,6.598721099900769,1,NORMAL,0.3030890334234729,683.7688594033549,0.5
19,6205,4.82524961336794,0,NORMAL,3.93762012795403,1285.9438365239344,0.0
30,6697,2.3297912542143813,0,NORMAL,12.87669010935324,2874.506455411288,0.0
36,6670,9.491891768144722,2,NORMAL,3.7927107555964614,702.7050205507888,0.05555555555555555
33,7694,2.7506627937170633,2,NORMAL,11.99710850613062,2797.144025641485,0.06060606060606061
2,8294,9.258341620751347,2,NORMAL,0.2160214087928301,895.8407822638665,1.0
23,3408,4.881350935377702,1,NORMAL,4.711810378825046,698.1673813493807,0.043478260869565216
27,2370,8.750403988069339,0,NORMAL,3.085571824662371,270.8446379425859,0.0
21,1343,8.97565009592043,2,NORMAL,2.33966339770139,149.62704491014125,0.09523809523809523
27,5555,5.67879901355925,0,NORMAL,4.754526429889874,978.1997895569722,0.0
19,2712,0.9834968380208259,1,NORMAL,19.318821642818204,2757.5075944906825,0.05263157894736842
30,7993,9.823708327348777,0,NORMAL,3.0538365961539498,813.6438637686173,0.0
46,3399,2.0141733378254134,2,NORMAL,22.838153567092466,1687.5409559684192,0.043478260869565216
41,8051,4.316089966871938,1,NORMAL,9.499338594583218,1865.3457323168166,0.024390243902439025
38,611,2.382898546345324,2,NORMAL,15.946965118712667,256.41041282982735,0.05263157894736842
36,2652,7.454854818223591,0,NORMAL,4.829067886338583,355.741334293609,0.0
49,5091,1.3374520302903545,2,NORMAL,36.636828005982636,3806.491660784849,0.04081632653061224
18,7584,4.405831342519454,1,NORMAL,4.085494564053554,1721.3550429878974,0.05555555555555555
4,1259,0.7257958065001839,2,NORMAL,5.511191941557445,1734.6476636052057,0.5
14,4371,9.67008439265942,0,NORMAL,1.4477639937276479,452.0126011845392,0.0
11,7332,1.862745762564721,2,NORMAL,5.905261051220781,3936.1249115955243,0.18181818181818182
4,3981,2.1791810506908345,0,NORMAL,1.8355519376106622,1826.8330659070116,0.0
28,2380,0.8072885246823347,2,NORMAL,34.684005958115044,2948.1405064397786,0.07142857142857142
13,4498,6.703874897254851,0,NORMAL,1.9391769982645903,670.9552413995482,0.0
32,7251,7.056633603662374,1,NORMAL,4.534740188776712,1027.543784650623,0.03125
35,737,2.958716085559387,2,NORMAL,11.829455408318692,249.0945324551679,0.05714285714285714
29,8779,3.053001989346942,1,NORMAL,9.498847397149355,2875.5303896404894,0.034482758620689655
46,4884,8.296367142988828,2,NORMAL,5.544595508755192,588.6914014078338,0.043478260869565216
28,3607,7.223052623682254,1,NORMAL,3.876477364735829,499.37335195007626,0.03571428571428571
46,4583,7.4371655139788375,1,NORMAL,6.185152113871712,616.2293943016099,0.021739130434782608
11,281,4.722054328736808,0,NORMAL,2.329494587357405,59.507998095220984,0.0
23,7990,7.440946660869363,0,NORMAL,3.091004552008547,1073.788103067317,0.0
42,6478,6.2670061544485804,2,NORMAL,6.701764600978836,1033.667406789069,0.047619047619047616
38,3606,1.40615149538006,2,NORMAL,27.02411520014009,2564.446300308031,0.05263157894736842
15,9907,0.4421440176950483,1,NORMAL,33.92559754216932,22406.72632335143,0.06666666666666667
36,3359,9.129725610003408,2,NORMAL,3.9431634134277735,367.9190529362192,0.05555555555555555
34,6473,6.729470020251731,2,NORMAL,5.05240381451735,961.8885262167886,0.058823529411764705
12,1848,6.301825037050415,0,NORMAL,1.9042102770940512,293.24838267248384,0.0
16,9036,3.9094276813579443,0,NORMAL,4.092670667958841,2311.3357597297554,0.0
34,2109,2.119973582302494,1,NORMAL,16.037935700629227,994.823717430207,0.029411764705882353
24,884,7.930485690135575,0,NORMAL,3.0262963628889303,111.46858269974227,0.0
10,2948,8.334341157640795,0,NORMAL,1.1998548908490692,353.7172218223056,0.0
21,2838,6.886990781655757,1,NORMAL,3.049227255528752,412.08128339002855,0.047619047619047616
48,534,9.785168506468468,1,NORMAL,4.905383077283717,54.57238673478135,0.020833333333333332
28,2341,5.0019288721304695,0,NORMAL,5.597840496295176,468.0194500652503,0.0
22,7110,4.6825736094587285,1,NORMAL,4.698271043846557,1518.395778261319,0.045454545454545456
37,7723,5.0211493026903815,2,NORMAL,7.368830873078208,1538.0940765617026,0.05405405405405406
17,6025,2.682503375717548,0,NORMAL,6.337363879533847,2246.0363161289074,0.0
43,9304,1.9855952078675039,0,NORMAL,21.655974908491686,4685.748617409457,0.0
14,8785,9.336165015943243,0,NORMAL,1.4995450461824946,940.9645164795154,0.0
2,4025,8.50091820350125,1,NORMAL,0.2352687029944913,473.4782647764137,0.5
10,9833,4.959910532310129,1,NORMAL,2.0161653995283655,1982.4954373562418,0.1
20,3579,9.356342432743027,0,NORMAL,2.137587432671224,382.5212710765155,0.0
8,6459,3.6197168639563935,1,NORMAL,2.2101176143528267,1784.3937088881135,0.125
7,9368,3.6307388873736683,1,NORMAL,1.9279822144036143,2580.1910549332943,0.14285714285714285
2,7090,6.113105982990219,0,NORMAL,0.3271659293270918,1159.8032194645405,0.0
7,1050,9.600499060371462,2,NORMAL,0.7291287625759276,109.36931438638915,0.2857142857142857
14,5324,8.889054063033496,0,NORMAL,1.5749707337500805,598.9388704632449,0.0
15,8991,2.863689840485312,1,NORMAL,5.237997421347116,3139.6556543554616,0.06666666666666667
16,4155,7.513744110471617,0,NORMAL,2.129431048590198,552.986625430767,0.0
33,5002,6.908109498319999,2,NORMAL,4.7769943438252325,724.0765366004185,0.06060606060606061
40,7526,9.819363975436305,0,NORMAL,4.073583594626115,766.4447533289035,0.0
4,1398,0.6395398335103076,1,NORMAL,6.254497046798151,2185.9467178559535,0.25
12,3935,4.9337418676939775,2,NORMAL,2.432231016903359,797.5690876262264,0.16666666666666666
40,1243,1.0880877447817636,2,NORMAL,36.76174112963909,1142.3711056035347,0.05
33,7548,5.741004852827146,0,NORMAL,5.74812264507131,1314.7524159090378,0.0
4,2305,4.9125628801929455,2,NORMAL,0.8142389415772519,469.2051900838914,0.5
12,7433,2.6438144607550447,1,NORMAL,4.538896423379472,2811.468092914968,0.08333333333333333
44,1632,2.2155109020259323,0,NORMAL,19.859979005187935,736.6246758287889,0.0
37,7054,2.5857506460839725,1,NORMAL,14.309191049042251,2728.0279367552444,0.02702702702702703
25,7236,6.078336510399114,1,NORMAL,4.11296741423065,1190.4572883749195,0.04
22,5254,9.977583552124885,1,NORMAL,2.20494269830642,526.580406222815,0.045454545454545456
8,7699,3.409551142807516,1,NORMAL,2.346349904994411,2258.068489818996,0.125
27,1300,7.093944167946826,1,NORMAL,3.8060632224872037,183.25489589753204,0.037037037037037035
41,1219,4.60717332153044,1,NORMAL,8.899165961132185,264.5873977224423,0.024390243902439025
5,1948,1.0949068397916635,0,NORMAL,4.56659856189353,1779.1467997137192,0.0
7,795,4.631251576617587,2,NORMAL,1.5114704706049282,171.65986059013113,0.2857142857142857
31,7243,3.2027731524419347,1,NORMAL,9.679111983427312,2261.4776805149686,0.03225806451612903
24,420,0.6188437766619966,0,NORMAL,38.782001055992595,678.6850184798705,0.0
13,9889,6.956077870165811,1,NORMAL,1.8688692453769384,1421.6344590409649,0.07692307692307693
43,9685,1.397308442141314,0,NORMAL,30.773448941669873,6931.182627908668,0.0
48,3883,5.275028376822228,1,NORMAL,9.099477115783037,736.1097841788652,0.020833333333333332
48,7530,6.296816758068891,0,NORMAL,7.622899290898319,1195.8423262596739,0.0
21,1737,0.10420389318584085,0,NORMAL,201.527979022318,16669.24283627459,0.0
43,6927,2.114374336884105,0,NORMAL,20.336985390849907,3276.1464605213328,0.0
12,5218,4.353058737971743,2,NORMAL,2.7566823060125443,1198.6973560644547,0.16666666666666666
18,5675,6.970500524624301,0,NORMAL,2.5823109741420143,814.1452654586628,0.0
38,3869,8.203420582724416,1,NORMAL,4.632214040082768,471.6325295021113,0.02631578947368421
30,3699,2.8362277352502043,0,NORMAL,10.577429882355156,1304.1971044943907,0.0
45,6201,6.415644922832748,2,NORMAL,7.014103888425734,966.5435158250662,0.044444444444444446
5,6136,5.476450751689169,2,NORMAL,0.91300008467305,1120.433703910767,0.4
25,2609,6.02303982576618,2,NORMAL,4.150727991711361,433.16997321499764,0.08
23,7836,0.9349221704353127,1,NORMAL,24.600978271047826,8381.446336170902,0.043478260869565216
36,6776,4.0873766036992745,1,NORMAL,8.807605339673925,1657.7870494897365,0.027777777777777776
41,6863,6.845134756827882,0,NORMAL,5.989655639591804,1002.6099184028916,0.0
8,9744,8.602556767350471,2,NORMAL,0.9299560835637409,1132.6865097806365,0.25
18,3385,3.4543333335381217,1,NORMAL,5.210846279725817,979.9285920484383,0.05555555555555555
3,297,7.121254079672048,1,NORMAL,0.42127411358115135,41.706137244533984,0.3333333333333333
44,7250,3.2137428606616387,0,NORMAL,13.691201165653114,2255.936555704206,0.0
25,4000,1.2668128281589337,2,NORMAL,19.734564920954142,3157.5303873526627,0.08
32,6949,1.7431760756255308,1,NORMAL,18.35729645871657,3986.4016591131694,0.03125
8,5663,3.1123125369282816,1,NORMAL,2.57043593953956,1819.5473407015663,0.125
9,9320,5.656175286297399,1,NORMAL,1.5911812389908284,1647.7565719327247,0.1111111111111111
45,3030,6.9712890265403,0,NORMAL,6.455047241432841,434.63984758981127,0.0
22,5860,2.0544779198458474,2,NORMAL,10.708316593468531,2852.3061471693454,0.09090909090909091
39,2268,3.397026207758968,0,NORMAL,11.480629708102386,667.6427737942619,0.0
36,8240,0.7937317740194894,0,NORMAL,45.355372152603344,10381.340737151433,0.0
19,7649,4.234001047057898,2,NORMAL,4.487481176510957,1806.5654483753847,0.10526315789473684
42,5260,9.378378638551277,0,NORMAL,4.4783860429085784,560.864537754741,0.0
14,6443,2.543444266642344,0,NORMAL,5.50434707125771,2533.179155722388,0.0
14,2042,9.938073386460331,0,NORMAL,1.408723749119588,205.47242112158565,0.0
36,2062,9.578219841605708,2,NORMAL,3.7585272206453033,215.28008691585043,0.05555555555555555
32,3144,4.091556959334694,0,NORMAL,7.820983629958642,768.4116416434366,0.0
29,3644,0.7231840344534349,0,NORMAL,40.10044278966626,5038.82805260496,0.0
19,5154,4.286820891368784,0,NORMAL,4.432188906761927,1202.2895592342618,0.0
30,4912,7.760675699463745,0,NORMAL,3.8656427818615033,632.9345781501236,0.0
1,7475,7.106112459435545,2,NORMAL,0.14072391982372767,1051.9113006823645,2.0
33,1990,8.526341288053535,1,NORMAL,3.8703587957752883,233.3943637452371,0.030303030303030304
3,1424,1.0013512895054557,1,NORMAL,2.995951602041308,1422.0783604356077,0.3333333333333333
43,7850,1.1763039444373493,2,NORMAL,36.555177939633445,6673.445275026106,0.046511627906976744
25,6628,0.734656708505296,2,NORMAL,34.02949937102464,9021.900873246052,0.08
16,6185,5.548283358488755,2,NORMAL,2.883774848218655,1114.759214764524,0.125
40,7306,3.0555074968913076,1,NORMAL,13.091114991763643,2391.0921532456296,0.025
43,4979,0.8227451822720686,1,NORMAL,52.26405565967883,6051.691468128858,0.023255813953488372
7,1167,2.9536504982241105,2,NORMAL,2.3699486463306227,395.10429575254807,0.2857142857142857
33,9663,2.6305840566097953,0,NORMAL,12.544742646440747,3673.328733107786,0.0
12,9801,8.1153468798932,2,NORMAL,1.478679861452567,1207.711776841384,0.16666666666666666
38,4959,1.5521937412963478,2,NORMAL,24.481479978307018,3194.8331371690656,0.05263157894736842
49,4212,5.69307192197554,2,NORMAL,8.606952568236064,739.8466166818429,0.04081632653061224
28,5420,3.40569021149378,0,NORMAL,8.22153462622745,1591.4542026483134,0.0
32,445,9.838975102546442,0,NORMAL,3.252371275105476,45.22828804443552,0.0
48,3348,3.270668927948765,2,NORMAL,14.675896905928571,1023.6438091885179,0.041666666666666664
44,4397,1.0073889031950547,0,NORMAL,43.677272859020704,4364.749290025319,0.0
3,7967,2.9910384074156386,0,NORMAL,1.0029961476128635,2663.623436010561,0.0
23,2555,2.3981190091064857,0,NORMAL,9.590850125728148,1065.4183509232791,0.0
21,3275,3.794225355224207,0,NORMAL,5.534726600012159,863.1537911923724,0.0
48,7401,2.0584852205781106,2,NORMAL,23.31811738075999,3595.362223645931,0.041666666666666664
41,2807,5.792391327603264,1,NORMAL,7.0782510505837495,484.60123656069715,0.024390243902439025
41,7556,2.9251696365428077,0,NORMAL,14.016281137273454,2583.0980554448347,0.0
38,2738,4.108525782368317,2,NORMAL,9.249059641557196,666.4190868048315,0.05263157894736842
39,9162,2.3511653610631833,0,NORMAL,16.587518957987893,3896.7909921303863,0.0
17,2542,2.86918025899777,1,NORMAL,5.925037280835833,885.9673392873347,0.058823529411764705
15,2319,1.0210883766181955,0,NORMAL,14.690207374291546,2271.1060600654732,0.0
20,9119,7.278710971064156,1,NORMAL,2.7477392740978663,1252.831722024922,0.05
27,5223,4.68633388578675,0,NORMAL,5.761433277703215,1114.517259609033,0.0
4,4590,6.6364648516323825,2,NORMAL,0.6027305334128475,691.6332870912426,0.5
31,6502,7.198772825095681,2,NORMAL,4.306289523671414,903.2094994487592,0.06451612903225806
39,1068,9.267252300595548,2,NORMAL,4.208367133534685,115.24451534910368,0.05128205128205128
42,3329,1.9393383265121027,0,NORMAL,21.656871019270238,1716.5648481702528,0.0
31,9919,9.32610930967425,1,NORMAL,3.324001356904833,1063.5732083593239,0.03225806451612903
13,2319,7.8773772722633435,1,NORMAL,1.6502954664585736,294.3873220551871,0.07692307692307693
34,4328,5.688113555831502,0,NORMAL,5.977377150838157,760.8849502596336,0.0
16,8571,0.5904565695496948,1,NORMAL,27.097674621864606,14515.885574000096,0.0625
39,5246,8.65777326303219,1,NORMAL,4.504622472215347,605.9294740831208,0.02564102564102564
35,4675,0.11291547419521368,1,NORMAL,309.9663730720408,41402.651260336876,0.02857142857142857
45,8827,1.5369233622133889,2,NORMAL,29.279273844333773,5743.292227198538,0.044444444444444446
43,2107,2.393862369697438,2,NORMAL,17.962603257527626,880.1675596188537,0.046511627906976744
5,8399,8.71650011999238,1,NORMAL,0.5736247268019736,963.5748160819554,0.2
38,3275,4.13893455915373,2,NORMAL,9.181106745444579,791.2664366139736,0.05263157894736842
45,9059,6.490151301166933,2,NORMAL,6.933582579486086,1395.8072130569878,0.044444444444444446
47,6964,6.753525410386485,2,NORMAL,6.959328223999431,1031.1651436581285,0.0425531914893617
13,8960,0.538412167082816,2,NORMAL,24.145070997254045,16641.52585656894,0.15384615384615385
14,4899,9.01680870408139,2,NORMAL,1.552655763192914,543.3186131344347,0.14285714285714285
37,3898,2.7270021315492294,2,NORMAL,13.568012863627663,1429.4084903356927,0.05405405405405406
29,5715,2.9679968916525667,2,NORMAL,9.770899720805616,1925.5411001518653,0.06896551724137931
42,6764,3.6036748822723674,1,NORMAL,11.654769470634399,1876.9728737945495,0.023809523809523808
13,9829,6.009731911907282,1,NORMAL,2.163158056059484,1635.5138871545128,0.07692307692307693
12,5196,3.4564101885485763,0,NORMAL,3.4718101571848066,1503.2937980610213,0.0
29,7728,5.954769850160838,1,NORMAL,4.870045481139243,1297.7831544222095,0.034482758620689655
24,4017,3.5058712213653127,2,NORMAL,6.845659319640821,1145.7922286248825,0.08333333333333333
3,9311,4.114207026939576,0,NORMAL,0.7291806125350969,2263.1335611047625,0.0
19,4572,3.1580933749157194,2,NORMAL,6.016288229763648,1447.7089361304947,0.10526315789473684
2,2171,6.398793981539741,0,NORMAL,0.3125588987190271,339.2826845595039,0.0
42,6482,9.762300135336067,2,NORMAL,4.302264775488195,663.982863683678,0.047619047619047616
42,9267,2.9699702561526293,1,NORMAL,14.141555765749589,3120.2332686000345,0.023809523809523808
5,2648,1.4213492916316703,1,NORMAL,3.5177841431645107,1863.018482219925,0.2
18,7232,1.80494178120862,0,NORMAL,9.972620827662869,4006.7774347587706,0.0
25,7035,4.778954038662607,1,NORMAL,5.231270231466018,1472.0794431345375,0.04
26,9625,7.944299462389545,2,NORMAL,3.272786999419018,1211.5605719003097,0.07692307692307693
14,332,5.240136097788338,2,NORMAL,2.6716863338547383,63.357133059983795,0.14285714285714285
38,9007,0.18448055711738304,2,NORMAL,205.98376649427072,48823.57328457622,0.05263157894736842
9,7389,7.062615907780956,2,NORMAL,1.2743153694772793,1046.2129183408463,0.2222222222222222
11,741,0.405293169227405,0,NORMAL,27.140847256243877,1828.3061651706103,0.0
32,943,4.206863574374652,0,NORMAL,7.606617004393061,224.15749484820802,0.0
14,3632,4.535672568445004,0,NORMAL,3.0866425626485903,800.7632705385486,0.0
15,8980,2.007168781026692,1,NORMAL,7.47321308591065,4473.963567431842,0.06666666666666667
6,548,4.854571791522215,1,NORMAL,1.2359483508881473,112.88328271445079,0.16666666666666666
35,7045,9.690352938490518,1,NORMAL,3.611839550340672,727.0117037757152,0.02857142857142857
24,9551,4.5693966087736415,0,NORMAL,5.252334619830964,2090.210331416897,0.0
22,3296,0.5309007604579663,1,NORMAL,41.43900638044355,6208.316592270088,0.045454545454545456
37,9325,7.57551414910932,0,NORMAL,4.884156939281834,1230.9395529406243,0.0
38,8661,3.8216375101691518,1,NORMAL,9.9433815737061,2266.30599499654,0.02631578947368421
38,7962,2.4608837567978066,2,NORMAL,15.441607062922392,3235.423037762844,0.05263157894736842
23,9741,8.510036161205917,0,NORMAL,2.702691218263963,1144.648485091707,0.0
3,2685,4.408566389957992,2,NORMAL,0.6804933247310326,609.0415256342742,0.6666666666666666
24,1349,9.848829055737276,2,NORMAL,2.4368379087683714,136.97059745535554,0.08333333333333333
29,2068,9.288206214401562,1,NORMAL,3.1222390341673165,222.64794216062106,0.034482758620689655
26,2134,1.9113420891908142,2,NORMAL,13.60300709487717,1116.4929669410724,0.07692307692307693
9,8247,7.739527797100496,2,NORMAL,1.1628616416846158,1065.5688843303362,0.2222222222222222
31,8342,4.537092468057026,0,NORMAL,6.832569584651975,1838.6224346827992,0.0
39,2261,0.10859350642599638,1,NORMAL,359.13749618700706,20820.766125098024,0.02564102564102564
20,947,4.984173151371655,0,NORMAL,4.012701684430036,190.0014247577622,0.0
2,9379,9.368228318080053,1,NORMAL,0.2134875381015356,1001.1498099271512,0.5
27,7902,8.274741945003228,1,NORMAL,3.262941633642627,954.9542514460754,0.037037037037037035
3,6543,4.080621162490304,0,NORMAL,0.7351821893138379,1603.4323548934806,0.0
2,6935,7.159545688491628,2,NORMAL,0.2793473338978524,968.6368802908031,1.0
30,5751,0.32584632221613563,0,NORMAL,92.06794109555987,17649.424308018828,0.0
29,9651,2.6930483594298473,2,NORMAL,10.768466113300569,3583.671257222889,0.06896551724137931
46,8815,1.908667761359908,0,NORMAL,24.100579960142163,4618.404616275069,0.0
30,6861,6.851131401276243,1,NORMAL,4.378838799444357,1001.4404334329245,0.03333333333333333
48,2767,0.9369799551996806,0,NORMAL,51.2284171434283,2953.104796580544,0.0
8,7140,9.667278216856271,2,NORMAL,0.8275338539497978,738.5739646501946,0.25
13,1192,0.8019368755055895,1,NORMAL,16.210752238826796,1486.4012822062723,0.07692307692307693
38,9181,7.216404924258833,1,NORMAL,5.265779899941358,1272.2401384568843,0.02631578947368421
18,2744,1.0823706189498836,1,NORMAL,16.63016316671974,2535.1759849710534,0.05555555555555555
6,6954,0.6768297142260409,1,NORMAL,8.864859024194939,10274.371609041935,0.16666666666666666
43,7367,6.173742816715529,2,NORMAL,6.964980770429352,1193.2793799012334,0.046511627906976744
7,2048,7.16921295753781,2,NORMAL,0.9763972756089081,285.66594577814914,0.2857142857142857
21,2863,2.685438063607208,0,NORMAL,7.819953207854589,1066.120287337509,0.0
34,6696,9.63459230861521,2,NORMAL,3.528950568006635,694.9956765697773,0.058823529411764705
45,3427,3.182562316462903,2,NORMAL,14.139550313664545,1076.8053094428533,0.044444444444444446
22,3447,1.385586034147155,2,NORMAL,15.877758188823883,2487.7560216761785,0.09090909090909091
8,1519,4.624261449666794,2,NORMAL,1.7300059884322605,328.48488705357545,0.25
43,3681,8.102104790069115,2,NORMAL,5.307262879727971,454.326387448341,0.046511627906976744
6,8846,2.172899873370891,1,NORMAL,2.7612869205482546,4071.0573498616436,0.16666666666666666
10,7444,1.9872632025383135,2,NORMAL,5.032046075842943,3745.8550988574866,0.2
45,9146,4.987490055595316,1,NORMAL,9.022574380778131,1833.7881174799288,0.022222222222222223
14,8623,8.777814786089559,1,NORMAL,1.5949299844177824,982.3629468310384,0.07142857142857142
47,5801,6.722182960039329,0,NORMAL,6.991776373745862,862.963717959569,0.0
37,5312,9.507556555518278,0,NORMAL,3.8916413259224676,558.7134790081121,0.0
20,6193,3.29203921042977,1,NORMAL,6.075261782009283,1881.2048107991748,0.05
48,6442,9.996673024694283,2,NORMAL,4.80159747962427,644.4143950779072,0.041666666666666664
39,7034,0.8881559187834348,0,NORMAL,43.91120880376595,7919.780582709993,0.0
2,4566,9.715619340899778,1,NORMAL,0.20585409224305581,469.9648925908964,0.5
40,1030,6.143851394292666,1,NORMAL,6.510574138749193,167.6472840727917,0.025
22,6688,1.877636449461911,2,NORMAL,11.716858184290528,3561.9248880243204,0.09090909090909091
28,8078,7.215542063609657,2,NORMAL,3.88051233755717,1119.5278093852437,0.07142857142857142
23,2953,0.6164779748301769,2,NORMAL,37.308713269660416,4790.114360230748,0.08695652173913043
37,5302,4.036129576505871,0,NORMAL,9.167198252349314,1313.6347333501637,0.0
40,4555,4.218732218748006,0,NORMAL,9.481521444343015,1079.7082544745608,0.0
33,6378,5.781139056182055,2,NORMAL,5.708217650414667,1103.2427931619623,0.06060606060606061
15,6942,9.21602594858588,0,NORMAL,1.6275995839944029,753.2530874726096,0.0
19,6369,3.6408468705050776,1,NORMAL,5.218566085248243,1749.3182840497927,0.05263157894736842
1,4816,6.4619546945260975,2,NORMAL,0.15475193610489052,745.2853242811527,2.0
49,1761,6.079614143931635,0,NORMAL,8.059722021817674,289.6565404167535,0.0
4,7685,1.0189627257065437,2,NORMAL,3.925560669774667,7541.9834368045795,0.5
29,9017,5.6851397356857,0,NORMAL,5.101017978145128,1586.0647968598146,0.0
3,2119,4.967285392512427,2,NORMAL,0.6039516079591746,426.59115242183026,0.6666666666666666
18,6056,5.498903232299123,1,NORMAL,3.273380024997111,1101.3105239656948,0.05555555555555555
11,5345,4.642691094386867,0,NORMAL,2.36931550610793,1151.2719436497168,0.0
27,7014,7.516665997721946,1,NORMAL,3.5920180580303573,933.126468852775,0.037037037037037035
47,9971,8.082247675328109,2,NORMAL,5.81521402065818,1233.6914680847385,0.0425531914893617
2,1441,0.7062064617865829,1,NORMAL,2.8320329934964605,2040.4797718141997,0.5
7,9328,7.786682025825863,0,NORMAL,0.8989708295244756,1197.9428425434726,0.0
3,1755,7.084766582906042,1,NORMAL,0.4234437316874108,247.7145830371353,0.3333333333333333
1,2844,8.566968259105623,0,NORMAL,0.11672740808128058,331.972748583162,0.0
37,2977,6.908388485905809,1,NORMAL,5.355807664187643,430.92538962936794,0.02702702702702703
29,6585,1.8695907465174937,2,NORMAL,15.511416096821513,3522.161206812747,0.06896551724137931
30,3591,7.189339789678515,2,NORMAL,4.172844917285723,499.48953659910103,0.06666666666666667
10,1977,9.768244690269732,1,NORMAL,1.0237253792343186,202.39050747462477,0.1
44,6797,7.1629488334093665,1,NORMAL,6.142721527588689,948.9108687050073,0.022727272727272728
6,7064,3.7304282877578308,2,NORMAL,1.6083944086769437,1893.6163504823219,0.3333333333333333
14,5429,1.1086221094292317,0,NORMAL,12.628288648516875,4897.069933771294,0.0
45,1797,4.581057660590806,1,NORMAL,9.82305906933214,392.26749216866347,0.022222222222222223
33,8759,1.1627812896812726,2,NORMAL,28.38022962086495,7532.800946944124,0.06060606060606061
24,4861,5.462548742196758,1,NORMAL,4.393553473419154,889.8776430954379,0.041666666666666664
22,562,2.5180402788942975,2,NORMAL,8.736953171241753,223.18944010172115,0.09090909090909091
19,4789,0.2672221941191964,1,NORMAL,71.10187857946003,17921.415606159688,0.05263157894736842
24,4300,0.5021214817961821,1,NORMAL,47.79719822810115,8563.664682534789,0.041666666666666664
13,4275,1.3985020897761238,2,NORMAL,9.295660045871706,3056.842053546273,0.15384615384615385
29,785,9.111489703932378,2,NORMAL,3.1827945750170854,86.15495659960041,0.06896551724137931
30,6201,2.215917052451334,2,NORMAL,13.53841289628275,2798.3899456616446,0.06666666666666667
39,4233,8.783937612462957,1,NORMAL,4.439922244514287,481.9023297699738,0.02564102564102564
12,2460,6.755436382888634,0,NORMAL,1.7763471254641263,364.15116072014587,0.0
49,9391,0.4850456427403481,2,NORMAL,101.02142083612202,19361.064552490243,0.04081632653061224
40,2702,5.528599055541944,1,NORMAL,7.235105964123668,488.7314078765538,0.025
4,6321,2.0582366174717155,0,NORMAL,1.9434111540166341,3071.075476134786,0.0
31,6488,5.453258396377729,1,NORMAL,5.6846746929489775,1189.7474002533215,0.03225806451612903
8,4421,6.011039124990708,2,NORMAL,1.3308846995755275,735.4801571029259,0.25
39,1675,9.976371532732529,2,NORMAL,3.9092369276786445,167.8967142015828,0.05128205128205128
16,3067,5.5490081685084505,1,NORMAL,2.8833981702897242,552.7113867674116,0.0625
43,5859,2.528822957272041,1,NORMAL,17.003958255103036,2316.8881724802022,0.023255813953488372
18,1777,7.774509968425067,1,NORMAL,2.3152584629904815,228.567460485227,0.05555555555555555
49,5946,9.797946059850338,0,NORMAL,5.001048148324719,606.8618834681382,0.0
3,9629,3.914117806716711,1,NORMAL,0.7664562356431723,2460.069031002702,0.3333333333333333
38,2072,2.0821372544921046,2,NORMAL,18.250477925034453,995.1313226492471,0.05263157894736842
10,6865,9.30908503561465,2,NORMAL,1.0742194277678259,737.4516371626124,0.2
49,6840,3.0894391893360837,1,NORMAL,15.860483730877394,2213.9940554939058,0.02040816326530612
47,9216,5.835390459923274,1,NORMAL,8.054302505169119,1579.3287635667787,0.02127659574468085
39,8998,1.4007908863557965,1,NORMAL,27.84141471783828,6423.514093105355,0.02564102564102564
15,4776,3.9672454463955833,1,NORMAL,3.7809609217973037,1203.8579575002616,0.06666666666666667
16,2966,0.6334791936687508,2,NORMAL,25.257340982798677,4682.079584686305,0.125
40,7633,4.177383479903395,2,NORMAL,9.57537180688162,1827.220325048185,0.05
39,5075,3.8940393554688955,0,NORMAL,10.015307098842577,1303.2739365801558,0.0
17,8088,9.517409503272917,2,NORMAL,1.7862003304737402,849.8110748748006,0.11764705882352941
21,1167,2.641536473141546,1,NORMAL,7.9499186225602125,441.7883348822747,0.047619047619047616
16,5223,7.09352257697792,0,NORMAL,2.255578920962079,736.3055440115586,0.0
47,7553,5.069688161847135,2,NORMAL,9.270787176557937,1489.8352243519596,0.0425531914893617
6,1020,8.188664445882765,0,NORMAL,0.7327202182544897,124.56243710326326,0.0
4,7480,2.7225619690702376,0,NORMAL,1.4692043911000532,2747.4122113570993,0.0
49,9857,1.2363861589934642,0,NORMAL,39.63163097837544,7972.428297017281,0.0
12,7691,6.828318026345567,1,NORMAL,1.7573873908187394,1126.338868565577,0.08333333333333333
46,2479,2.059476253821193,0,NORMAL,22.335775862746992,1203.7040948641259,0.0
46,5486,9.519345963395102,2,NORMAL,4.8322647560961185,576.3000967813762,0.043478260869565216
41,9119,6.984495673034077,1,NORMAL,5.8701446631707235,1305.6060776452152,0.024390243902439025
35,595,7.526514468912923,0,NORMAL,4.650226893811466,79.05385719479493,0.0
48,4785,3.7233983488909748,1,NORMAL,12.89144902110647,1285.116324291551,0.020833333333333332
18,6729,5.37937935766982,1,NORMAL,3.346110917858197,1250.8877981259893,0.05555555555555555
28,9402,7.687122734060297,2,NORMAL,3.6424551771414935,1223.0844134101544,0.07142857142857142
10,5049,3.3641079272843006,2,NORMAL,2.972556236646239,1500.8436438826861,0.2
18,5990,8.408176478406741,1,NORMAL,2.1407733348873292,712.4017931097279,0.05555555555555555
17,4947,2.182862508619281,1,NORMAL,7.787938971361488,2266.290240666193,0.058823529411764705
40,6635,3.950734297103934,2,NORMAL,10.124700116968585,1679.434631902164,0.05
36,9505,8.899932864456135,1,NORMAL,4.044974332758624,1067.9855842464087,0.027777777777777776
33,7316,6.688431398431243,1,NORMAL,4.933892273716088,1093.8289658941485,0.030303030303030304
27,4631,4.346282263975494,0,NORMAL,6.212205825606782,1065.5083399401856,0.0
23,5890,3.349065578537749,1,NORMAL,6.867587230119912,1758.6995124089685,0.043478260869565216
24,8918,8.365203923318541,0,NORMAL,2.8690274881522573,1066.0827974725762,0.0
22,3977,2.472413284819468,0,NORMAL,8.898188719126871,1608.54984254398,0.0
47,7131,5.97567590456441,1,NORMAL,7.865219056491989,1193.3378104647738,0.02127659574468085
21,8611,5.0205358340209285,0,NORMAL,4.182820458664305,1715.1555699789683,0.0
40,2720,2.484115179566479,2,NORMAL,16.102312939845522,1094.9572799094956,0.05
29,7079,3.209272687972912,1,NORMAL,9.03631533358962,2205.795732637273,0.034482758620689655
1,9481,2.174763701593533,2,NORMAL,0.4598200711494594,4359.554094568024,2.0
24,7089,4.362332113658057,2,NORMAL,5.501644389902875,1625.0482116675619,0.08333333333333333
8,8485,8.716713070733581,0,NORMAL,0.9177771408881233,973.4173800544658,0.0
18,3975,0.9324234130821699,0,NORMAL,19.30453455742831,4263.0847147654185,0.0
46,1945,2.5312560877512165,0,NORMAL,18.17279579991714,768.3932137138878,0.0
6,3164,1.7005570499758587,0,NORMAL,3.528255638401062,1860.56680665016,0.0
11,5532,7.743163743095512,1,NORMAL,1.4206079536686242,714.4366545177118,0.09090909090909091
1,2786,3.45027753649167,0,NORMAL,0.2898317568437771,807.471274566763,0.0
31,4683,6.584755063506282,2,NORMAL,4.707844058134635,711.1881846530482,0.06451612903225806
1,4677,6.650749260645899,0,NORMAL,0.15035899878488027,703.229037316885,0.0
35,8852,8.999474350140126,2,NORMAL,3.88911603481097,983.6130040041917,0.05714285714285714
46,6097,5.073778693617615,1,NORMAL,9.066221208635708,1201.6684936750416,0.021739130434782608
47,1375,6.977120203299796,2,NORMAL,6.7363036081521965,197.07271194062275,0.0425531914893617
25,7686,2.389198050845216,0,NORMAL,10.463762094212266,3216.979018244619,0.0
18,8635,8.728588058225146,2,NORMAL,2.062189197144914,989.2779842970186,0.1111111111111111
14,7435,0.726915858290462,2,NORMAL,19.259450513192494,10228.14389754187,0.14285714285714285
14,2069,1.3409095759392533,1,NORMAL,10.440674189528076,1542.9824927238278,0.07142857142857142
15,9639,1.3259628476710326,2,NORMAL,11.312534153084698,7269.434446772228,0.13333333333333333
45,7407,9.7608119326018,2,NORMAL,4.610272210009172,758.8508057675097,0.044444444444444446
45,2045,8.788187692767561,1,NORMAL,5.120509662877794,232.69871690189083,0.022222222222222223
21,9955,0.12808022978551373,2,NORMAL,163.95973082783433,77724.72001862337,0.09523809523809523
49,8851,2.8313549002802922,2,NORMAL,17.306202057237403,3126.0651920124137,0.04081632653061224
15,3565,6.331855080935454,0,NORMAL,2.368973990760372,563.0261518040484,0.0
16,1686,7.57087282594496,1,NORMAL,2.113362668722804,222.69559121666552,0.0625
22,5245,8.418590867715782,2,NORMAL,2.613263947101549,623.025881933983,0.09090909090909091
25,8129,8.611082254140067,2,NORMAL,2.9032355355774717,944.0160667483707,0.08
6,5278,6.47299721001417,1,NORMAL,0.9269276357353575,815.3873435685362,0.16666666666666666
29,2285,5.198145418436719,0,NORMAL,5.578912797849624,439.5798532098755,0.0
34,4486,1.543597103644717,0,NORMAL,22.026473047740076,2906.198767416529,0.0
33,3613,3.943984890391589,1,NORMAL,8.367172014374404,916.078560240446,0.030303030303030304
24,7152,6.719193059363164,1,NORMAL,3.5718574816891313,1064.4135295433612,0.041666666666666664
28,2700,9.597663428762473,2,NORMAL,2.917376735267568,281.31847090080123,0.07142857142857142
15,1352,9.06226611273724,2,NORMAL,1.6552151319985107,149.1900572307991,0.13333333333333333
36,1349,2.6145126151250877,1,NORMAL,13.769296729240539,515.9661468818191,0.027777777777777776
37,3415,3.362697832492368,2,NORMAL,11.003070107127733,1015.5536328605733,0.05405405405405406
16,1204,2.3263033989912634,2,NORMAL,6.877864687356754,517.5593177235958,0.125
46,2676,8.861689306713327,1,NORMAL,5.190883860614691,301.9740263261938,0.021739130434782608
15,3773,2.3524824593921303,0,NORMAL,6.376243078928599,1603.837675786507,0.0
4,4600,3.553841473894139,0,NORMAL,1.1255426077339856,1294.3739988940836,0.0
45,3219,9.152930678995647,0,NORMAL,4.916458080827272,351.69063471517757,0.0
21,773,5.9361721235256715,0,NORMAL,3.5376332698937083,130.21859607751603,0.0
25,4437,6.568779790385509,1,NORMAL,3.8058818833585524,675.4679166584759,0.04
34,8257,6.15553773437492,1,NORMAL,5.523481695210926,1341.3937752163708,0.029411764705882353
16,4564,2.810244412338419,2,NORMAL,5.693454964184527,1624.0580285336364,0.125
42,5090,5.169704472469814,2,NORMAL,8.124255501192044,984.5823928825597,0.047619047619047616
12,7515,2.0703191964955976,2,NORMAL,5.796207667065177,3629.8750514995672,0.16666666666666666
12,2919,0.43548726751320177,1,NORMAL,27.555340638371753,6702.836610283929,0.08333333333333333
17,3453,2.217224598505806,0,NORMAL,7.6672430981761375,1557.3523775295414,0.0
18,6356,8.812580695164659,1,NORMAL,2.042534488209152,721.2416226142984,0.05555555555555555
12,5932,9.40179315862279,0,NORMAL,1.2763522657371251,630.9434700293856,0.0
29,2231,8.490096682524513,1,NORMAL,3.415744376585463,262.7767484193851,0.034482758620689655
26,291,8.789097972418507,1,NORMAL,2.9582102829655397,33.10919970549892,0.038461538461538464
19,7783,9.498593399651,2,NORMAL,2.0002961702411755,819.3844785782667,0.10526315789473684
26,9479,4.574161467151005,0,NORMAL,5.68410192484831,2072.2923902168127,0.0
24,4844,5.193995891669875,0,NORMAL,4.620719865891918,932.6152929325189,0.0
19,9885,9.156496097401172,0,NORMAL,2.0750295525591547,1079.5614277393286,0.0
44,482,9.721756488472899,0,NORMAL,4.525931096111168,49.579517916490516,0.0
10,7571,9.323425768585272,1,NORMAL,1.07256712802867,812.0405726305061,0.1
5,4837,4.912407794903657,2,NORMAL,1.017830808994973,984.6495246217369,0.4
20,2139,0.6853602013410915,0,NORMAL,29.181735328174327,3120.9865933482442,0.0
3,5441,5.820534644105542,1,NORMAL,0.5154165696854157,934.7938518861156,0.3333333333333333
27,3474,0.844202215898811,0,NORMAL,31.982858480480836,4115.127791155201,0.0
32,7068,2.671575387027529,2,NORMAL,11.977951344881985,2645.6300033008083,0.0625
32,8978,8.930427200656199,1,NORMAL,3.5832552330361835,1005.3270463187142,0.03125
21,5539,0.11134014020698778,1,NORMAL,188.61122287936573,49748.45540613365,0.047619047619047616
17,5934,5.3961117607087585,0,NORMAL,3.1504165876963075,1099.680707728817,0.0
7,8519,6.60095813847494,0,NORMAL,1.0604521121258395,1290.5702204571467,0.0
16,4171,4.619916634894896,2,NORMAL,3.463265955742512,902.8301438376261,0.125
11,1339,7.0650747628676545,1,NORMAL,1.5569545078013007,189.5238259950856,0.09090909090909091
36,8924,6.484980919421852,0,NORMAL,5.5512884998911405,1376.1027381396816,0.0
39,3830,6.844711649967405,2,NORMAL,5.697829506110125,559.5560771385071,0.05128205128205128
21,2639,4.057095685822346,0,NORMAL,5.176116519357724,650.465309265954,0.0
17,9087,0.8810857964262736,0,NORMAL,19.294375268507128,10313.411062642605,0.0
30,8770,8.35769029149554,1,NORMAL,3.589508459116609,1049.3329728817553,0.03333333333333333
19,1648,7.1832649791311285,2,NORMAL,2.645036770215067,229.4221367007595,0.10526315789473684
2,4933,5.477170077446832,0,NORMAL,0.36515207154792145,900.6475844729482,0.0
44,4846,7.745568593487903,0,NORMAL,5.680667528655425,625.648064633277,0.0
1,6751,6.625779758267165,0,NORMAL,0.1509256323759136,1018.8989441697929,0.0
17,5482,7.191992843187879,2,NORMAL,2.3637398382705683,762.236576082309,0.11764705882352941
21,6635,9.623139009196116,2,NORMAL,2.1822401172768955,689.4839608634381,0.09523809523809523
40,8852,9.324812038378633,1,NORMAL,4.289630700905266,949.2952741103354,0.025
40,1004,5.293755050566555,0,NORMAL,7.556073074389618,189.65743416717942,0.0
24,2452,0.8645093287521327,1,NORMAL,27.761412401000413,2836.2909669688756,0.041666666666666664
28,188,1.872727528762469,0,NORMAL,14.95145426654933,100.38833578968836,0.0
15,5615,1.6367430283797992,1,NORMAL,9.164541861435877,3430.5935034641634,0.06666666666666667
42,2077,1.7957809288043365,1,NORMAL,23.388153491508767,1156.5998762348502,0.023809523809523808
18,9763,8.734738437553146,2,NORMAL,2.0607371507099557,1117.7209334656277,0.1111111111111111
26,8215,0.21937020203538626,0,NORMAL,118.52111070128832,37448.112477349365,0.0
30,4635,5.485217369580695,1,NORMAL,5.469245424323682,844.9984180580088,0.03333333333333333
27,3056,7.318761986136861,1,NORMAL,3.689148526915232,417.55695919455366,0.037037037037037035
2,353,9.539974813314029,1,NORMAL,0.20964415935446618,37.00219412606328,0.5
6,7760,8.847837257398053,1,NORMAL,0.6781318219865702,877.0504897692974,0.16666666666666666
26,1616,5.600890755215901,2,NORMAL,4.642118751519509,288.525534709828,0.07692307692307693
20,3247,2.16242728889038,1,NORMAL,9.248865893781208,1501.553377855379,0.05
22,9059,3.6771233338927583,2,NORMAL,5.982937748435506,2463.6105937762386,0.09090909090909091
44,9420,1.2784113279044713,2,NORMAL,34.4177175527092,7368.5204396936515,0.045454545454545456
25,7457,5.4568267474865015,1,NORMAL,4.581417214962045,1366.5451268788786,0.04
4,2289,6.794359262075994,0,NORMAL,0.5887236523283012,336.8971100448703,0.0
36,2013,3.2445318930054823,0,NORMAL,11.095591347894688,620.4284828697779,0.0
33,9085,9.43961733964801,1,NORMAL,3.495904422035663,962.4330810361819,0.030303030303030304
2,9508,7.567346611292429,0,NORMAL,0.2642934310707382,1256.4509713102896,0.0
17,9189,0.39011241205076885,1,NORMAL,43.577183075599336,23554.749134216607,0.058823529411764705
46,771,1.352010577800642,0,NORMAL,34.02340244617734,570.2618105652767,0.0
44,7274,1.073882126691269,0,NORMAL,40.972839482456145,6773.555327167864,0.0
19,8924,0.320005004684248,0,NORMAL,59.37407141100022,27887.063856408735,0.0
2,9972,6.382226431619055,0,NORMAL,0.3133702668541386,1562.464150534735,0.0
20,8877,5.043633011470091,1,NORMAL,3.965395569922822,1760.0408237102445,0.05
20,9779,9.15310029548774,1,NORMAL,2.185051988325696,1068.381169691849,0.05
13,3648,7.218209197103489,2,NORMAL,1.8010007253899787,505.38851124789556,0.15384615384615385
3,2483,8.089384417165427,2,NORMAL,0.37085640208099047,306.9454821223664,0.6666666666666666
14,2533,6.965905914679244,2,NORMAL,2.0097888446207435,363.6282245303102,0.14285714285714285
1,7253,6.702943902458043,0,NORMAL,0.14918817978370505,1082.0618679712127,0.0
11,8185,7.711524578350372,1,NORMAL,1.4264364832450667,1061.398419578261,0.09090909090909091
23,1248,1.066643823137809,2,NORMAL,21.562961788256125,1170.0250570323324,0.08695652173913043
3,5359,3.226870859591356,1,NORMAL,0.9296932324028342,1660.7420108155961,0.3333333333333333
38,8986,9.365274324850608,1,NORMAL,4.0575426497831035,959.5020592355518,0.02631578947368421
12,9997,5.810537157916371,2,NORMAL,2.0652135377279195,1720.4949780555012,0.16666666666666666
48,3232,0.8173901478373593,0,NORMAL,58.72348734199672,3954.048147694446,0.0
13,925,1.1989485253188914,0,NORMAL,10.842834137972948,771.5093521249983,0.0
27,754,1.2243172673193157,1,NORMAL,22.053107246553353,615.8534394037492,0.037037037037037035
2,333,0.5998121120722413,1,NORMAL,3.334377482125803,555.1738507739462,0.5
43,5572,0.4702586257829283,1,NORMAL,91.43904575574723,11848.799138395898,0.023255813953488372
37,5593,9.139149921909036,2,NORMAL,4.048516581536856,611.9825200144767,0.05405405405405406
38,7899,9.426025732375761,1,NORMAL,4.03139149827277,837.9989853909633,0.02631578947368421
2,6486,6.561579505916529,1,NORMAL,0.30480465842052423,988.4815072577602,0.5
46,2217,5.594880775284538,2,NORMAL,8.221801651825295,396.25509265427564,0.043478260869565216
33,2652,4.85973690062593,1,NORMAL,6.790491064598503,545.708554645916,0.030303030303030304
2,7585,9.235787567219626,0,NORMAL,0.2165489391612422,821.2618517690111,0.0
1,5734,3.9479234884246073,1,NORMAL,0.2532977153513792,1452.409099824808,1.0
9,9721,2.6125454855224928,0,NORMAL,3.4449160980636693,3720.892154364103,0.0
19,5555,6.3361500784740485,1,NORMAL,2.998666345443607,876.7153446810125,0.05263157894736842
32,9307,1.766023694597152,0,NORMAL,18.11980218493021,5270.031216723297,0.0
47,7494,4.852558910156294,1,NORMAL,9.68561142073517,1544.3398295104118,0.02127659574468085
40,2924,7.1731984372162545,0,NORMAL,5.576313042236572,407.6284833874935,0.0
3,5519,2.878050925215477,0,NORMAL,1.0423721045781678,1917.617215055636,0.0
28,5968,6.070301857435787,1,NORMAL,4.612620699529388,983.147154813978,0.03571428571428571
34,9509,1.9313477550740277,2,NORMAL,17.604286908287417,4923.504829732502,0.058823529411764705
22,8062,4.501767956229337,1,NORMAL,4.886968900642119,1790.8519671353074,0.045454545454545456
33,4032,6.280024082402441,0,NORMAL,5.254756919240309,642.0357544962704,0.0
34,7929,3.5146020093518753,2,NORMAL,9.67392606887797,2256.0164647098063,0.058823529411764705
14,4911,7.111918277090896,1,NORMAL,1.968526557046807,690.530994404062,0.07142857142857142
38,1389,4.025260731438574,1,NORMAL,9.440382259764652,345.0708147056079,0.02631578947368421
27,2795,3.818233514156067,1,NORMAL,7.071332829670511,732.0138984788548,0.037037037037037035
39,7847,4.154875454212011,0,NORMAL,9.386562949910736,1888.624601742296,0.0
10,7922,4.311326456758023,0,NORMAL,2.3194717682129955,1837.485534778335,0.0
37,8998,2.6094313569541465,1,NORMAL,14.179334475074361,3448.260854235651,0.02702702702702703
37,8913,2.6159775649766495,2,NORMAL,14.143852185647573,3407.139311639914,0.05405405405405406
27,2725,6.738465379201811,0,NORMAL,4.006847031274385,404.3947466749148,0.0
26,1413,3.8906891909039527,1,NORMAL,6.682620668025971,363.17473092002683,0.038461538461538464
37,8565,4.561444304520348,1,NORMAL,8.11146591515616,1877.694744954392,0.02702702702702703
48,7407,3.151568426223739,1,NORMAL,15.230511766966261,2350.2583470399813,0.020833333333333332
47,3052,8.557998760302201,0,NORMAL,5.491938164097179,356.62543142179976,0.0
5,1560,7.093609524815476,0,NORMAL,0.7048597730828811,219.91624920185888,0.0
14,3030,9.504608397492314,0,NORMAL,1.4729696810753135,318.79272383272854,0.0
14,7826,3.4787521538473003,2,NORMAL,4.024431572256967,2249.6572488916445,0.14285714285714285
23,2571,7.890279689324916,1,NORMAL,2.9149790508842983,325.8439626010231,0.043478260869565216
4,1637,1.3841699686042463,0,NORMAL,2.889818512702941,1182.6582263236787,0.0
11,1167,1.9164752994320993,1,NORMAL,5.7397035084457295,608.9303631232879,0.09090909090909091
11,5445,4.410247958005564,2,NORMAL,2.4941908266252004,1234.6244591794743,0.18181818181818182
12,8325,1.8437094322966607,2,NORMAL,6.508617784230736,4515.353587810073,0.16666666666666666
13,2998,2.3058230723524495,1,NORMAL,5.637900043535051,1300.1864869629294,0.07692307692307693
3,7264,0.5408178590325101,1,NORMAL,5.547154092445866,13431.509109175591,0.3333333333333333
16,3813,7.094930211391351,0,NORMAL,2.2551314140216636,537.4260051040377,0.0
10,1121,6.9480252690035655,1,NORMAL,1.4392578628940602,161.34080643042415,0.1
43,3389,5.7094108997665725,1,NORMAL,7.531425002491596,593.5813798475352,0.023255813953488372
41,3075,8.556838792415222,1,NORMAL,4.791489122868878,359.36168421516584,0.024390243902439025
13,5866,5.59367610630421,0,NORMAL,2.3240530472167813,1048.6842442287414,0.0
30,4678,5.830108661770426,1,NORMAL,5.14570169107104,802.3864170276776,0.03333333333333333
42,748,9.502794280229974,0,NORMAL,4.419752628695607,78.71368967295984,0.0
49,7661,8.016828129834982,1,NORMAL,6.112143007986453,955.6148486568208,0.02040816326530612
4,3361,3.4190799162854053,1,NORMAL,1.1699053833014013,983.0129983190023,0.25
34,2922,3.811733076198177,2,NORMAL,8.919827102350935,766.5804350902774,0.058823529411764705
33,5512,4.503330698634059,1,NORMAL,7.327909542599102,1223.9829514789772,0.030303030303030304
2,976,9.894468831303929,1,NORMAL,0.20213313459257548,98.64096968117683,0.5
18,1922,4.882154488201279,2,NORMAL,3.6868968492293037,393.67865245659567,0.1111111111111111
39,6837,9.017367452589735,2,NORMAL,4.324987331951237,758.2035484243746,0.05128205128205128
34,4385,0.49009995554425845,0,NORMAL,69.37360351776165,8947.15445368779,0.0
46,1310,6.334412259172824,0,NORMAL,7.261920777793974,206.80687432413274,0.0
24,4992,0.6679623350861569,1,NORMAL,35.93016962087296,7473.4752811415765,0.041666666666666664
24,8611,7.078678942082723,0,NORMAL,3.390463135334487,1216.469919098553,0.0
1,7412,3.1003211605749925,1,NORMAL,0.3225472292085178,2390.720062893534,1.0
14,1478,6.9170777232880925,1,NORMAL,2.023976100899583,213.67404836639886,0.07142857142857142
6,1952,8.668189651100239,2,NORMAL,0.6921860551630213,225.19119661303625,0.3333333333333333
22,3627,4.85258483356897,0,NORMAL,4.533666232439564,747.4367011390136,0.0
2,1576,8.721678811688857,1,NORMAL,0.22931364972069201,180.6991559799053,0.5
17,7613,3.085158787782171,1,NORMAL,5.510251228339788,2467.620153020636,0.058823529411764705
29,7401,0.5434302587072795,0,NORMAL,53.36471338380321,13619.042888052676,0.0
22,6341,5.1050996045722155,0,NORMAL,4.309416407918157,1242.0913383004106,0.0
28,2873,6.279887692552485,1,NORMAL,4.458678462228883,457.492257927985,0.03571428571428571
38,2461,1.1626248307721339,0,NORMAL,32.684662321174635,2116.761946642389,0.0
7,8802,0.4480908976521929,2,NORMAL,15.621830384587245,19643.33586359099,0.2857142857142857
31,547,8.70275361520458,1,NORMAL,3.562090962317938,62.8536695609004,0.03225806451612903
46,2452,5.006705135977838,2,NORMAL,9.18767907249963,489.7432409949803,0.043478260869565216
9,7036,2.5182240946453955,1,NORMAL,3.5739472190489616,2794.0325148031657,0.1111111111111111
34,6292,8.616301316975358,0,NORMAL,3.946008704804124,730.2437285478691,0.0
14,5064,4.427182881665578,2,NORMAL,3.1622818334382816,1143.84251460939,0.14285714285714285
1,5857,4.20418575344556,2,NORMAL,0.23785818673222164,1393.1353996906223,2.0
13,2651,5.624112388485815,0,NORMAL,2.3114758564595475,471.3632688826354,0.0
10,7562,6.984256569532718,1,NORMAL,1.4317916159642243,1082.7208199921463,0.1
45,2027,5.864323194045605,2,NORMAL,7.67351977559681,345.64943522521634,0.044444444444444446
43,273,3.500502468610141,2,NORMAL,12.283950771522512,77.98880373548013,0.046511627906976744
3,9727,9.964657729217421,2,NORMAL,0.30106402864231707,976.149935534606,0.6666666666666666
29,1269,6.982698636482301,1,NORMAL,4.153122096446286,181.73489449621854,0.034482758620689655
37,6552,2.2833124889758434,2,NORMAL,16.20452749180905,2869.5152466576455,0.05405405405405406
15,1316,9.969898423978442,1,NORMAL,1.5045288690127214,131.99733277471609,0.06666666666666667
8,6554,0.8852024088552849,1,NORMAL,9.037481055146857,7403.956354429063,0.125
47,2950,8.096968763900273,2,NORMAL,5.804641387471564,364.3338743200237,0.0425531914893617
27,1317,6.48164623810563,2,NORMAL,4.165608397642387,203.18912072944534,0.07407407407407407
31,466,6.389115833274453,0,NORMAL,4.852001561554465,72.93653960272195,0.0
33,2929,5.992904718309444,1,NORMAL,5.506511708617498,488.74463013759544,0.030303030303030304
3,9974,6.5250515301756495,2,NORMAL,0.4597664840080186,1528.5703038319925,0.6666666666666666
31,6503,0.14459140164346015,1,NORMAL,214.3972577044461,44975.0118339359,0.03225806451612903
20,522,4.904435783988842,0,NORMAL,4.0779410478352185,106.4342613484992,0.0
48,6181,9.814087843676079,2,NORMAL,4.890928302718407,629.8089133146349,0.041666666666666664
38,2980,8.69948808486146,1,NORMAL,4.368073112960088,342.548891490028,0.02631578947368421
24,2155,2.4656895941474994,0,NORMAL,9.733585304884205,873.9948471677276,0.0
43,9525,1.6558846386292334,1,NORMAL,25.967992574407873,5752.212308633372,0.023255813953488372
43,5663,8.456518877165633,2,NORMAL,5.084834625759422,669.6608950157117,0.046511627906976744
10,2362,8.452708040170386,1,NORMAL,1.1830528101143813,279.43707374901686,0.1
9,7509,4.992015900009149,1,NORMAL,1.8028788730387466,1504.201939738661,0.1111111111111111
32,2311,8.322946880821858,2,NORMAL,3.8447920500052652,277.6660758613178,0.0625
41,6354,8.076584812767734,2,NORMAL,5.076403077596094,786.7186623181849,0.04878048780487805
36,8257,6.712585649564259,1,NORMAL,5.363060060520331,1230.077414436566,0.027777777777777776
16,1082,2.37780885405602,1,NORMAL,6.728884019717359,455.0407818333864,0.0625
19,9023,8.883152937792158,1,NORMAL,2.1388802076306828,1015.7429533395606,0.05263157894736842
26,5942,1.0193314656179189,2,NORMAL,25.50691396957789,5829.310877201224,0.07692307692307693
15,5029,1.7206087735605133,1,NORMAL,8.717844655040318,2922.8027180131844,0.06666666666666667
4,9210,0.9559337989313995,1,NORMAL,4.184390178976244,9634.558387092802,0.25
10,2452,9.179391630483801,2,NORMAL,1.0893968143587036,267.12009888075414,0.2
15,608,6.621469368404182,2,NORMAL,2.265358210607429,91.82251946995444,0.13333333333333333
40,8778,2.3760536683406985,2,NORMAL,16.83463657954062,3694.360997380189,0.05
31,2691,1.445652809142837,1,NORMAL,21.44359960008701,1861.442791091424,0.03225806451612903
36,2120,1.03148290864953,0,NORMAL,34.90120844283599,2055.293386078119,0.0
37,1772,1.1011768983606225,2,NORMAL,33.600414297724335,1609.1874090693925,0.05405405405405406
48,300,7.4804976954992854,1,NORMAL,6.41668535355337,40.10428345970856,0.020833333333333332
1,1448,1.1285813090463694,1,NORMAL,0.8860681919719029,1283.0267419753154,1.0
41,6372,8.680421909521673,2,NORMAL,4.723272719615914,734.0657016925026,0.04878048780487805
47,8690,2.003451050527319,0,NORMAL,23.45952000555709,4337.515507410449,0.0
27,1959,7.566300766264973,2,NORMAL,3.568454497656491,258.91119855218767,0.07407407407407407
24,3748,7.5527442492541175,1,NORMAL,3.1776529441428067,496.24346811030165,0.041666666666666664
1,9532,1.9467083884827983,0,NORMAL,0.513687620557986,4896.470399158722,0.0
40,7522,9.687206336729986,2,NORMAL,4.129157427806209,776.4880542989576,0.05
38,9325,0.5182636726895027,0,NORMAL,73.32175107470094,17992.771809778587,0.0
40,1962,0.4406850682520276,0,NORMAL,90.7677679179364,4452.159016374781,0.0
12,9177,7.006402986287399,2,NORMAL,1.7127190690409664,1309.801908049079,0.16666666666666666
15,2044,6.304509757349029,0,NORMAL,2.3792492322681915,324.21236205041225,0.0
43,9688,9.707101363681454,1,NORMAL,4.429746676065623,998.0322278540408,0.023255813953488372
29,3581,8.128589032536999,2,NORMAL,3.5676548394708134,440.54386138430976,0.06896551724137931
34,167,3.7123143905438654,1,NORMAL,9.158707055255332,44.98541406551884,0.029411764705882353
24,8307,7.973490184922601,0,NORMAL,3.009974232536535,1041.8273312367082,0.0
17,1603,3.4227604137808467,1,NORMAL,4.966751377500441,468.3354387137181,0.058823529411764705
37,9800,2.0598171467976227,1,NORMAL,17.96275948936707,4757.703864751278,0.02702702702702703
32,6256,2.8534685234903,1,NORMAL,11.214421934768113,2192.419488247166,0.03125
36,4652,8.831689878792904,0,NORMAL,4.076230086661558,526.7395100874879,0.0
1,2396,6.56316293146336,2,NORMAL,0.15236556069727716,365.06788343067603,2.0
10,705,7.395811334905203,0,NORMAL,1.3521166978400452,95.32422719772319,0.0
4,8532,9.819578580876843,2,NORMAL,0.40734945670579054,868.8763911534512,0.5
25,7669,2.2267511809715295,2,NORMAL,11.227118778979394,3444.0309566397186,0.08
1,8208,2.8835563283913452,1,NORMAL,0.3467939884350627,2846.4850570749945,1.0
1,3145,1.7557105710467407,2,NORMAL,0.5695699601579592,1791.297524696782,2.0
10,3209,1.9712887645300936,1,NORMAL,5.0728235152214,1627.8690660345471,0.1
10,5349,0.47536053796709477,1,NORMAL,21.03666417655438,11252.511668038936,0.1
41,1096,2.3137345348090133,0,NORMAL,17.72026971252531,473.69306353482295,0.0
42,6850,7.689419228202441,1,NORMAL,5.462051001973833,890.8345086552561,0.023809523809523808
17,9438,2.522968377967077,1,NORMAL,6.738094757136048,3740.8316657558835,0.058823529411764705
2,7422,8.434808823090373,1,NORMAL,0.2371126651412632,879.9251003392277,0.5
25,1227,3.6130694640217818,2,NORMAL,6.919324482671858,339.60044560953475,0.08
39,3763,1.3246920713646568,0,NORMAL,29.4408042767429,2840.6601664970135,0.0
26,3519,5.248820256150043,0,NORMAL,4.953494067459407,670.4363701303712,0.0
11,3791,5.81674289403966,2,NORMAL,1.8910926957544498,651.7393099641017,0.18181818181818182
3,2009,3.277836939993387,1,NORMAL,0.9152377177145525,612.904191629512,0.3333333333333333
2,6573,9.942532352305118,0,NORMAL,0.201155996192088,661.0991814852972,0.0
7,9939,1.9819249516876263,0,NORMAL,3.5319198106060674,5014.821571087672,0.0
33,1743,3.251829037379929,0,NORMAL,10.148134979011331,536.0060384368712,0.0
33,3126,0.21755308661521383,2,NORMAL,151.68711468740088,14368.906682206522,0.06060606060606061
39,8188,9.045089463512344,2,NORMAL,4.3117318139665715,905.2425664809817,0.05128205128205128
4,7965,7.09418580148404,1,NORMAL,0.5638420125905408,1122.7504075709144,0.25
16,5330,5.803287702362823,1,NORMAL,2.7570578645421215,918.4449011255942,0.0625
35,1932,0.2309802548442314,1,NORMAL,151.52810366238154,8364.35132216346,0.02857142857142857
34,8855,5.00854300914883,2,NORMAL,6.788401325074791,1767.9792274569788,0.058823529411764705
5,2835,8.343025767461684,0,NORMAL,0.599302955469742,339.8047757513437,0.0
1,1800,2.8420399452324876,0,NORMAL,0.35185993837894386,633.347889082099,0.0
17,2290,7.283580918177538,1,NORMAL,2.334016768808502,314.40578826891,0.058823529411764705
17,9681,5.826931026441668,0,NORMAL,2.9174877689227414,1661.4234759377093,0.0
25,6257,8.225520605046135,2,NORMAL,3.0393213026131347,760.6813356180154,0.08
35,1935,1.9926264632590125,1,NORMAL,17.564757191248095,971.0801475732876,0.02857142857142857
11,1813,7.508055080327337,1,NORMAL,1.4650931409416912,241.47398768429872,0.09090909090909091
37,8429,2.349647262954958,0,NORMAL,15.747044496146263,3587.346974540996,0.0
32,2425,6.652244809475539,1,NORMAL,4.8104062487927095,364.53859854132253,0.03125
29,8980,6.540515522661522,1,NORMAL,4.433901257404107,1372.9804583272025,0.034482758620689655
18,5366,8.555373202515751,0,NORMAL,2.1039409472759187,627.2081735045878,0.0
42,5608,9.132780673010217,0,NORMAL,4.598818421657832,614.0517549680268,0.0
40,7761,0.9116049353685097,0,NORMAL,43.87865669444877,8513.556365140423,0.0
46,9343,0.7469937685938707,2,NORMAL,61.58016563724444,12507.467120625539,0.043478260869565216
22,7403,8.228204824829113,0,NORMAL,2.673730232579244,899.7102232629155,0.0
15,4488,7.850471895145155,0,NORMAL,1.9107131648068463,571.6853789102084,0.0
26,2346,7.3078666652078885,0,NORMAL,3.5578098494576698,321.02391949337283,0.0
31,4628,8.586990822337434,2,NORMAL,3.6101121616852505,538.9548091703012,0.06451612903225806
36,9136,0.8501850542052287,2,NORMAL,42.34372248951562,10745.895796228186,0.05555555555555555
12,3589,6.037973660874899,0,NORMAL,1.9874217202632194,594.4047128353913,0.0
36,7074,2.2263266180870063,0,NORMAL,16.170134115780982,3177.4313537509634,0.0
25,8015,2.9823622671260375,1,NORMAL,8.382616785214134,2687.4669413396514,0.04
15,382,3.446899703813987,0,NORMAL,4.351736716737808,110.82422838625617,0.0
20,7786,6.213975210891477,1,NORMAL,3.21855162295228,1252.9821468153225,0.05
28,2197,4.32268683463808,1,NORMAL,6.47745281375312,508.2487082791288,0.03571428571428571
21,8665,0.48316364394048505,0,NORMAL,43.463535105275284,17933.88246129573,0.0
37,5029,3.6872422673739065,1,NORMAL,10.034599659314438,1363.8919374781706,0.02702702702702703
18,6547,5.862009415771583,1,NORMAL,3.070619428138664,1116.852522001324,0.05555555555555555
34,6789,3.3093331799118193,2,NORMAL,10.273973079043666,2051.4706833419837,0.058823529411764705
16,9954,0.8456168095432771,2,NORMAL,18.92109974568942,11771.28917928703,0.125
20,2902,4.01639153365706,2,NORMAL,4.979594203503692,722.5391189283856,0.1
29,1979,5.6997544834096425,1,NORMAL,5.087938451456237,347.20793777351355,0.034482758620689655
13,3383,3.7357928318586477,2,NORMAL,3.4798503517477397,905.5641338432772,0.15384615384615385
5,1863,3.6948157032628974,0,NORMAL,1.353247469308007,504.2200070641634,0.0
48,3691,7.8017502005157695,2,NORMAL,6.1524656348041935,473.09897204296414,0.041666666666666664
28,2761,1.2015512510675113,1,NORMAL,23.303209060057622,2297.862864814968,0.03571428571428571
7,5995,9.87451613459147,2,NORMAL,0.7088954946843686,607.1183558046843,0.2857142857142857
49,4755,5.46445289585561,2,NORMAL,8.967045911798953,870.1694553184495,0.04081632653061224
49,2059,6.646403931802366,2,NORMAL,7.37240777159811,309.7915837085818,0.04081632653061224
14,8180,7.35212780741832,2,NORMAL,1.9042106403365235,1112.603074139483,0.14285714285714285
21,3889,0.58699963691242,0,NORMAL,35.77514989695503,6625.217045202767,0.0
32,486,3.3323400262975076,1,NORMAL,9.602861576990545,145.84346020054392,0.03125
39,8229,6.940914974798934,0,NORMAL,5.618855747635744,1185.578562751142,0.0
41,5129,2.6201932127668504,2,NORMAL,15.647701016943385,1957.489232095186,0.04878048780487805
34,164,9.963615366356532,1,NORMAL,3.4124159504195144,16.459888702023537,0.029411764705882353
33,8159,6.943014640842465,2,NORMAL,4.752978598932607,1175.137951172459,0.06060606060606061
21,7574,9.37509195342562,0,NORMAL,2.239978029477,807.885409298038,0.0
45,7895,2.958982524369864,2,NORMAL,15.207930303536706,2668.146883253829,0.044444444444444446
45,4454,8.685614398810007,0,NORMAL,5.1809806346187015,512.8019499242599,0.0
35,128,8.983550730352112,1,NORMAL,3.8960096125185646,14.248263725782179,0.02857142857142857
38,8107,0.310274512126557,0,NORMAL,122.47219321869495,26128.475537472634,0.0
14,6130,0.2895906510413247,1,NORMAL,48.3441020960383,21167.81041776534,0.07142857142857142
7,2705,1.8896248845912054,1,NORMAL,3.7044389376330398,1431.5010466139104,0.14285714285714285
45,5575,2.929394109043996,2,NORMAL,15.361538367633877,1903.123919990197,0.044444444444444446
48,942,6.842843286457391,0,NORMAL,7.014627982931651,137.66207416503366,0.0
26,5105,5.2466426200467255,2,NORMAL,4.955550031301436,973.0031888382243,0.07692307692307693
13,2719,0.20589481367200596,0,NORMAL,63.13903574428653,13205.772168362699,0.0
24,2522,1.4280522780185634,2,NORMAL,16.80610742997465,1766.041789099836,0.08333333333333333
12,2291,6.250205426591513,2,NORMAL,1.9199368950252378,366.5479522085683,0.16666666666666666
6,8627,2.5484982732171266,0,NORMAL,2.354327669379124,3385.130800622284,0.0
48,1525,0.7531379722452851,0,NORMAL,63.73334205537463,2024.8613882176314,0.0
32,5236,2.0136912587768183,0,NORMAL,15.8912146340834,2600.1999945018965,0.0
29,1459,8.897488277824012,1,NORMAL,3.2593468060283075,163.97886172397588,0.034482758620689655
27,6604,2.267479194885507,2,NORMAL,11.907496245566797,2912.4853779897458,0.07407407407407407
31,4176,5.535310808657262,2,NORMAL,5.600408192348621,754.4291810079949,0.06451612903225806
3,4881,2.4587421586404914,2,NORMAL,1.2201360722015624,1985.1613894719421,0.6666666666666666
14,1033,7.969902188252135,0,NORMAL,1.7566087599715343,129.61263207504248,0.0
34,8762,4.4234492809769765,0,NORMAL,7.68630944774632,1980.8071582692135,0.0
19,3778,8.623209289550926,2,NORMAL,2.2033560084205575,438.1199473585719,0.10526315789473684
26,7619,4.086012328299889,0,NORMAL,6.363172186222478,1864.6541879549638,0.0
34,4441,1.6287647940107213,0,NORMAL,20.874714461550546,2726.6060859925287,0.0
43,6024,8.295867290856497,1,NORMAL,5.183303745395439,726.1446921456309,0.023255813953488372
10,2154,6.216887135522549,0,NORMAL,1.608522043590143,346.4756481893168,0.0
2,8699,1.4835138366133929,1,NORMAL,1.348150553530162,5863.78083257944,0.5
3,6574,1.542906575497931,0,NORMAL,1.9443821470731835,4260.789411619703,0.0
42,9166,4.232917374060164,0,NORMAL,9.922234782417712,2165.409619420018,0.0
34,9472,6.203686307711664,0,NORMAL,5.480612383275305,1526.8341321877554,0.0
39,4979,4.077475073862214,2,NORMAL,9.564742712960086,1221.0988196879043,0.05128205128205128
35,5578,4.430265008741098,1,NORMAL,7.900204599712103,1259.0668930626887,0.02857142857142857
32,1225,1.7710445552563552,1,NORMAL,18.06843306399373,691.68220323101,0.03125
27,7395,5.439090850933016,0,NORMAL,4.9640649034881354,1359.6022207886947,0.0
1,2979,7.646341762945068,0,NORMAL,0.13078149407944326,389.5980708626614,0.0
49,8728,5.802380163473234,1,NORMAL,8.444810339808758,1504.210298894915,0.02040816326530612
6,722,6.913961211574834,0,NORMAL,0.8678093232509392,104.42638856452969,0.0
44,6734,7.327013085849763,2,NORMAL,6.0051755721543145,919.0648250656171,0.045454545454545456
47,6268,3.7504092742717816,0,NORMAL,12.531965597041674,1671.2842630267492,0.0
49,2179,3.7377089482978803,0,NORMAL,13.109634987045785,582.9774415667912,0.0
48,1065,1.943059350795534,0,NORMAL,24.703311291210778,548.1047192737391,0.0
21,2252,0.9922067700640997,0,NORMAL,21.164943269479338,2269.688202041308,0.0
11,9433,2.126528855384178,0,NORMAL,5.172748995222425,4435.8673883575575,0.0
4,3225,3.8127636956058972,0,NORMAL,1.0491077652176262,845.843135706711,0.0
17,2754,4.486577957881583,0,NORMAL,3.789079373988377,613.8308585861171,0.0
28,3477,8.036819865890264,2,NORMAL,3.4839651089900783,432.6338101413751,0.07142857142857142
40,2586,4.320301158568327,2,NORMAL,9.258613816925509,598.5693832642341,0.05
20,6572,7.348664537935995,2,NORMAL,2.7215829347977505,894.3121523745408,0.1
8,6546,9.73895847594884,0,NORMAL,0.8214430752278756,672.1457963052093,0.0
16,774,0.7353197241905985,1,NORMAL,21.75924223658214,1052.603343194661,0.0625
14,6454,8.513107116908742,2,NORMAL,1.6445229465271483,758.1250783490153,0.14285714285714285
11,2064,9.336052117724003,0,NORMAL,1.1782282126635817,221.0784573579666,0.0
28,8637,2.836656838935808,2,NORMAL,9.87077450316634,3044.7814065659886,0.07142857142857142
34,1889,3.2373351403928767,2,NORMAL,10.502465307275486,583.504616630688,0.058823529411764705
30,2428,9.22878975519166,0,NORMAL,3.250697089845772,263.08975113818445,0.0
2,2506,2.6454737032979314,2,NORMAL,0.7560082708464411,947.2783633705907,1.0
39,7587,1.8695129557864287,0,NORMAL,20.8610482635539,4058.2762352713703,0.0
2,7583,5.213062073732976,2,NORMAL,0.3836516756777917,1454.6153283323472,1.0
22,5731,3.9135067330294486,0,NORMAL,5.621556701135348,1464.415520645758,0.0
18,2271,9.818521941217385,1,NORMAL,1.8332698249048476,231.29754290882826,0.05555555555555555
11,5613,7.696933598111842,1,NORMAL,1.4291405609499401,729.2514516920013,0.09090909090909091
6,7745,7.7549976713645785,0,NORMAL,0.7736946230370992,998.7108092370556,0.0
25,6411,0.5304008144364872,1,NORMAL,47.134165935549525,12087.08551251232,0.04
47,9589,2.9135980224337046,1,NORMAL,16.131257516691093,3291.1197516500188,0.02127659574468085
49,5480,0.9129040286557675,2,NORMAL,53.674864456619275,6002.821575964768,0.04081632653061224
24,1638,1.0582823645528499,0,NORMAL,22.678257527366608,1547.791076242771,0.0
38,8499,9.565878684699376,1,NORMAL,3.9724526363459955,888.4703935869636,0.02631578947368421
3,6073,6.607355238047102,0,NORMAL,0.45403945934753354,919.1272122058571,0.0
40,5539,2.336850260135413,1,NORMAL,17.117057383763274,2370.2845212166194,0.025
42,5744,0.8511407680831776,1,NORMAL,49.345539040018764,6748.5899106158995,0.023809523809523808
18,4981,7.968448914730857,2,NORMAL,2.2589088783294247,625.0902846088258,0.1111111111111111
27,7494,6.9503328703878156,2,NORMAL,3.88470602825868,1078.2217398433536,0.07407407407407407
24,5055,6.139498314153118,0,NORMAL,3.9091141933655793,823.3571769776252,0.0
16,6517,0.8886969888608411,0,NORMAL,18.003886814682794,7333.2081482054855,0.0
4,4397,2.844950153208829,1,NORMAL,1.4060000297328183,1545.5455326838007,0.25
12,8881,2.291871351043356,1,NORMAL,5.235895982790263,3874.999351930027,0.08333333333333333
38,8969,2.6405748971423098,2,NORMAL,14.390805593556337,3396.608825489652,0.05263157894736842
2,4660,3.426264651680338,0,NORMAL,0.5837260700276445,1360.0817431644118,0.0
23,7988,9.458153345864826,0,NORMAL,2.4317643369628565,844.5623271156215,0.0
42,353,7.314606603519506,2,NORMAL,5.741935592242408,48.25960152527547,0.047619047619047616
7,1292,9.870450514790495,0,NORMAL,0.7091874873908507,130.8957476727113,0.0
14,9315,1.0865076558233642,1,NORMAL,12.885321078930353,8573.340417874017,0.07142857142857142
27,5967,9.80507510586595,1,NORMAL,2.7536760002834733,608.5623960626476,0.037037037037037035
31,4142,1.0370245598048802,1,NORMAL,29.893216806584366,3994.1194842862083,0.03225806451612903
26,303,5.903528675278231,1,NORMAL,4.404145627153175,51.32523557797739,0.038461538461538464
8,8576,2.29683833883266,0,NORMAL,3.4830487913511154,3733.828304328396,0.0
43,4478,6.620227900636797,1,NORMAL,6.495244672145478,676.4117591131966,0.023255813953488372
2,7444,2.7961388929354776,0,NORMAL,0.7152720507028658,2662.2425727160667,0.0
42,8692,4.506879803673353,1,NORMAL,9.319085893031295,1928.6070138625719,0.023809523809523808
18,3672,5.626707961321942,0,NORMAL,3.199028654718215,652.6018455625158,0.0
43,7185,4.814907943557746,1,NORMAL,8.930596494068629,1492.2403676717,0.023255813953488372
42,5983,1.9726218192261087,0,NORMAL,21.29146073040867,3033.019275000835,0.0
24,9256,3.615637442644368,1,NORMAL,6.637833682363663,2559.9911901649193,0.041666666666666664
25,1262,5.236877115233669,1,NORMAL,4.7738374320980235,240.98331357230822,0.04
25,3945,7.1841050919166936,0,NORMAL,3.47990455041215,549.1289380550373,0.0
1,795,3.707426922201487,2,NORMAL,0.2697288499502494,214.4344357104483,2.0
22,5718,2.5839035684770013,2,NORMAL,8.514249629279776,2212.930880919171,0.09090909090909091
21,2225,3.6907903214767246,0,NORMAL,5.68983826520865,602.8519114328212,0.0
22,1122,5.40760324987382,0,NORMAL,4.068345805604977,207.48563608585383,0.0
6,8221,3.517393240601904,2,NORMAL,1.7058087025189332,2337.2422239013586,0.3333333333333333
14,6379,4.695216194706359,1,NORMAL,2.981758330060362,1358.6168848182178,0.07142857142857142
14,780,2.033921445366999,0,NORMAL,6.883255020438535,383.49563685300416,0.0
38,2629,3.878809231240078,1,NORMAL,9.79682106919478,677.7853313398177,0.02631578947368421
48,8225,5.443626766494559,0,NORMAL,8.817650816077121,1510.9412075465482,0.0
21,9898,7.119016428861102,2,NORMAL,2.9498456998728364,1390.3606065400636,0.09523809523809523
29,4993,6.376645836298753,2,NORMAL,4.547845488755057,783.0135353570345,0.06896551724137931
26,9504,2.6562945236831923,2,NORMAL,9.788071227865444,3577.9164980628148,0.07692307692307693
30,1649,2.748195837682652,1,NORMAL,10.91625261513268,600.0300187451264,0.03333333333333333
38,7773,9.398153639380435,2,NORMAL,4.043347391212166,827.07734926032,0.05263157894736842
17,1816,6.926104178364955,1,NORMAL,2.454482283576218,262.19646041025953,0.058823529411764705
18,4117,5.283316264425573,0,NORMAL,3.4069510699558783,779.2454197226862,0.0
7,2686,2.428380466876735,2,NORMAL,2.8825796021177275,1106.0869730411737,0.2857142857142857
41,5131,2.6115994478710483,2,NORMAL,15.699191556125815,1964.6963871824769,0.04878048780487805
18,6246,6.603047384442464,2,NORMAL,2.726014058661772,945.9268783556349,0.1111111111111111
13,7214,6.379732848618113,2,NORMAL,2.037702880116034,1130.7683520890055,0.15384615384615385
27,7585,5.4755132399534245,0,NORMAL,4.931044601077372,1385.2582703396986,0.0
35,2198,6.231666176553946,1,NORMAL,5.616475435042426,352.7146573206644,0.02857142857142857
17,6891,7.031228226694179,2,NORMAL,2.4177852648075353,980.0563682228661,0.11764705882352941
38,4168,5.243420003805459,2,NORMAL,7.247178363057158,794.901037295322,0.05263157894736842
5,6670,5.935045376591791,0,NORMAL,0.8424535420942741,1123.8330251537618,0.0
5,1600,5.3538538622979335,2,NORMAL,0.9339067013409187,298.850144429094,0.4
48,960,8.127605790880937,2,NORMAL,5.90579824305152,118.1159648610304,0.041666666666666664
49,7425,0.2149029582036583,1,NORMAL,228.0098906482427,34550.47832782045,0.02040816326530612
4,110,6.785507505615762,1,NORMAL,0.5894916477049882,16.211020311887175,0.25
39,9242,7.740483553781499,1,NORMAL,5.038444914846066,1193.9822539232653,0.02564102564102564
27,7252,9.38731117044231,1,NORMAL,2.8762229684059593,772.5321839585191,0.037037037037037035
21,1609,0.29647823430504927,2,NORMAL,70.83150656649183,5427.042574546921,0.09523809523809523
4,7411,3.341089688881025,1,NORMAL,1.1972141943126504,2218.138598512763,0.25
15,157,5.9562824487161175,1,NORMAL,2.518349344436019,26.35872313843033,0.06666666666666667
26,8776,7.182956298239477,2,NORMAL,3.619679547037274,1221.7810655691967,0.07692307692307693
2,4720,1.435426051991581,2,NORMAL,1.3933145474300828,3288.2223319349955,1.0
42,2471,1.4623271780732408,0,NORMAL,28.72134268566294,1689.772328006503,0.0
41,6280,1.3469141952930042,0,NORMAL,30.439949436482824,4662.509328319808,0.0
4,6212,0.4663497792273178,0,NORMAL,8.57725290795139,13320.473766048508,0.0
25,2824,9.600883933423859,0,NORMAL,2.6039269064556354,294.13958335322855,0.0
4,7934,5.032253506777157,1,NORMAL,0.7948725147914397,1576.6296330888206,0.25
2,8306,6.75165998819774,1,NORMAL,0.2962234477885596,1230.2159786658879,0.5
28,5355,4.379740530455528,0,NORMAL,6.393072787142432,1222.6751705409902,0.0
32,9196,2.9965245965207017,2,NORMAL,10.679037988593706,3068.8885419721164,0.0625
4,8272,7.889884769215659,2,NORMAL,0.5069782534222795,1048.4310280772743,0.5
17,1639,0.5887980645804595,0,NORMAL,28.872377513864848,2783.6368673661464,0.0
38,1898,0.8987991398201648,0,NORMAL,42.27863414244387,2111.7065158515384,0.0
36,4964,9.901539670354532,1,NORMAL,3.6357981888195567,501.33617248056333,0.027777777777777776
18,6023,4.822618607239239,0,NORMAL,3.7324120910121685,1248.9065568981273,0.0
32,3511,9.286664394738107,0,NORMAL,3.4458012737201353,378.0690085009811,0.0
40,2173,7.033019254716035,0,NORMAL,5.687457769033939,308.9711433027687,0.0
25,2242,6.326670802635146,1,NORMAL,3.9515253408770934,354.3727925698577,0.04
48,3822,5.019776052601598,2,NORMAL,9.562179566780285,761.3885480048802,0.041666666666666664
7,4431,0.8734550729343065,2,NORMAL,8.014150031190532,5072.956969743606,0.2857142857142857
7,6274,8.695146954412353,0,NORMAL,0.805046773412823,721.5519223417217,0.0
12,4979,7.12706967687368,2,NORMAL,1.6837214372883542,698.604086354893,0.16666666666666666
38,1717,9.2885077450497,0,NORMAL,4.091076956925838,184.85208250109642,0.0
44,3861,3.534106567762528,1,NORMAL,12.450105608404662,1092.496767137509,0.022727272727272728
26,6563,3.7542962249221263,2,NORMAL,6.9253991806518425,1748.130570100694,0.07692307692307693
8,2647,5.086824805683633,0,NORMAL,1.5726902941617737,520.3639010807769,0.0
30,6500,2.6170073261653495,2,NORMAL,11.463475741949269,2483.7530774223414,0.06666666666666667
8,4950,5.837684874119959,0,NORMAL,1.3704062779178388,847.9388844616627,0.0
49,2355,4.553893668560813,0,NORMAL,10.760022865330907,517.1398744460058,0.0
20,6491,0.318715589846702,2,NORMAL,62.75187231857637,20366.12016099396,0.1
33,7422,9.865756041907009,2,NORMAL,3.3449033059225375,752.2991617138507,0.06060606060606061
22,4083,8.518289573698729,1,NORMAL,2.5826781080473853,479.3215779617033,0.045454545454545456
32,5769,5.364779781757949,1,NORMAL,5.964830114520402,1075.3470290833811,0.03125
23,4347,0.6731532843545841,0,NORMAL,34.167552227056696,6457.667370913716,0.0
11,6954,3.144290790889417,2,NORMAL,3.498404165375703,2211.627506002058,0.18181818181818182
2,7072,7.076221022142819,0,NORMAL,0.28263673417515167,999.4034920433364,0.0
17,9628,3.2112399713066817,1,NORMAL,5.293905205434569,2998.218783407296,0.058823529411764705
5,9122,2.164961701268323,1,NORMAL,2.3095096772708708,4213.469455212977,0.2
47,2004,8.25608557219758,0,NORMAL,5.692770452655286,242.73004227917434,0.0
40,2102,8.66139556421565,1,NORMAL,4.618193419690823,242.68606420475274,0.025
32,9678,8.246616290923168,0,NORMAL,3.880379403031223,1173.5722457042555,0.0
21,896,1.68751536753545,0,NORMAL,12.444331117807643,530.958127693126,0.0
8,1183,6.1253868430449705,2,NORMAL,1.3060399620447722,193.13065938737068,0.25
14,5329,0.1476236930879306,1,NORMAL,94.83572526302426,36098.541423332594,0.07142857142857142
16,1089,7.18807569160535,1,NORMAL,2.225908669643772,151.50090882762922,0.0625
41,3933,6.595819597022354,0,NORMAL,6.216058428661272,596.2867756079215,0.0
40,7561,6.772839532697084,2,NORMAL,5.90594237570415,1116.3707575674769,0.05
45,1488,4.9214791994104505,2,NORMAL,9.143592439726373,302.3481233402854,0.044444444444444446
11,7422,2.7309868526499517,0,NORMAL,4.027848024726445,2717.698912683607,0.0
10,2468,4.325619566749871,0,NORMAL,2.311807556278851,570.5541048896204,0.0
22,8361,7.640366187112305,2,NORMAL,2.8794431394020594,1094.3192767518462,0.09090909090909091
8,8468,3.7383703209597376,2,NORMAL,2.1399699101896865,2265.1581499357835,0.25
44,2499,6.893058744516988,2,NORMAL,6.38323299290019,362.53861930130853,0.045454545454545456
35,4709,4.801230710638046,0,NORMAL,7.289797576786052,980.790193973872,0.0
15,5249,9.304223024953703,1,NORMAL,1.6121711570939732,564.152426905751,0.06666666666666667
46,7289,3.4939838264455596,2,NORMAL,13.165487387729536,2086.157338460013,0.043478260869565216
13,1211,1.8409094885874635,0,NORMAL,7.061726869567578,657.8270183881798,0.0
40,984,5.974889943517691,1,NORMAL,6.694683982153849,164.6892259609847,0.025
7,2440,3.3896275673832803,0,NORMAL,2.065123634040966,719.8430952942797,0.0
21,5905,4.972676738291137,1,NORMAL,4.223077651175986,1187.489215723533,0.047619047619047616
24,8002,1.8884142013093694,1,NORMAL,12.709076209742081,4237.417826264839,0.041666666666666664
6,2681,2.9696501968350173,0,NORMAL,2.020439985286704,902.7999334256089,0.0
2,4264,4.509058230622071,0,NORMAL,0.44355160162215945,945.6520146584439,0.0
37,7210,5.669368697767766,0,NORMAL,6.526299835565154,1271.7465355249935,0.0
19,3724,6.675120334052204,0,NORMAL,2.8463906340495653,557.8925642737148,0.0
46,1915,0.33175487440803536,1,NORMAL,138.65659120180163,5772.334177205437,0.021739130434782608
17,5050,7.986945912323036,1,NORMAL,2.128473159405117,632.2817326468142,0.058823529411764705
18,3987,3.684308409943842,0,NORMAL,4.885584483486377,1082.1569630922324,0.0
41,2882,9.467490993591376,1,NORMAL,4.330608819987602,304.41011266351876,0.024390243902439025
5,7877,2.957012530078025,2,NORMAL,1.6908957771200477,2663.837207274923,0.4
25,1181,3.3388903037423283,2,NORMAL,7.487517625834922,353.71033264444173,0.08
8,9086,0.45629193772593224,1,NORMAL,17.53263500527842,19912.690207244963,0.125
43,549,4.429379456645217,1,NORMAL,9.707906134681881,123.94512716140356,0.023255813953488372
11,6664,8.40871093194166,0,NORMAL,1.3081672195692882,792.5114864736124,0.0
36,6739,1.2842195137691024,1,NORMAL,28.032590701212985,5247.545242652064,0.027777777777777776
49,192,6.220731094737353,2,NORMAL,7.8768876605923825,30.864539404770152,0.04081632653061224
43,4744,4.7407626107961836,0,NORMAL,9.070270656892985,1000.6828836348911,0.0
20,3719,9.034331008129596,0,NORMAL,2.2137776424178925,411.6519526076071,0.0
36,4679,3.8457247783563426,2,NORMAL,9.361044295891176,1216.6757294576337,0.05555555555555555
38,4763,2.8765968281307916,1,NORMAL,13.210054196121861,1655.776003582327,0.02631578947368421
21,6529,9.501258105386025,1,NORMAL,2.2102336098095923,687.1721542117537,0.047619047619047616
15,8035,2.3767485990497925,0,NORMAL,6.311142880655066,3380.6688697375635,0.0
33,7747,7.606834583453758,2,NORMAL,4.338203971436552,1018.4262474763323,0.06060606060606061
35,6828,0.787470616184822,1,NORMAL,44.446102852154404,8670.799722128864,0.02857142857142857
10,2658,7.637003304665974,1,NORMAL,1.3094141250260174,348.0422744319154,0.1
10,5074,3.926917567172721,0,NORMAL,2.5465265896069575,1292.1075915665704,0.0
26,9712,6.6921284282968,2,NORMAL,3.8851615414405916,1451.2572650181164,0.07692307692307693
46,2070,5.916035276887607,0,NORMAL,7.775477637821041,349.89649370194684,0.0
22,3760,1.2004241114363357,1,NORMAL,18.32685614226499,3132.226322496198,0.045454545454545456
24,6455,7.327840995262401,0,NORMAL,3.2751802359680693,880.8870176322453,0.0
16,9620,2.8206914560408363,2,NORMAL,5.672368016620235,3410.511269992916,0.125
3,7935,7.237247258218081,0,NORMAL,0.41452224761195255,1096.4113449336146,0.0
15,6835,7.596698322482403,0,NORMAL,1.9745420132858968,899.7329773872736,0.0
14,2767,1.9328286072609846,2,NORMAL,7.243270276219384,1431.5806324499313,0.14285714285714285
22,8674,8.049219354914722,0,NORMAL,2.7331843039619934,1077.620029662106,0.0
30,8497,9.155538724614427,1,NORMAL,3.2767050527945214,928.0720944531682,0.03333333333333333
29,8402,3.711334276710407,1,NORMAL,7.813901372878909,2263.8758391354686,0.034482758620689655
35,7023,7.480922459550381,0,NORMAL,4.678567407862635,938.7879687262654,0.0
15,829,0.4812814676945931,2,NORMAL,31.166793252713717,1722.4847737666448,0.13333333333333333
25,3809,9.003777128011002,2,NORMAL,2.7766124865779163,423.04467845501136,0.08
23,2438,4.515540248873385,1,NORMAL,5.093521202859046,539.9132475030589,0.043478260869565216
16,171,1.7169597752679642,0,NORMAL,9.318797231288016,99.59464540939068,0.0
25,9442,5.240993943243752,2,NORMAL,4.770087557957951,1801.566668889559,0.08
36,5831,3.1593839093218654,2,NORMAL,11.394626621279176,1845.6129952410797,0.05555555555555555
20,4665,7.27236943267002,0,NORMAL,2.75013531492955,641.4690622073176,0.0
2,2274,2.6524753606032188,1,NORMAL,0.7540126591581855,857.3123934628569,0.5
21,7618,3.6115792781536364,1,NORMAL,5.814630770264006,2109.326533708152,0.047619047619047616
14,7501,3.694141487048276,2,NORMAL,3.789784459822192,2030.512373794733,0.14285714285714285
24,6251,2.6461728441004073,1,NORMAL,9.069702326326698,2362.279551744508,0.041666666666666664
19,5808,1.1402549376078372,1,NORMAL,16.662940341973407,5093.597763483239,0.05263157894736842
48,9201,2.036271384996031,1,NORMAL,23.572496452919292,4518.552913818967,0.020833333333333332
5,7685,6.3078371605765,1,NORMAL,0.7926647236947741,1218.3256803188679,0.2
33,2183,8.161719343217289,1,NORMAL,4.043265715504455,267.46815324079466,0.030303030303030304
38,3825,0.6295976472910303,2,NORMAL,60.35600698875321,6075.3085982100265,0.05263157894736842
11,7916,9.934920436317434,2,NORMAL,1.1072056460350836,796.7854449103385,0.18181818181818182
4,2426,1.450380764067722,0,NORMAL,2.757896477323406,1672.6642134966455,0.0
10,4677,0.38381274753107597,2,NORMAL,26.05437173289909,12185.629659476903,0.2
46,9586,8.146144497627319,1,NORMAL,5.646843118655477,1176.753002944161,0.021739130434782608
48,2476,1.9190033072903339,1,NORMAL,25.012984510056334,1290.2531176437394,0.020833333333333332
36,7672,8.13618737476778,2,NORMAL,4.424676859292156,942.9478017913729,0.05555555555555555
44,4612,6.530441562696768,2,NORMAL,6.737676093962328,706.2309578489603,0.045454545454545456
18,8982,6.980529838122571,1,NORMAL,2.578600825068766,1286.7218117093141,0.05555555555555555
19,9313,0.4663906318992034,1,NORMAL,40.73838259278392,19968.239846662982,0.05263157894736842
26,4684,0.19756097572545167,2,NORMAL,131.6049381945345,23709.1357885846,0.07692307692307693
13,2559,8.85135133705052,2,NORMAL,1.4687022924492688,289.1083974136676,0.15384615384615385
45,8706,5.252862595732968,1,NORMAL,8.56675749267735,1657.382016249978,0.022222222222222223
40,9930,9.370127658793509,1,NORMAL,4.268885276334685,1059.7507698500856,0.025
31,3547,5.6826367581798225,0,NORMAL,5.455214070365718,624.1820744382969,0.0
35,5904,5.765823350380759,0,NORMAL,6.0702518743812535,1023.9647733241976,0.0
22,2752,0.8154218727464851,0,NORMAL,26.979899283177318,3374.940128513817,0.0
4,7913,4.536614032689821,0,NORMAL,0.8817148585215536,1744.2524188702635,0.0
28,852,2.8492667647888896,1,NORMAL,9.827089673042462,299.02430005114917,0.03571428571428571
30,423,1.5040028660108176,1,NORMAL,19.946770500226044,281.24946405318724,0.03333333333333333
13,7463,5.45456459622116,0,NORMAL,2.383324969513828,1368.2118651908997,0.0
31,4578,7.397058123503933,2,NORMAL,4.190855267379665,618.8946907762615,0.06451612903225806
18,7050,9.962343414561344,1,NORMAL,1.8068038061898677,707.6648240910315,0.05555555555555555
16,1109,5.761632959879235,1,NORMAL,2.776990501028959,192.4801541025697,0.0625
21,3794,6.557254365242039,0,NORMAL,3.202559917656154,578.5958251232119,0.0
27,5257,2.6490772662831144,0,NORMAL,10.192228193435575,1984.4645782552157,0.0
26,8702,2.746670643015338,1,NORMAL,9.46600571354154,3168.1992968937875,0.038461538461538464
39,6013,6.919830953890598,2,NORMAL,5.635975829448938,868.9518631404222,0.05128205128205128
23,764,7.383500475139321,2,NORMAL,3.115053635798135,103.47395555433805,0.08695652173913043
22,6055,4.6550877394802725,0,NORMAL,4.726011888758994,1300.7273630198051,0.0
19,6308,2.2533433628863766,1,NORMAL,8.431915132393456,2799.3958239546278,0.05263157894736842
43,8321,6.306725703271069,2,NORMAL,6.818117993889835,1319.3851122594724,0.046511627906976744
36,128,1.8995413398313576,2,NORMAL,18.95194342187683,67.38468772222873,0.05555555555555555
34,8299,5.361171836667016,1,NORMAL,6.341897076952758,1547.9824659303217,0.029411764705882353
42,8933,2.5628994656502884,2,NORMAL,16.38768924138945,3485.5054284126654,0.047619047619047616
26,3681,3.287455922152748,0,NORMAL,7.908851286734283,1119.7108302488036,0.0
29,9237,1.8190085205786355,0,NORMAL,15.942751049222661,5078.041084195507,0.0
2,6024,0.8012470204738225,1,NORMAL,2.4961091260186996,7518.280687568323,0.5
29,6489,7.124591410427441,0,NORMAL,4.070408859875958,910.7890721287962,0.0
40,7350,9.598202891263446,0,NORMAL,4.167446807819527,765.768350936838,0.0
20,8763,8.627795524850645,0,NORMAL,2.3180892433523703,1015.6708019748411,0.0
48,9172,1.8807720917184418,1,NORMAL,25.521433570477377,4876.720598092053,0.020833333333333332
34,2896,8.032188972693193,1,NORMAL,4.232968138024248,360.54928610935946,0.029411764705882353
33,5252,9.537011420503319,0,NORMAL,3.460203468882751,550.6966248052184,0.0
41,9816,8.798231909143363,0,NORMAL,4.660027199032078,1115.6787069682655,0.0
28,2893,1.8915638709826972,1,NORMAL,14.802566505699625,1529.422317892465,0.03571428571428571
30,1952,2.3714917762541954,0,NORMAL,12.650265246707042,823.1105920524049,0.0
11,4006,4.483997283147613,0,NORMAL,2.4531683017163592,893.3992924250668,0.0
33,5587,6.576893694612325,2,NORMAL,5.017566275555437,849.489175197825,0.06060606060606061
15,4877,5.3852866082156385,2,NORMAL,2.785367073521478,905.6156811709499,0.13333333333333333
27,1061,4.589185664741535,1,NORMAL,5.883396744533466,231.19570170185213,0.037037037037037035
23,9460,7.562388192060094,0,NORMAL,3.041367279207932,1250.927585274219,0.0
1,7206,6.540899998737429,1,NORMAL,0.15288415970172714,1101.6832548106458,1.0
42,3603,7.153084705429638,1,NORMAL,5.871592708544242,503.6987744972596,0.023809523809523808
27,6715,1.8837469010929138,2,NORMAL,14.333135722391962,3564.703939846742,0.07407407407407407
49,8625,3.3774175381241727,0,NORMAL,14.50812623754383,2553.726302016644,0.0
29,4726,4.616044277979658,0,NORMAL,6.282435404344229,1023.8203352045113,0.0
24,2224,1.530166582072921,1,NORMAL,15.684566818527124,1453.4365251835136,0.041666666666666664
4,9159,1.9795948555190774,1,NORMAL,2.020615475357529,4626.704284699903,0.25
16,6498,2.0019137738618973,1,NORMAL,7.992352222610646,3245.8940464077486,0.0625
4,666,7.611038323575201,2,NORMAL,0.5255524712850276,87.50448646895708,0.5
13,5379,6.6466692100862135,0,NORMAL,1.9558668543746256,809.277523821624,0.0
18,6355,1.9278968572623818,1,NORMAL,9.336599067628567,3296.338170821086,0.05555555555555555
18,4551,7.1836745199908005,2,NORMAL,2.5056814517291146,633.5197937121778,0.1111111111111111
10,2935,8.855521504353959,0,NORMAL,1.1292389719886446,331.4316382786672,0.0
30,3970,7.444670833605007,2,NORMAL,4.029728200282672,533.2673651707402,0.06666666666666667
20,9992,7.320889051873289,1,NORMAL,2.731908632720277,1364.8615529070503,0.05
1,1888,4.374717730775081,0,NORMAL,0.22858617664980804,431.5707015148376,0.0
49,3350,2.2526119308061503,1,NORMAL,21.752526180780812,1487.1625041962393,0.02040816326530612
37,6642,3.266240720224731,1,NORMAL,11.328007691194983,2033.5304617545157,0.02702702702702703
25,1976,3.950014944128454,2,NORMAL,6.329089979054774,500.2512719444893,0.08
20,6364,8.3529530724619,0,NORMAL,2.3943627872082986,761.8862388896807,0.0
15,5696,0.8447854326228715,2,NORMAL,17.755987994996936,6742.540507966836,0.13333333333333333
9,5371,4.0985190244875636,1,NORMAL,2.195915145501921,1310.473360721202,0.1111111111111111
1,2330,3.6450732341213903,2,NORMAL,0.2743429104905324,639.2189814429405,2.0
4,4762,2.2203436995769428,2,NORMAL,1.8015228906957725,2144.713001373317,0.5
19,8171,3.7307125709654883,0,NORMAL,5.092860851267055,2190.198211352795,0.0
23,3633,2.028606863043053,0,NORMAL,11.337830123229685,1790.8842103344975,0.0
26,5832,9.329626153590201,2,NORMAL,2.7868212050484735,625.1054333785653,0.07692307692307693
11,8272,7.153220564193001,1,NORMAL,1.5377688834401233,1156.4022003469727,0.09090909090909091
26,670,6.799849663207902,0,NORMAL,3.823613945566882,98.53159013576196,0.0
14,6748,3.3231410320112893,0,NORMAL,4.212881687879095,2030.608973557724,0.0
4,8506,9.159141494086871,2,NORMAL,0.43672215377198775,928.6896599961319,0.5
2,7071,8.74966270610196,1,NORMAL,0.22858023985372744,808.1454380028534,0.5
30,7220,2.7133788512701784,0,NORMAL,11.056325579436315,2660.88902278434,0.0
6,5732,4.381970081131374,1,NORMAL,1.3692471397364878,1308.0874341615913,0.16666666666666666
3,3350,0.8761771887339852,2,NORMAL,3.4239649680161044,3823.4275476179832,0.6666666666666666
12,9223,0.41482533548947487,2,NORMAL,28.927837750894724,22233.453964708504,0.16666666666666666
19,2708,5.3658691862159165,0,NORMAL,3.540898844274483,504.67126685764737,0.0
20,7382,9.778210984460198,1,NORMAL,2.0453639251376914,754.9438247683219,0.05
21,5546,6.551030738961364,2,NORMAL,3.205602421479319,846.5843347392525,0.09523809523809523
35,8627,3.7494483454169028,2,NORMAL,9.334706542305582,2300.8718097277215,0.05714285714285714
45,3971,2.0409507544607655,2,NORMAL,22.04854766909324,1945.6618398659834,0.044444444444444446
5,5366,6.977027028416006,2,NORMAL,0.7166376136477645,769.0954869667809,0.4
35,3853,0.5818285992819529,0,NORMAL,60.15517292067501,6622.225178953166,0.0
14,8913,1.5961517003688108,1,NORMAL,8.771096128748367,5584.055699681014,0.07142857142857142
28,9383,5.108624350352113,2,NORMAL,5.4809275608746,1836.6979751316564,0.07142857142857142
38,8653,6.349775254743449,1,NORMAL,5.984463776353817,1362.7253962313048,0.02631578947368421
38,655,2.105750738737222,1,NORMAL,18.045820571711097,311.0529598544939,0.02631578947368421
13,2784,1.8757223606393543,2,NORMAL,6.930663232893833,1484.228187721264,0.15384615384615385
41,5808,3.156605789133937,2,NORMAL,12.988634862527125,1839.9510068672569,0.04878048780487805
7,8232,6.204189835526475,1,NORMAL,1.128269795987955,1326.845280081835,0.14285714285714285
11,2556,0.45686054046475844,2,NORMAL,24.077369406449154,5594.7051093530945,0.18181818181818182
19,1912,0.3270356498386971,1,NORMAL,58.09764167720344,5846.45741509542,0.05263157894736842
38,6967,4.972394891949108,1,NORMAL,7.642192711107171,1401.135700481149,0.02631578947368421
17,5090,2.5807095552070822,1,NORMAL,6.587335628567423,1972.325785259305,0.058823529411764705
20,5282,6.853208287373642,1,NORMAL,2.918341185813369,770.7339071733107,0.05
44,4478,4.094826220899991,0,NORMAL,10.74526674060648,1093.5751014644504,0.0
19,8754,2.6607380356345196,0,NORMAL,7.1408758568255575,3290.0645921395226,0.0
45,4890,2.865910895590734,1,NORMAL,15.701814061711923,1706.263794706029,0.022222222222222223
14,6743,2.153336165467212,1,NORMAL,6.501539436580448,3131.420030061569,0.07142857142857142
6,2555,6.029914543527824,0,NORMAL,0.9950389772007743,423.7207644579964,0.0
25,2751,3.6102402812507197,0,NORMAL,6.924746845752628,761.9991429066191,0.0
16,8919,5.767182200719185,0,NORMAL,2.7743184527800686,1546.5091425215894,0.0
37,8708,5.21471301169595,2,NORMAL,7.095308968492345,1669.8905539900363,0.05405405405405406
25,262,3.1943315413242495,0,NORMAL,7.8263635682712955,82.02029019548317,0.0
37,9658,4.0342701590546435,1,NORMAL,9.171423464776158,2393.989400616436,0.02702702702702703
1,456,5.240230043129419,2,NORMAL,0.19083131690203603,87.01908050732843,2.0
11,6529,6.155558269956011,2,NORMAL,1.7870028220979879,1060.6674023161602,0.18181818181818182
45,2692,5.272542545847404,1,NORMAL,8.53478176964954,510.56961164214584,0.022222222222222223
39,5678,9.605383629751943,0,NORMAL,4.060223048166496,591.1268324997274,0.0
37,1347,2.6979963426892852,2,NORMAL,13.71388071012708,499.25938693354533,0.05405405405405406
44,1151,5.044905909156835,2,NORMAL,8.721669103904816,228.1509349680555,0.045454545454545456
43,868,5.313157447067755,2,NORMAL,8.093116085564338,163.3680177272057,0.046511627906976744
43,2818,9.536097088293113,2,NORMAL,4.509182278857929,295.50873632143356,0.046511627906976744
17,7000,8.174686081183221,2,NORMAL,2.0795905593404003,856.3019950225178,0.11764705882352941
5,4251,3.895369455454742,0,NORMAL,1.2835752955341444,1091.2957162631296,0.0
2,5406,7.97889851829336,0,NORMAL,0.2506611652491337,677.5371296684084,0.0
15,8509,8.559560303116129,2,NORMAL,1.752426464539214,994.0931191176114,0.13333333333333333
25,2906,9.223954831964477,0,NORMAL,2.71033417394517,315.04924437938655,0.0
47,4600,2.0449706918929484,1,NORMAL,22.98321447164309,2249.420990841664,0.02127659574468085
26,643,1.5008651206005814,1,NORMAL,17.323342146558726,428.4195769322024,0.038461538461538464
6,8914,6.157276130086812,0,NORMAL,0.9744568658666614,1447.7180837225699,0.0
44,2293,0.2628860563435357,2,NORMAL,167.37289383846758,8722.410126627412,0.045454545454545456
32,7615,6.654646796764311,2,NORMAL,4.808669938058825,1144.313174322436,0.0625
1,6893,2.0812211957803948,1,NORMAL,0.48048713035763135,3311.9977895551533,1.0
6,932,3.3649583828885454,2,NORMAL,1.783082973777965,276.97222192684393,0.3333333333333333
8,7630,0.9768865168510066,2,NORMAL,8.189282851183163,7810.528519315942,0.25
19,7020,0.882313984582336,2,NORMAL,21.53428408934728,7956.351279327258,0.10526315789473684
26,314,9.076091790859625,2,NORMAL,2.864669132829193,34.5963887580141,0.07692307692307693
30,8528,1.0123392059177962,2,NORMAL,29.63433582798141,8424.053864700849,0.06666666666666667
10,2421,0.9828047026761271,1,NORMAL,10.174961488045906,2463.358176255914,0.1
6,3234,1.1384748748257325,0,NORMAL,5.270208533076697,2840.6423993283397,0.0
13,8452,4.44389517821971,1,NORMAL,2.9253615305138663,1901.935050454092,0.07692307692307693
27,207,7.3495776105159125,2,NORMAL,3.6736805066685596,28.16488388445896,0.07407407407407407
34,198,2.764302439342052,0,NORMAL,12.299667184062733,71.6274736013065,0.0
32,9817,5.724375470330534,0,NORMAL,5.590129467547361,1714.9469057160138,0.0
48,6989,4.170949198114143,0,NORMAL,11.508171814152703,1675.6377668565258,0.0
9,8020,8.845068535363568,0,NORMAL,1.0175161406626754,906.7199386794063,0.0
31,6842,3.258553173346891,0,NORMAL,9.513424624634744,2099.704880056481,0.0
7,3169,4.388617271345149,2,NORMAL,1.5950354216817908,722.0953216156564,0.2857142857142857
45,3901,0.9685527708602294,0,NORMAL,46.46107197652516,4027.658706231659,0.0
11,9419,3.05346263484837,1,NORMAL,3.6024675312741277,3084.694697915546,0.09090909090909091
1,3188,8.763362936949056,0,NORMAL,0.11411144411053545,363.78728382438703,0.0
16,1395,0.6449647903360463,0,NORMAL,24.80755576077806,2162.908767892837,0.0
29,6222,2.349512137666563,1,NORMAL,12.34298794846899,2648.209345357726,0.034482758620689655
17,5279,4.5136111774650765,2,NORMAL,3.766385568361584,1169.5734950224,0.11764705882352941
14,5717,6.176365890746147,1,NORMAL,2.2667050896346272,925.6252141029404,0.07142857142857142
39,4074,5.362953050071176,1,NORMAL,7.272112889275136,759.6561002796642,0.02564102564102564
42,2649,4.490107797243941,1,NORMAL,9.353895696174574,589.9635642658678,0.023809523809523808
17,6386,1.492348650189414,0,NORMAL,11.391439927822699,4279.160904651515,0.0
9,7759,2.5853500499737323,1,NORMAL,3.4811533548779754,3001.1409867220236,0.1111111111111111
11,3436,6.182984516848511,0,NORMAL,1.7790761031384144,555.7186809439629,0.0
35,5095,0.6514100365812235,1,NORMAL,53.729598923113755,7821.494471807559,0.02857142857142857
18,4092,2.8332751607053557,0,NORMAL,6.353071614660549,1444.2649470661647,0.0
42,6940,7.1712125139318355,2,NORMAL,5.856750154650238,967.758239839825,0.047619047619047616
31,3691,9.39530345467619,0,NORMAL,3.2995208882338773,392.85585801520136,0.0
33,6896,5.302837874466473,1,NORMAL,6.223082956938446,1300.4357597287128,0.030303030303030304
1,5286,3.054884258068682,2,NORMAL,0.3273446440266142,1730.3437883246825,2.0
20,9071,5.715354868235791,1,NORMAL,3.499345265707635,1587.128045261698,0.05
27,8916,6.334134325718663,1,NORMAL,4.262618790759006,1407.6114495706406,0.037037037037037035
19,3863,8.92273514961365,1,NORMAL,2.1293919052189607,432.93899630846556,0.05263157894736842
7,3398,9.170924968391777,2,NORMAL,0.7632817871835154,370.5187875499408,0.2857142857142857
12,7018,5.914444490418317,2,NORMAL,2.028931038145776,1186.5865021422546,0.16666666666666666
27,4067,0.8172433304979022,0,NORMAL,33.03789580460737,4976.4860087903035,0.0
23,385,3.9240694378740217,0,NORMAL,5.861262234049792,98.11243304822477,0.0
11,258,1.7013440090558511,1,NORMAL,6.465476671060999,151.64481646670345,0.09090909090909091
7,3373,5.564522014036452,1,NORMAL,1.2579696840703603,606.1616777670464,0.14285714285714285
3,2536,3.6512057839457777,1,NORMAL,0.8216463758879036,694.5650697505745,0.3333333333333333
21,7461,1.0632311287800107,1,NORMAL,19.751114721496304,7017.288901765901,0.047619047619047616
41,4268,0.6622286786045297,1,NORMAL,61.91214806099392,6444.903607910293,0.024390243902439025
5,8994,7.696127013471461,1,NORMAL,0.6496774275226872,1168.6397566278097,0.2
33,4731,5.704429707003767,2,NORMAL,5.78497793731832,829.3554733773628,0.06060606060606061
34,9693,0.36465492582795356,1,NORMAL,93.23883373521576,26581.294570454305,0.029411764705882353
8,636,0.8926999216756102,1,NORMAL,8.961578023871548,712.4454528977881,0.125
17,6877,7.29368806307589,0,NORMAL,2.3307824317387618,942.870046062792,0.0
36,7902,1.5769302411890458,2,NORMAL,22.82916457538101,5011.001624296132,0.05555555555555555
48,4231,8.128979940484195,2,NORMAL,5.904799907421217,520.4835085062326,0.041666666666666664
25,5157,6.318531039863844,2,NORMAL,3.9566158403391682,816.1707155451636,0.08
33,1680,5.5386487513911815,2,NORMAL,5.958131934564573,303.3230803051056,0.06060606060606061
21,8165,3.27124460580803,2,NORMAL,6.4195749723866316,2495.991888073183,0.09523809523809523
13,8863,7.635201833537671,0,NORMAL,1.7026399934704306,1160.8075586252635,0.0
41,2729,8.823744185066984,2,NORMAL,4.646553565025951,309.2791385111176,0.04878048780487805
32,4188,2.132562726400408,2,NORMAL,15.005420287924375,1963.8343801821027,0.0625
24,3379,1.0597125672288596,0,NORMAL,22.6476506386631,3188.600479501776,0.0
41,1557,9.567947090855446,2,NORMAL,4.285140752835653,162.73083297963686,0.04878048780487805
19,5941,5.6477618285480276,1,NORMAL,3.3641645269033367,1051.9211291754066,0.05263157894736842
7,6081,0.2002641132553204,1,NORMAL,34.953841136157884,30364.901135568016,0.14285714285714285
47,2560,5.12511081994571,0,NORMAL,9.170533409167895,499.50139420148537,0.0
3,8406,8.517509206932388,0,NORMAL,0.35221564510412323,986.9082375817533,0.0
33,6457,1.9505672497509046,2,NORMAL,16.91815547718964,3310.3190883701063,0.06060606060606061
8,3499,3.058783434407311,2,NORMAL,2.6154188982490454,1143.918840621676,0.25
3,8085,1.7492513414866584,0,NORMAL,1.7150194079315966,4621.977304375653,0.0
28,1037,7.934133483481385,2,NORMAL,3.5290558267383725,130.70110329741757,0.07142857142857142
11,4231,5.2265790204206315,0,NORMAL,2.104627129336835,809.5161258385589,0.0
14,7278,4.473703782095284,1,NORMAL,3.129398074148535,1626.839941689503,0.07142857142857142
44,1050,2.438899240672292,1,NORMAL,18.040925703790545,430.52209065863804,0.022727272727272728
5,8146,6.917047137234132,2,NORMAL,0.7228518037827502,1177.6701587228565,0.4
45,2725,1.135565284627913,0,NORMAL,39.6278405206311,2399.685898193772,0.0
40,1115,9.568612255099383,1,NORMAL,4.1803345076171174,116.52682439982716,0.025
43,9327,2.277770012012902,0,NORMAL,18.878113142775202,4094.794448434054,0.0
18,1933,6.608291413020025,2,NORMAL,2.7238508223979645,292.51131331640363,0.1111111111111111
19,349,9.711791316376138,1,NORMAL,1.956384706080121,35.935698022208534,0.05263157894736842
5,8716,8.184753643432963,2,NORMAL,0.6108919361319751,1064.906823065259,0.4
45,4062,6.565998201012176,0,NORMAL,6.853489541477952,618.6416559440765,0.0
12,8565,5.866340070660488,2,NORMAL,2.0455684217858385,1460.0244610496422,0.16666666666666666
20,9671,9.983283533366942,0,NORMAL,2.0033488914898965,968.7193564799394,0.0
38,4219,8.719311613225731,1,NORMAL,4.358142211864568,483.86847346991084,0.02631578947368421
8,3443,6.8953973842535845,0,NORMAL,1.160194192472344,499.31857558528503,0.0
35,4583,6.030747982866761,2,NORMAL,5.80359187607148,759.938901943874,0.05714285714285714
32,5176,9.644857350262733,0,NORMAL,3.31783030457452,536.6590517649286,0.0
19,5117,5.982329578306672,1,NORMAL,3.1760202695783346,855.3524062859125,0.05263157894736842
30,4388,6.94189134229047,2,NORMAL,4.321588817911623,632.1043910998734,0.06666666666666667
48,9476,4.95878991144112,1,NORMAL,9.679780925836859,1910.950084442293,0.020833333333333332
21,1686,6.626021487092609,0,NORMAL,3.169322653255455,254.45133301850936,0.0
39,5908,5.105260237401652,1,NORMAL,7.639179627765508,1157.2377754061185,0.02564102564102564
10,1941,7.4953357777649785,1,NORMAL,1.3341630443915726,258.96104691640426,0.1
13,7388,6.756834700067878,0,NORMAL,1.923977805742296,1093.4113868326217,0.0
21,9176,2.187823597346494,0,NORMAL,9.59858007997989,4194.122419709308,0.0
45,520,0.9553469195697006,0,NORMAL,47.103307791339844,544.3048900332604,0.0
30,9328,9.405379670549737,1,NORMAL,3.189663899899378,991.7728286087133,0.03333333333333333
20,4461,1.4477076029253608,0,NORMAL,13.814944371077628,3081.423341968865,0.0
41,9875,2.9446904511647016,0,NORMAL,13.923365012367746,3353.4934023690607,0.0
16,6751,7.459764903487837,1,NORMAL,2.1448397110368917,904.9883055756285,0.0625
25,7353,2.248135858207842,1,NORMAL,11.120324382855303,3270.709807485402,0.04
35,4749,1.7653064225510227,1,NORMAL,19.82658622485604,2690.184513766895,0.02857142857142857
10,8136,6.126613562973315,0,NORMAL,1.6322230702513718,1327.976689956516,0.0
21,1055,1.4043883054315982,1,NORMAL,14.953129358013456,751.2167367954379,0.047619047619047616
29,7973,8.93682960173798,0,NORMAL,3.2449986507922515,892.1508359574698,0.0
31,791,3.712879620620134,2,NORMAL,8.34931459340508,213.04218849623928,0.06451612903225806
13,9579,9.925504405370393,1,NORMAL,1.3097571134990469,965.089491554413,0.07692307692307693
37,4499,4.633929177902385,1,NORMAL,7.98458469681416,970.8823392153217,0.02702702702702703
33,3604,6.41441805551293,1,NORMAL,5.1446600010172165,561.8592316262439,0.030303030303030304
10,7596,1.5158124162746291,1,NORMAL,6.597122369914826,5011.174152187302,0.1
2,4277,6.147516006575617,0,NORMAL,0.32533465514538296,695.7281600284014,0.0
28,5298,6.1297023262177595,2,NORMAL,4.567921655875413,864.3160333152836,0.07142857142857142
32,6625,5.155382164481208,0,NORMAL,6.207105308403494,1285.0647708804108,0.0
5,1660,4.6001494245450445,2,NORMAL,1.0869212146286966,360.85784325672734,0.4
16,3372,5.040281210486389,1,NORMAL,3.1744260551795667,669.0102911290936,0.0625
27,4506,0.20786875030501917,2,NORMAL,129.8896537376646,21677.139990441356,0.07407407407407407
21,1393,5.243358995884062,1,NORMAL,4.005066221192294,265.66939267242213,0.047619047619047616
38,1504,2.0522825853360245,0,NORMAL,18.515968644629016,732.8425484611063,0.0
2,4156,3.260169654537594,0,NORMAL,0.613465007017762,1274.7802845829094,0.0
10,500,0.3736966961476136,0,NORMAL,26.7596692801638,1337.98346400819,0.0
19,6399,9.635688403457392,0,NORMAL,1.97183628241679,664.0937037465811,0.0
12,6535,9.14946156846975,0,NORMAL,1.3115525881166146,714.2496802785063,0.0
24,5473,0.9636348688901648,0,NORMAL,24.90569900987624,5679.537111710528,0.0
11,5628,9.246816715711564,1,NORMAL,1.189598576265662,608.6418897475587,0.09090909090909091
32,4943,8.450621606983916,1,NORMAL,3.7867036874014075,584.9273852132861,0.03125
7,3859,8.554921690394636,1,NORMAL,0.8182424402387595,451.0853681259104,0.14285714285714285
18,218,9.31546187664884,1,NORMAL,1.932271339666021,23.4019528915107,0.05555555555555555
36,7346,1.8379943601124327,0,NORMAL,19.586567174122248,3996.747846141723,0.0
39,6603,8.464586332905341,1,NORMAL,4.607431298608286,780.0735606336027,0.02564102564102564
10,5977,9.989831183163952,0,NORMAL,1.0010179167845383,598.3084088621187,0.0
10,7991,7.775236290831919,2,NORMAL,1.286134546392035,1027.7501160218753,0.2
41,1858,4.165156784867729,2,NORMAL,9.843567029446653,446.0816473344361,0.04878048780487805
32,5582,9.307831308178393,2,NORMAL,3.43796518657176,599.7100522326114,0.0625
16,1559,8.986223185321542,1,NORMAL,1.7805032959936988,173.48778990338602,0.0625
4,4769,3.6923211991647142,1,NORMAL,1.083329370398461,1291.599441857565,0.25
31,5478,6.441002214473416,2,NORMAL,4.812915594150964,850.4887620889995,0.06451612903225806
3,1942,8.40949905597771,1,NORMAL,0.35673944191331053,230.92933206521636,0.3333333333333333
45,5195,0.14847353209355874,1,NORMAL,303.08432328291224,34989.4013212162,0.022222222222222223
18,3670,4.284834453575607,1,NORMAL,4.2008624125441685,856.5091696687277,0.05555555555555555
41,9352,6.785623656981408,2,NORMAL,6.042185961465315,1378.207880771308,0.04878048780487805
6,5958,0.648074258559493,0,NORMAL,9.258198301744772,9193.390913632558,0.0
27,7061,8.176069605638228,2,NORMAL,3.302320222589686,863.6178922853991,0.07407407407407407
25,3849,5.731846350818983,0,NORMAL,4.3615963286294175,671.5113707557852,0.0
26,9559,2.7300528090942215,2,NORMAL,9.52362529889167,3501.3974704655952,0.07692307692307693
3,5098,3.199992131378903,2,NORMAL,0.9375023052657556,1593.1289174149406,0.6666666666666666
4,798,9.3213244339268,0,NORMAL,0.4291235680458895,85.61015182515496,0.0
14,9652,7.505994456229912,0,NORMAL,1.8651759046238194,1285.9055593877933,0.0
23,4918,4.6532818422555,2,NORMAL,4.942748103315322,1056.888485743685,0.08695652173913043
10,5780,2.773229718573983,2,NORMAL,3.605903951275295,2084.2124838371205,0.2
15,8534,4.210729504697767,0,NORMAL,3.5623280914304787,2026.7271954845137,0.0
12,5576,6.253106296755836,1,NORMAL,1.919046219672565,891.7168100745187,0.08333333333333333
33,8817,7.85712032495584,2,NORMAL,4.200012044512691,1122.1668544384363,0.06060606060606061
13,9296,8.635494436007644,2,NORMAL,1.5054146692276895,1076.4872896262002,0.15384615384615385
1,6564,8.954444879706612,2,NORMAL,0.11167638122004549,733.0437663283786,2.0
23,7354,0.7163828908465282,1,NORMAL,32.105736044061004,10265.460124696723,0.043478260869565216
18,983,4.701652706148858,1,NORMAL,3.8284410025562843,209.07541697293485,0.05555555555555555
11,2387,3.004833838253148,2,NORMAL,3.660768146299504,794.3866877469924,0.18181818181818182
15,4207,4.574365366388529,0,NORMAL,3.279143399916595,919.6904188966076,0.0
30,6065,8.766682891578412,2,NORMAL,3.422046898584534,691.8238146638399,0.06666666666666667
49,9269,6.146897522033476,0,NORMAL,7.971501041681616,1507.9151664356511,0.0
3,4108,6.975099465346892,1,NORMAL,0.4301013935219634,588.9521748627419,0.3333333333333333
7,3107,0.7604219867117463,0,NORMAL,9.20541504891217,4085.889222424302,0.0
27,5669,1.9801797871395002,0,NORMAL,13.63512554534418,2862.8713598724503,0.0
37,5994,7.807523670292898,2,NORMAL,4.739018613646028,767.7210154106566,0.05405405405405406
7,2741,7.99038685904704,2,NORMAL,0.8760527022636353,343.03720812923206,0.2857142857142857
46,9328,2.305342195004474,1,NORMAL,19.953653778462478,4046.253966206478,0.021739130434782608
32,5920,6.753338415465218,0,NORMAL,4.738397223915161,876.6034864243047,0.0
28,6582,3.571103578310652,0,NORMAL,7.840713489818655,1843.1277210709425,0.0
7,130,1.16858876553468,0,NORMAL,5.990131179121165,111.24529332653593,0.0
42,7458,9.817459673741704,1,NORMAL,4.278092438957037,759.6669859462281,0.023809523809523808
33,2349,6.2509461985809365,1,NORMAL,5.279200772435303,375.78310952880383,0.030303030303030304
23,1359,2.043650848927672,0,NORMAL,11.254368627629505,664.9863897803694,0.0
10,6071,3.783353518245255,1,NORMAL,2.64315770434217,1604.6610423061313,0.1
2,229,2.172471104777327,0,NORMAL,0.920610633486421,105.4099175341952,0.0
17,9437,8.485076662541273,2,NORMAL,2.0035175492343185,1112.1879477720154,0.11764705882352941
45,8777,9.599426164485957,2,NORMAL,4.687780209871506,914.325486712049,0.044444444444444446
13,8216,6.879874479060057,1,NORMAL,1.8895693576339911,1194.2078340246824,0.07692307692307693
29,5194,3.857730012279473,0,NORMAL,7.517374183183013,1346.3876381880198,0.0
21,552,0.13606548692079434,2,NORMAL,154.3374479100964,4056.8700593511053,0.09523809523809523
48,1452,8.051009590487991,2,NORMAL,5.961985197075216,180.35005221152528,0.041666666666666664
46,9840,9.978567728881814,1,NORMAL,4.6098800198407535,986.1134651137612,0.021739130434782608
22,5624,4.421804722131735,0,NORMAL,4.975344091946667,1271.8788715049116,0.0
18,173,9.586182575771893,1,NORMAL,1.8777026055703527,18.0468083757595,0.05555555555555555
7,5948,9.367843364811877,1,NORMAL,0.7472370883456346,634.9380287828335,0.14285714285714285
6,9945,4.468399587363148,0,NORMAL,1.3427626340688716,2225.629065969155,0.0
19,8684,4.988498247707832,1,NORMAL,3.8087614862309156,1740.8044603383828,0.05263157894736842
2,222,8.11123046454608,0,NORMAL,0.24657171421055457,27.36946027737156,0.0
24,9678,7.0613049060574005,2,NORMAL,3.3988052235801454,1370.5682064086936,0.08333333333333333
39,6428,4.7065867222919096,0,NORMAL,8.286259725181191,1365.7455772683254,0.0
33,5134,4.626629358967337,1,NORMAL,7.132622356281765,1109.6631265803207,0.030303030303030304
36,2346,2.2855927106666325,1,NORMAL,15.750837772623093,1026.4295948492716,0.027777777777777776
16,4380,3.8072584606476725,1,NORMAL,4.2024990331962275,1150.4341103374672,0.0625
44,5857,8.011939812553544,0,NORMAL,5.491803611786798,731.0339489598927,0.0
32,1360,4.063423216265418,0,NORMAL,7.875133427379078,334.69317066361083,0.0
9,6912,7.541181873878297,0,NORMAL,1.1934468827989504,916.5672059895938,0.0
28,8935,2.353692825960974,0,NORMAL,11.896199746697219,3796.162312026416,0.0
40,2522,6.701004812546602,0,NORMAL,5.969254032634948,376.3614667576335,0.0
47,735,6.171184652187266,0,NORMAL,7.616041756802997,119.10192960106815,0.0
42,5295,6.471790255543271,2,NORMAL,6.4897035196753805,818.1661937305033,0.047619047619047616
25,3033,7.738889600273005,2,NORMAL,3.23043760685229,391.9166904633198,0.08
27,727,1.061620691923255,1,NORMAL,25.432812496416418,684.8020253664716,0.037037037037037035
22,1799,9.881079841283604,0,NORMAL,2.226477303430238,182.06512131231807,0.0
38,2475,5.962655312665167,0,NORMAL,6.372999612988679,415.08352742492053,0.0
41,9194,7.778873337865054,2,NORMAL,5.270686154564978,1181.9192318309856,0.04878048780487805
37,6919,2.710714963039001,2,NORMAL,13.649535456328115,2552.4631303333576,0.05405405405405406
2,3513,9.916778058090053,1,NORMAL,0.2016784068660699,354.24812166025174,0.5
16,1559,1.5934914095083565,2,NORMAL,10.040844842041864,978.354819296454,0.125
34,2436,9.782931908150793,0,NORMAL,3.475440728732089,249.0051063291579,0.0
41,4773,3.1126493815047613,1,NORMAL,13.172058582511852,1533.4203808372945,0.024390243902439025
22,202,0.26597627596703577,2,NORMAL,82.71414403413411,759.4662315861405,0.09090909090909091
12,2915,2.9216200222233857,0,NORMAL,4.107310296589446,997.7341262131864,0.0
18,4465,0.24335771894623007,2,NORMAL,73.96519032945531,18347.47637894544,0.1111111111111111
11,3271,5.6482087907071055,2,NORMAL,1.947520073637876,579.1216509881357,0.18181818181818182
20,2869,0.7923457695254743,0,NORMAL,25.24150537457623,3620.8939459829603,0.0
31,4458,6.668375356097853,2,NORMAL,4.648808494508674,668.5286538232151,0.06451612903225806
40,4017,1.2013046172821524,1,NORMAL,33.297133320353446,3343.864613696495,0.025
27,1312,9.529585304918257,1,NORMAL,2.8332817364114673,137.67650511747573,0.037037037037037035
27,5642,8.689134987183541,0,NORMAL,3.1073288698846264,649.3166475514467,0.0
32,8648,6.364999059443334,2,NORMAL,5.0274948513187425,1358.6804835688902,0.0625
36,2108,0.9958905408512757,0,NORMAL,36.14855099359375,2116.6984859582117,0.0
31,2218,8.34445411272905,2,NORMAL,3.715042300096185,265.8052845681722,0.06451612903225806
33,7217,2.4788130722354205,2,NORMAL,13.31282312878891,2911.4740763778655,0.06060606060606061
19,5626,3.0248959525535635,1,NORMAL,6.281207783018301,1859.8986835400506,0.05263157894736842
11,8286,9.46080477493476,1,NORMAL,1.1626917859190107,875.8240125568112,0.09090909090909091
42,1279,5.147187700916447,1,NORMAL,8.159795686588616,248.4852067415914,0.023809523809523808
48,7187,8.225686790449675,0,NORMAL,5.8353790051585435,873.7264356265512,0.0
34,1565,5.404218421667354,1,NORMAL,6.291381537001246,289.5885913354985,0.029411764705882353
5,7068,5.848579309523412,2,NORMAL,0.8549084718503097,1208.4986158075978,0.4
39,3572,6.283291464174985,1,NORMAL,6.206937911819568,568.4918518210128,0.02564102564102564
12,6590,8.169170983530865,0,NORMAL,1.4689373039433409,806.6914027488848,0.0
42,747,8.077100561430584,1,NORMAL,5.1998857362946005,92.48368202409682,0.023809523809523808
44,3822,8.253077044984861,0,NORMAL,5.331344874180889,463.1000024799854,0.0
9,4037,3.1990531276140817,1,NORMAL,2.81333245838039,1261.9359038312928,0.1111111111111111
9,1844,2.523437841322201,1,NORMAL,3.5665629850760605,730.7491271644728,0.1111111111111111
47,7192,6.017594131834578,2,NORMAL,7.810430376378867,1195.1620269556768,0.0425531914893617
20,3731,2.7889787090587586,1,NORMAL,7.171083785989073,1337.7656802762615,0.05
37,9145,4.960868751288464,0,NORMAL,7.458371074701414,1843.4271210309305,0.0
32,4046,5.969741879487975,0,NORMAL,5.360365765553777,677.7512464822056,0.0
44,4467,9.013253555431756,1,NORMAL,4.881700013141625,495.6034990614463,0.022727272727272728
33,9378,6.515461898474355,2,NORMAL,5.064874987255655,1439.345382741925,0.06060606060606061
28,4583,7.942883112142531,0,NORMAL,3.5251683305266743,576.9945163858481,0.0
39,3992,0.7983217758174539,1,NORMAL,48.8524817703555,5000.489928904081,0.02564102564102564
33,5773,5.300587079264851,1,NORMAL,6.225725472767223,1089.124641038945,0.030303030303030304
40,4915,0.21058422467922117,1,NORMAL,189.94775159882568,23339.829977705707,0.025
41,5361,8.068876725283417,2,NORMAL,5.081252495967447,664.4047470946703,0.04878048780487805
34,3277,5.2035164541489305,1,NORMAL,6.534042949530929,629.7664336944957,0.029411764705882353
1,2991,1.0669957369910075,1,NORMAL,0.9372108672336972,2803.1977038959885,1.0
41,3595,3.588165672598808,2,NORMAL,11.426451212411507,1001.9046855760822,0.04878048780487805
1,2099,2.972489965257389,0,NORMAL,0.33641829297593934,706.1419969564967,0.0
35,4842,0.6660877973377757,2,NORMAL,52.54562557652046,7269.31197261463,0.05714285714285714
42,1807,5.375719231684586,2,NORMAL,7.8129080388818,336.1410672918908,0.047619047619047616
5,8856,0.9273773195895189,1,NORMAL,5.391548719579566,9549.511092119326,0.2
2,3266,1.7057934268090913,1,NORMAL,1.1724749131794114,1914.6515332219788,0.5
6,7308,9.268737472916635,2,NORMAL,0.647337355010008,788.4568984021897,0.3333333333333333
30,201,4.622583346529513,1,NORMAL,6.489877575170826,43.48217975364454,0.03333333333333333
44,9519,5.226679259407979,0,NORMAL,8.418347064400473,1821.2328569551842,0.0
38,4654,4.789630334432202,0,NORMAL,7.933806441558041,971.6825047108191,0.0
44,3780,2.051412022413025,0,NORMAL,21.448640994237664,1842.6332490504176,0.0
29,9152,8.019792082082223,1,NORMAL,3.6160538456840605,1141.1767170931214,0.034482758620689655
17,5578,4.088877794505076,1,NORMAL,4.157619976524074,1364.1884840618402,0.058823529411764705
19,2092,5.698285975378825,0,NORMAL,3.3343359884174415,367.12794146154147,0.0
2,7165,4.324821855893564,0,NORMAL,0.4624467935655061,1656.7156379484256,0.0
14,3934,4.87394295309933,1,NORMAL,2.872417698507823,807.1493732806983,0.07142857142857142
25,5358,3.0047364865314536,1,NORMAL,8.320197166061304,1783.1846566302586,0.04
29,7679,2.405463993363361,0,NORMAL,12.055886132575903,3192.3155038638056,0.0
44,1262,6.673868711240785,0,NORMAL,6.5928776701721565,189.09571863084685,0.0
8,5882,4.83968565890173,2,NORMAL,1.652999918555752,1215.3681901181167,0.25
46,795,0.8528727387843341,2,NORMAL,53.93536210990561,932.1437582038035,0.043478260869565216
2,7405,1.4453915648190863,2,NORMAL,1.3837080889913258,5123.179199490384,1.0
45,6940,4.192414356579376,0,NORMAL,10.73367185888464,1655.3707266813199,0.0
13,5810,7.267228595014192,1,NORMAL,1.7888524944597002,799.4794609854506,0.07692307692307693
6,5295,5.709621095761805,0,NORMAL,1.05085782390249,927.3820295939473,0.0
49,2204,9.973181022174977,2,NORMAL,4.913176637529232,220.99267977784544,0.04081632653061224
22,2597,9.12882903552459,2,NORMAL,2.4099476410816325,284.4833647222273,0.09090909090909091
25,3249,6.513999419288545,1,NORMAL,3.837887968791143,498.77192042409695,0.04
33,2258,8.929601808995995,1,NORMAL,3.6955735211792575,252.86681850978073,0.030303030303030304
37,1540,1.0034170298699803,0,NORMAL,36.87400043907402,1534.7556939506483,0.0
12,4459,3.560078996763979,2,NORMAL,3.3707117204162302,1252.5002967779976,0.16666666666666666
29,1512,1.746900154190284,1,NORMAL,16.60083430094032,865.5331538973022,0.034482758620689655
43,3368,2.8926561892163822,1,NORMAL,14.865230150856144,1164.3277941414765,0.023255813953488372
49,1139,6.80439961026355,0,NORMAL,7.201223150693544,167.39169731918255,0.0
32,523,0.377317061827687,1,NORMAL,84.80931088828882,1386.1021748304704,0.03125
6,3733,4.584664570239738,1,NORMAL,1.308710791831441,814.2362309844614,0.16666666666666666
12,7973,6.339508232021482,0,NORMAL,1.892891303364323,1257.6685301436457,0.0
41,8926,1.361730692726892,1,NORMAL,30.108743394699218,6554.893744904518,0.024390243902439025
8,679,3.877891015660451,1,NORMAL,2.0629770067526008,175.09517344812699,0.125
26,7310,4.385682835602828,2,NORMAL,5.928381274845701,1666.7871968893105,0.07692307692307693
30,3241,9.373819631995442,0,NORMAL,3.2004029496793063,345.7501986636877,0.0
8,8916,4.95502245143925,2,NORMAL,1.6145234614782213,1799.3863978174777,0.25
27,5723,2.6128743665681426,1,NORMAL,10.33344746516187,2190.308142337829,0.037037037037037035
8,7798,0.23267998908547105,2,NORMAL,34.38198545325415,33513.84032055948,0.25
32,6386,9.04863774121924,2,NORMAL,3.536443928375038,705.7415914563435,0.0625
12,3643,7.118672619321848,1,NORMAL,1.6857075246625355,511.75270936213474,0.08333333333333333
49,1821,5.324626442497502,1,NORMAL,9.20252350642211,341.99582255499314,0.02040816326530612
41,931,1.6516212752961992,2,NORMAL,24.82409291600287,563.6885488975286,0.04878048780487805
7,4706,4.140306281455021,0,NORMAL,1.690696176597834,1136.630886724201,0.0
31,9875,1.6980064048668702,0,NORMAL,18.256703809330162,5815.643552165656,0.0
48,4832,7.542244325124874,2,NORMAL,6.364153417849572,640.6581107301902,0.041666666666666664
37,270,7.964484924466735,1,NORMAL,4.6456237096182775,33.900497340457704,0.02702702702702703
28,2471,9.365413260197787,1,NORMAL,2.9897239152272785,263.84313551880734,0.03571428571428571
23,3302,2.005193690113048,1,NORMAL,11.470213632431348,1646.723713664709,0.043478260869565216
25,6335,1.1768969665646074,1,NORMAL,21.242301331590348,5382.799157424994,0.04
9,5164,8.258062589126851,1,NORMAL,1.089844004312832,625.3282709190515,0.1111111111111111
41,2268,7.483443867555345,0,NORMAL,5.478760945579682,303.06902011157854,0.0
5,1064,8.75914027603269,2,NORMAL,0.5708322783323055,121.47310882911461,0.4
270,95101,0.6673679277731736,612,ATTACK,404.5744315297216,142501.6037515113,2.2666666666666666
826,64559,1.2559993633415918,404,ATTACK,657.6436454572902,51400.50376159467,0.4891041162227603
901,78244,0.24870207436082678,665,ATTACK,3622.8085443822783,314609.3582093751,0.7380688124306326
983,40808,1.5675464141088589,777,ATTACK,627.0946691928289,26033.0409566846,0.7904374364191251
345,86939,1.8742476199338063,293,ATTACK,184.07386320286992,46386.07997969365,0.8492753623188406
369,22607,0.06533903870891988,813,ATTACK,5647.466006407977,345995.29541155865,2.203252032520325
789,7981,0.959272907305468,321,ATTACK,822.4979502613569,8319.843017789466,0.4068441064638783
271,17435,1.694981044583461,383,ATTACK,159.88379390201254,10286.25072576232,1.4132841328413284
833,66312,0.797464058009494,690,ATTACK,1044.561183207686,83153.59085338305,0.8283313325330132
966,68489,1.248929410296552,962,ATTACK,773.4624487469057,54838.167341849716,0.9958592132505176
942,88972,0.7193666069057123,638,ATTACK,1309.4853040953963,123681.02598298895,0.6772823779193206
859,74541,1.6310058098701417,649,ATTACK,526.6688780638938,45702.473620210374,0.7555296856810244
413,86604,1.2858739875920389,91,ATTACK,321.1823273393955,67350.30091259324,0.22033898305084745
340,68810,1.3791440282110237,121,ATTACK,246.52972644273842,49893.266107425974,0.3558823529411765
465,72580,1.9195122290721487,212,ATTACK,242.2490427293454,37811.68929310944,0.4559139784946237
935,47766,0.06945626410884234,319,ATTACK,13461.708774528905,687713.3490097836,0.3411764705882353
665,7088,1.4863236573275225,336,ATTACK,447.41264577306146,4768.8132830668565,0.5052631578947369
283,43182,1.2094201041572807,944,ATTACK,233.99644096142532,35704.71488903275,3.335689045936396
308,51586,0.6755183698415885,317,ATTACK,455.94615002435404,76365.05875050755,1.0292207792207793
667,95723,1.454980009453278,185,ATTACK,458.42554238984445,65789.90733760582,0.2773613193403298
242,17585,0.5825993182208736,408,ATTACK,415.3798201120681,30183.694779631063,1.6859504132231404
585,91073,0.3307152023611708,640,ATTACK,1768.8935852459763,275381.95810103725,1.0940170940170941
219,89308,1.9570626641924371,895,ATTACK,111.90239536370095,45633.694635348875,4.0867579908675795
620,63894,1.5935687126019011,422,ATTACK,389.06386345129374,40094.913695737036,0.6806451612903226
741,8380,0.9135202346960114,245,ATTACK,811.1478781272751,9173.305288402922,0.33063427800269907
485,34871,0.23113502752109427,619,ATTACK,2098.340546656162,150868.5220669011,1.2762886597938143
717,67736,1.2399147880319075,338,ATTACK,578.2655444718746,54629.560558363875,0.4714086471408647
149,71617,1.4155007948601577,564,ATTACK,105.26309878527496,50594.81440070494,3.785234899328859
697,36328,1.1029907490186546,214,ATTACK,631.9182646093179,32935.906336768014,0.30703012912482064
341,93661,1.8433920046167636,102,ATTACK,184.9850705362547,50809.051881220395,0.2991202346041056
701,51562,0.9542932205489364,413,ATTACK,734.5750602700133,54031.61092388363,0.5891583452211127
453,29870,0.09318192336920735,817,ATTACK,4861.457926824649,320555.7357047511,1.8035320088300222
418,7373,0.7984288281680401,109,ATTACK,523.5281909335397,9234.38600897844,0.2607655502392344
761,24513,0.12841614937955897,417,ATTACK,5926.045934851357,190887.20630881906,0.5479632063074902
341,56089,0.20008182577219522,240,ATTACK,1704.302720569175,280330.30878007173,0.7038123167155426
456,60628,0.13120607605493623,126,ATTACK,3475.448803217558,462082.2588628818,0.27631578947368424
439,63446,1.3308279387393556,804,ATTACK,329.86984058649125,47674.081790092314,1.8314350797266514
546,20233,0.8372041513361601,269,ATTACK,652.1706791928773,24167.343135731662,0.4926739926739927
831,66205,0.11312758466309762,734,ATTACK,7345.68852039739,585224.1979457391,0.8832731648616126
295,80810,0.40366927258910085,668,ATTACK,730.7962731666315,200188.63333761186,2.2644067796610168
876,70560,0.9600199931805632,320,ATTACK,912.4809964611221,73498.46930399176,0.365296803652968
877,54295,1.2786145162743594,811,ATTACK,685.898673006945,42463.93209910157,0.9247434435575826
398,83684,1.4852151934093847,587,ATTACK,267.97463543742197,56344.69696468648,1.4748743718592965
689,59678,1.5017144469582546,754,ATTACK,458.808930949276,39739.912019144984,1.0943396226415094
652,99013,1.0450950231463774,112,ATTACK,623.8667160016511,94740.66741023233,0.17177914110429449
960,57564,0.0527924074162918,580,ATTACK,18184.433083908632,1090384.0687938714,0.6041666666666666
594,71421,1.594564299180574,863,ATTACK,372.5155519318029,44790.291640608244,1.4528619528619529
802,35109,1.6315704510151685,790,ATTACK,491.5509468199752,21518.531411349762,0.9850374064837906
299,38164,1.478996102661813,802,ATTACK,202.16415679654384,25803.989565161533,2.682274247491639
493,70559,1.7985645715913288,291,ATTACK,274.1074787010871,39230.72939081137,0.59026369168357
838,23756,0.48908119852701915,899,ATTACK,1713.4169183436827,48572.71158970468,1.0727923627684963
611,42500,1.2905360146121696,650,ATTACK,473.446686556529,32932.05266555234,1.0638297872340425
700,31048,1.2353766309959606,330,ATTACK,566.628817833198,25132.416480121614,0.4714285714285714
275,79316,1.6306464246659322,300,ATTACK,168.6447753726494,48640.832739843856,1.0909090909090908
306,82813,1.4338244462202563,325,ATTACK,213.41524815444103,57756.7220438357,1.0620915032679739
237,49615,0.04914241405493885,750,ATTACK,4822.717901791422,1009616.6611703858,3.1645569620253164
505,33889,1.849997426908173,530,ATTACK,272.97335264081227,18318.403856721758,1.0495049504950495
890,36862,0.4261113524048271,707,ATTACK,2088.6559228641613,86507.90407709968,0.7943820224719101
800,81841,0.27277623629123504,355,ATTACK,2932.8067975315266,300029.8013959721,0.44375
390,78893,1.3516643512530608,285,ATTACK,288.5331699681584,58367.30096999468,0.7307692307692307
310,83768,0.13346605048923216,332,ATTACK,2322.6880458638457,627635.2652449117,1.070967741935484
995,97435,0.21146447870823393,104,ATTACK,4705.281974911926,460762.96404577245,0.10452261306532663
655,14176,1.1777305411015233,560,ATTACK,556.1543809396188,12036.709166717614,0.8549618320610687
402,34913,0.36765913079793183,692,ATTACK,1093.4040972341365,94960.24190730201,1.7213930348258706
534,60459,1.2205377833574949,328,ATTACK,437.5120600781858,49534.722172784706,0.6142322097378277
853,23735,0.6152693766830156,107,ATTACK,1386.3846183904295,38576.59896541248,0.1254396248534584
169,43618,0.7809839999960501,204,ATTACK,216.39367772048433,55850.05582729045,1.2071005917159763
871,72513,1.3171197535275292,367,ATTACK,661.2914259825466,55054.21948596142,0.4213547646383467
596,47475,0.05473616085881292,497,ATTACK,10888.597056292077,867342.5255829972,0.8338926174496645
447,84960,0.07313363324569078,310,ATTACK,6112.098909380225,1161709.000762738,0.6935123042505593
422,70233,1.855331420794202,823,ATTACK,227.45262397343365,37854.69227375869,1.9502369668246446
983,80476,1.1618603474943778,374,ATTACK,846.0569311276514,69264.7788295309,0.38046795523906407
564,59463,0.6123496702478002,256,ATTACK,921.0423837931774,97106.28238917324,0.45390070921985815
141,63201,1.9856862919489535,909,ATTACK,71.00819528829417,31828.29042847858,6.446808510638298
565,86358,0.2546235349571064,390,ATTACK,2218.96220274838,339159.53611494624,0.6902654867256637
771,34164,0.24364041062871902,410,ATTACK,3164.499673967955,140223.0439188602,0.5317769130998703
232,21556,1.9401702759077928,853,ATTACK,119.5771334510569,11110.365037374924,3.6767241379310347
999,52325,0.2868629674186328,248,ATTACK,3482.4990098568965,182404.16485561774,0.24824824824824826
581,76303,0.04047988575178591,663,ATTACK,14352.80730688246,1884960.8535921727,1.1411359724612737
106,81805,0.1759270588371274,554,ATTACK,602.5224357222637,464993.84768169606,5.226415094339623
582,76387,1.5282996091448495,401,ATTACK,380.81538234878855,49981.6917722971,0.6890034364261168
326,80594,0.35943859110395376,723,ATTACK,906.9699472133672,224221.88934268133,2.2177914110429446
212,11512,0.9009560492788403,699,ATTACK,235.30559583865707,12777.537826861415,3.297169811320755
157,14751,1.1780428506924754,354,ATTACK,133.27189236598014,12521.615823506836,2.254777070063694
474,82337,0.0894925056921869,325,ATTACK,5296.532892154592,920043.5205513347,0.6856540084388185
275,75216,1.1594845589647422,600,ATTACK,237.17435292586958,64870.20410789893,2.1818181818181817
595,37664,0.08903025616672794,284,ATTACK,6683.121285035247,423047.19341103785,0.4773109243697479
451,72270,0.5756459336544643,666,ATTACK,783.4677075487101,125545.9228925616,1.476718403547672
691,48330,1.522837549016491,667,ATTACK,453.75818349519636,31736.806090192244,0.9652677279305355
711,46514,0.14325798641828963,338,ATTACK,4963.074085964028,324686.95926094346,0.47538677918424754
923,28221,0.5481466672318455,128,ATTACK,1683.8559005770724,51484.39585068858,0.13867822318526543
402,96292,0.018304550156773288,655,ATTACK,21961.752490882533,5260549.927492688,1.6293532338308458
131,53665,1.21452334313614,482,ATTACK,107.86124510520484,44186.05892038792,3.6793893129770994
524,8152,1.1751972720771355,518,ATTACK,445.88258707735207,6936.707728730104,0.9885496183206107
923,36927,0.7813551200311688,785,ATTACK,1181.281054334399,47260.20096793755,0.8504875406283857
952,75854,1.474435861611263,789,ATTACK,645.6706763491596,51446.117104820536,0.8287815126050421
838,83982,1.9777485458960429,753,ATTACK,423.7141277332271,42463.436605360235,0.8985680190930787
947,67157,1.5112720994374844,251,ATTACK,626.624418165654,44437.39815285198,0.26504751847940866
144,98883,1.5976699052701555,191,ATTACK,90.13125898221794,61892.00890235179,1.3263888888888888
908,17559,1.9807395414158433,497,ATTACK,458.4146380755123,8864.870737850133,0.5473568281938326
473,40291,0.9565992800621134,241,ATTACK,494.459916350018,42118.994692724256,0.5095137420718816
520,54912,0.36666437300999627,906,ATTACK,1418.1906895705501,149760.93681865008,1.7423076923076923
548,72114,0.19911709202172323,992,ATTACK,2752.149473638428,362168.8086532146,1.8102189781021898
497,36311,0.5866516029124295,361,ATTACK,847.1808438477719,61895.339277578365,0.7263581488933601
232,31593,1.181072615337943,799,ATTACK,196.4316139305434,26749.41370218818,3.4439655172413794
924,26638,0.7641026357258962,162,ATTACK,1209.2616316160218,34861.80881275713,0.17532467532467533
418,51070,1.2554663255343794,831,ATTACK,332.9440157003666,40678.112157458665,1.9880382775119618
583,98423,0.4065450632132603,946,ATTACK,1434.0353696391517,242096.16326928683,1.6226415094339623
123,39456,1.9767231804817675,538,ATTACK,62.22419062745164,19960.306222737658,4.373983739837398
456,59375,0.15497294872906237,751,ATTACK,2942.4490128094562,383131.38187623123,1.6469298245614035
394,92404,0.22418106286962758,474,ATTACK,1757.5079489614632,412184.6815122717,1.2030456852791878
231,71393,1.3613900573252102,274,ATTACK,169.67951158234328,52441.25268570664,1.1861471861471862
737,93565,1.8491259735019439,282,ATTACK,398.56667991323593,50599.58128369324,0.38263229308005425
654,56722,1.1000532907296137,924,ATTACK,594.5166525216542,51562.95652038726,1.4128440366972477
522,39963,1.0329707861916353,704,ATTACK,505.3385894140469,38687.444537842064,1.3486590038314177
915,57798,0.49307799133771857,365,ATTACK,1855.6902073799902,117218.77880453407,0.3989071038251366
673,21390,1.725589510098536,454,ATTACK,390.01164301327367,12395.76380988696,0.674591381872214
807,55625,0.4939805666230677,389,ATTACK,1633.6675054178438,112605.6443480391,0.48203221809169766
238,57528,1.3848324462066648,493,ATTACK,171.86194665782853,41541.48767786369,2.0714285714285716
181,52243,1.48279471301529,223,ATTACK,122.0667961729734,35232.79354952845,1.2320441988950277
216,33722,0.7520908699215896,967,ATTACK,287.1993380567423,44837.667027543815,4.476851851851852
834,42610,1.3796133794834764,439,ATTACK,604.5171874980274,30885.464459581475,0.526378896882494
526,8938,0.9297240500240198,260,ATTACK,565.7592701688319,9613.60524100574,0.49429657794676807
292,53986,0.6298277536518704,600,ATTACK,463.61882007727377,85715.49870099897,2.0547945205479454
878,53932,0.12927975378200557,853,ATTACK,6791.47333062301,417172.8242222781,0.9715261958997722
596,46642,1.7835351883042423,365,ATTACK,334.16778312440675,26151.432450484193,0.6124161073825504
380,71135,0.12650439358933105,752,ATTACK,3003.84823971875,562312.4856115612,1.9789473684210526
820,41619,1.3608340940285526,336,ATTACK,602.571616627056,30583.448917562735,0.4097560975609756
623,96784,1.7057163967674467,251,ATTACK,365.2424290349003,56740.968301306246,0.4028892455858748
467,40109,1.492488146984115,685,ATTACK,312.90030741193584,26873.915267634547,1.4668094218415417
857,60592,1.0335690151204104,256,ATTACK,829.1657232973066,58624.0484317741,0.29871645274212366
516,92271,1.5555650571064863,836,ATTACK,331.712259569403,59316.7091138147,1.62015503875969
210,64825,0.25566311106014805,460,ATTACK,821.393431102365,253556.32938671813,2.1904761904761907
692,60973,1.3980741637737588,188,ATTACK,494.9665889913275,43612.135593306666,0.27167630057803466
107,98789,0.3783867292229386,496,ATTACK,282.7794733175157,261079.45223891642,4.635514018691588
479,94693,1.6253000020512962,937,ATTACK,294.7148215070772,58261.85927551078,1.9561586638830897
583,12641,0.7190188392643505,658,ATTACK,810.8271552334909,17580.9023487248,1.1286449399656946
616,85104,1.8937133899667526,428,ATTACK,325.2868165075471,44940.274727367345,0.6948051948051948
903,95208,0.3861846492126809,297,ATTACK,2338.2596947883776,246534.9158598138,0.3289036544850498
759,85128,1.7114752948175158,452,ATTACK,443.4770412978281,49739.54357259751,0.5955204216073782
884,41359,0.9386022992085512,799,ATTACK,941.8259477367645,44064.45630367064,0.9038461538461539
374,16609,1.4877739552900626,947,ATTACK,251.3822739470415,11163.658256648161,2.5320855614973263
670,20171,0.8527593495962685,146,ATTACK,785.6847307710032,23653.801051316277,0.21791044776119403
215,29613,1.6109076297505367,847,ATTACK,133.46513234485994,18382.804484317847,3.9395348837209303
783,88108,0.9127319076343587,380,ATTACK,857.8641695888542,96532.17912405463,0.48531289910600256
815,47625,1.195629230401315,731,ATTACK,681.6494438885907,39832.58253398053,0.8969325153374234
260,16365,1.892284435860559,991,ATTACK,137.4000626294636,8648.277018966046,3.8115384615384613
412,32769,1.8845627788404165,563,ATTACK,218.61834725055232,17388.11801226541,1.366504854368932
314,65850,1.2581790092455356,96,ATTACK,249.56703115583645,52337.54459112047,0.3057324840764331
607,61626,0.7623982286743186,409,ATTACK,796.171839296466,80831.77227097862,0.6738056013179572
871,21906,0.1884590130665576,169,ATTACK,4621.694584022845,116237.47595591786,0.19402985074626866
293,17744,0.14341244493847027,937,ATTACK,2043.0583979354708,123727.05874732762,3.197952218430034
116,75306,1.692491809395572,538,ATTACK,68.53799785384265,44494.159192943756,4.637931034482759
969,85763,1.318216048546757,568,ATTACK,735.0843597058739,65059.896740407494,0.586171310629515
840,85950,0.5246083589299796,334,ATTACK,1601.1944638345274,163836.50496021146,0.3976190476190476
114,23047,0.1655032271505966,425,ATTACK,688.8083209173185,139254.08221211788,3.7280701754385963
552,45919,0.0824844349438857,599,ATTACK,6692.171685185533,556698.9703116566,1.085144927536232
430,39887,0.3952123659985704,652,ATTACK,1088.0226354090232,100925.48571758071,1.5162790697674418
462,81769,1.074425949896086,326,ATTACK,429.9970603322479,76104.82603096878,0.7056277056277056
344,60504,1.7448603536681433,111,ATTACK,197.15044775750903,34675.55433465211,0.3226744186046512
108,27026,0.779804019212108,257,ATTACK,138.49633669382746,34657.425884142416,2.3796296296296298
958,14396,0.27393289714787594,751,ATTACK,3497.206834135176,52553.01626744258,0.7839248434237995
901,84936,1.7975612652437682,377,ATTACK,501.2346546518485,47250.6843812535,0.4184239733629301
339,29506,1.9497039444664743,452,ATTACK,173.8725517595265,15133.579682054833,1.3333333333333333
446,86332,1.5297294515903541,697,ATTACK,291.55482332926556,56436.12333556537,1.562780269058296
955,14575,1.7166658292486403,618,ATTACK,556.3109509892147,8490.295403840633,0.6471204188481675
834,86887,1.9744712876343644,397,ATTACK,422.3915562728818,44005.1980214411,0.47601918465227816
415,25476,0.860951221455087,271,ATTACK,482.02498545575173,29590.52657703791,0.653012048192771
866,39346,0.8763141989381309,155,ATTACK,988.2300218909735,44899.42083293562,0.1789838337182448
528,8870,1.9033510996380498,666,ATTACK,277.40546665321335,4660.201684117429,1.2613636363636365
643,80263,0.6631857398965512,916,ATTACK,969.5624639038531,121026.42619022545,1.4245723172628304
651,91696,1.506697093810606,640,ATTACK,432.0709203424213,60858.9479442683,0.9831029185867896
797,84538,0.599127270011364,95,ATTACK,1330.2682750275794,141101.9064420094,0.1191969887076537
333,17409,1.821052917441189,231,ATTACK,182.86124297140546,9559.85399065825,0.6936936936936937
916,62835,0.3525210725619127,585,ATTACK,2598.42622553897,178244.66362635497,0.638646288209607
476,63214,0.2937633094834436,187,ATTACK,1620.3521155756423,215186.84586974507,0.39285714285714285
744,65014,1.3954802062285099,226,ATTACK,533.1498051203243,46588.980416791346,0.30376344086021506
826,87422,1.452304761270049,382,ATTACK,568.7511478497516,60195.354536708226,0.46246973365617433
243,23068,1.124232670314141,962,ATTACK,216.14742785592526,20518.884221318865,3.9588477366255144
983,63135,1.0333674463741898,394,ATTACK,951.2589190312549,61096.37014551198,0.4008138351983723
959,46401,0.1405397380589353,374,ATTACK,6823.6928092027865,330162.8467568493,0.3899895724713243
776,21798,1.0259494997018295,929,ATTACK,756.3725117323299,21246.65980765635,1.1971649484536082
561,85127,1.374462598606685,287,ATTACK,408.15952399773903,61934.75187050897,0.5115864527629234
418,23884,0.6650323404411803,565,ATTACK,628.5408612199222,35914.04289324551,1.3516746411483254
707,18521,1.5353217603188603,458,ATTACK,460.48979326207694,12063.269393220547,0.6478076379066479
599,79615,1.6827206743478902,267,ATTACK,355.971141931879,47313.25954074549,0.44574290484140233
323,13665,1.874896169662507,987,ATTACK,172.27620666489602,7288.403603949858,3.0557275541795668
814,84525,1.487987072167325,698,ATTACK,547.0477635362582,56804.9290084794,0.8574938574938575
555,88198,1.699908486991671,808,ATTACK,326.4881634788375,51883.96944595768,1.4558558558558559
228,53671,1.6802437409012534,520,ATTACK,135.6945986168083,31942.389484047006,2.280701754385965
572,41741,1.3776361951650513,450,ATTACK,415.20395733466484,30299.000669766163,0.7867132867132867
395,72963,0.46724631441831344,719,ATTACK,845.3785247974515,156155.3248222695,1.820253164556962
101,11997,1.8779131068244124,616,ATTACK,53.783106168736936,6388.474502042941,6.099009900990099
321,15325,1.5867762892092192,542,ATTACK,202.29694770645492,9657.946179443681,1.6884735202492211
484,5852,0.7137603980349774,500,ATTACK,678.0987027754402,8198.82976992123,1.0330578512396693
816,7700,1.319396672468304,799,ATTACK,618.4644974687117,5836.000772682696,0.9791666666666666
703,25401,0.7250437859468419,965,ATTACK,969.5966141988863,35033.7462265518,1.372688477951636
776,7988,1.4251413186185151,611,ATTACK,544.5074041865748,5605.058176085515,0.7873711340206185
872,45025,1.3637894348197372,477,ATTACK,639.3948931825089,33014.627368741356,0.5470183486238532
945,38256,0.4817824127431369,276,ATTACK,1961.4663694746125,79405.14013822304,0.2920634920634921
518,40741,0.8537226562178909,197,ATTACK,606.7544257227651,47721.58698527254,0.3803088803088803
340,84236,1.5038861291025276,807,ATTACK,226.08094683531752,56012.21952241119,2.373529411764706
269,39856,1.7112893979120096,854,ATTACK,157.1914138708591,23290.040859616955,3.174721189591078
244,49363,0.936988530773769,672,ATTACK,260.40873712563354,52682.60856857643,2.7540983606557377
427,50894,0.201353547141312,615,ATTACK,2120.6480147098027,252759.39124271827,1.440281030444965
731,9788,0.8943427802080092,654,ATTACK,817.359983417076,10944.349545398549,0.8946648426812586
528,95937,0.04459354745904211,873,ATTACK,11840.278024190671,2151365.062134054,1.6534090909090908
628,53462,1.4321001453617388,971,ATTACK,438.5168188369756,37331.18816665986,1.5461783439490446
614,32978,0.6009291621192824,863,ATTACK,1021.7510460544485,54878.34852896352,1.4055374592833876
836,6727,1.5777369783192416,530,ATTACK,529.8728568120323,4263.701803558063,0.6339712918660287
746,98406,0.7579960254987501,332,ATTACK,984.1740258587017,129823.89971669088,0.4450402144772118
818,51685,0.05902253604401168,296,ATTACK,13859.113057934976,875682.4674808915,0.36185819070904646
921,10769,1.2677621544846356,806,ATTACK,726.4769631606493,8494.495565990263,0.8751357220412594
684,10988,0.4878631288956479,894,ATTACK,1402.0325773508189,22522.710467735084,1.3070175438596492
629,80601,0.6644873745484792,951,ATTACK,946.5943584366928,121298.01571439725,1.5119236883942766
274,54158,0.1959260585391065,898,ATTACK,1398.4867660945167,276420.6068545505,3.2773722627737225
397,66367,0.3792282146432184,934,ATTACK,1046.863035688158,175005.43851263472,2.3526448362720402
524,94463,1.0984398451722321,169,ATTACK,477.0402332936478,85997.42663667529,0.32251908396946566
571,98546,1.619195898212594,898,ATTACK,352.6441739571588,60861.07314672885,1.5726795096322241
708,13429,1.460672551408608,289,ATTACK,484.7082252057356,9193.710107751163,0.4081920903954802
365,19565,1.7493443510164763,395,ATTACK,208.64960051342243,11184.190230260574,1.082191780821918
395,27305,1.7578130851843554,514,ATTACK,224.71103630371104,15533.505939931216,1.3012658227848102
909,87420,1.9674537465395334,420,ATTACK,462.01848536403946,44433.06489606637,0.46204620462046203
323,87504,1.1975303054566768,94,ATTACK,269.72177533062455,73070.38460845502,0.29102167182662536
192,70485,1.2001013150898283,381,ATTACK,159.98649246178744,58732.541256088996,1.984375
267,89997,1.7032422977226838,785,ATTACK,156.7598458287419,52838.63612378009,2.940074906367041
836,32089,1.628562853146887,117,ATTACK,513.3360363615009,19703.875682780144,0.13995215311004786
642,71496,0.6561598169591198,401,ATTACK,978.4201705237887,108961.25936412584,0.6246105919003115
998,62934,0.7956338595876109,916,ATTACK,1254.3458124284437,79099.19775488143,0.9178356713426854
495,72036,1.6267836268941003,572,ATTACK,304.2814003144767,44281.2423294013,1.1555555555555554
447,96693,0.795305126987286,619,ATTACK,562.0484325221079,121579.75186993327,1.3847874720357942
404,66761,1.9641084651922247,913,ATTACK,205.69128801166337,33990.48534392737,2.25990099009901
189,48405,0.26507388216366207,862,ATTACK,713.0087598872058,182609.4657266677,4.560846560846561
577,97681,0.6919175795485437,461,ATTACK,833.9143520193198,141174.328976775,0.7989601386481803
791,89492,0.8891243165146134,897,ATTACK,889.6393736038366,100651.84174785657,1.1340075853350189
928,11818,1.3758070844839703,412,ATTACK,674.5131715527318,8589.867092036837,0.44396551724137934
277,77180,1.2686739467752635,112,ATTACK,218.33821109362512,60835.17376247649,0.4043321299638989
687,17065,0.7151001332753538,241,ATTACK,960.704617482523,23863.790825821332,0.3508005822416303
146,39215,0.301783212078571,678,ATTACK,483.79099352282077,129944.2726780645,4.6438356164383565
587,42174,0.9346717156991402,417,ATTACK,628.0279911550767,45121.72487048416,0.7103918228279387
503,46437,0.6687700854305241,642,ATTACK,752.1269431125814,69436.41919944124,1.2763419483101393
379,18339,0.5224870142830694,675,ATTACK,725.3768795001439,35099.43692124839,1.7810026385224274
562,61325,0.965707600540643,156,ATTACK,581.9566913270323,63502.65853314992,0.2775800711743772
212,22686,0.2888423830969778,475,ATTACK,733.9643085856336,78541.10521025323,2.240566037735849
841,53808,0.7867805530924186,711,ATTACK,1068.9130491271974,68390.09910515606,0.845422116527943
921,75650,0.5652331024149707,535,ATTACK,1629.4162462619536,133838.58743726037,0.5808903365906624
609,45747,1.2815513377448733,786,ATTACK,475.20530942728226,35696.580115549885,1.29064039408867
168,11625,1.8907396153198197,971,ATTACK,88.85411753092332,6148.387597005854,5.779761904761905
349,77378,1.6481706001771872,770,ATTACK,211.74992440860225,46947.809887933596,2.206303724928367
577,85989,1.761538168058908,536,ATTACK,327.5546397247888,48814.7242899391,0.92894280762565
777,60859,0.7413473163968164,439,ATTACK,1048.0917416366556,82092.42638901573,0.564993564993565
769,55678,1.7312460437229766,359,ATTACK,444.18874069817116,32160.651111304,0.4668400520156047
897,47243,1.2206568957226145,288,ATTACK,734.8502295307042,38702.9313196422,0.3210702341137124
304,6597,0.8012446399518562,926,ATTACK,379.4097143891861,8233.440413899541,3.0460526315789473
161,78659,0.24057440783822473,441,ATTACK,669.2316171396965,326963.29051299,2.739130434782609
550,10145,1.3096286352795186,201,ATTACK,419.96638221232206,7746.470813716377,0.3654545454545455
311,36292,1.4819126603451984,860,ATTACK,209.86392000157102,24489.972298061144,2.765273311897106
638,81610,0.6191075893270379,561,ATTACK,1030.515553352363,131818.76850953972,0.8793103448275862
432,5087,1.085111864180465,987,ATTACK,398.11563605589157,4687.995927352594,2.2847222222222223
621,93940,1.5496613409521942,249,ATTACK,400.73271726480874,60619.696392682985,0.40096618357487923
952,35434,1.8779546729497403,258,ATTACK,506.9344929953367,18868.40002604702,0.2710084033613445
938,33845,0.6295497203040646,907,ATTACK,1489.9538030879557,53760.646551718404,0.9669509594882729
865,88553,1.9199558788413782,104,ATTACK,450.5311864364275,46122.414049138686,0.12023121387283237
197,61347,1.693701520613026,292,ATTACK,116.31329227873454,36220.66772296207,1.482233502538071
424,48912,0.5864866996324941,179,ATTACK,722.9490460153453,83398.3107044872,0.4221698113207547
212,6031,1.6039635243365569,846,ATTACK,132.17258172232377,3760.060567770446,3.990566037735849
793,66628,1.593448424720732,951,ATTACK,497.6627970490989,41813.7160678277,1.1992433795712485
371,5237,0.16663992034504294,607,ATTACK,2226.357281207355,31427.04334685423,1.6361185983827493
937,19151,0.4740090250329631,775,ATTACK,1976.7556112140269,40402.18432268925,0.8271077908217717
653,11326,0.4516855918108984,710,ATTACK,1445.695881911999,25074.964101891732,1.0872894333843799
159,72608,0.47726834031023274,142,ATTACK,333.1459193305117,152132.44597955846,0.8930817610062893
563,52533,1.1032297498084207,696,ATTACK,510.3198133460113,47617.46137567675,1.236234458259325
733,84512,1.1317985580709953,441,ATTACK,647.6417510632846,74670.53160417505,0.6016371077762619
192,98788,1.8234208804180598,487,ATTACK,105.29658953778116,54177.28899613711,2.5364583333333335
670,8109,1.035462697478784,981,ATTACK,647.0537293437632,7831.281628729217,1.464179104477612
731,79734,0.8713343244358225,429,ATTACK,838.9431926411402,91507.92957872596,0.5868673050615595
472,15462,1.1214133927280563,90,ATTACK,420.89741665361083,13787.95732266553,0.1906779661016949
765,34725,0.45400110408768546,244,ATTACK,1685.0179286177429,76486.59813235441,0.31895424836601305
795,22485,1.5223296617155968,949,ATTACK,522.2259146577167,14770.125397583346,1.1937106918238993
551,26096,0.15037935327396504,877,ATTACK,3664.0668283509226,173534.4608940938,1.5916515426497277
667,72810,0.23534650514073335,946,ATTACK,2834.118992339168,309373.6189388528,1.4182908545727135
669,67322,0.4876199651543224,247,ATTACK,1371.9700746631124,138062.4355253663,0.3692077727952167
648,96603,1.431865272424145,784,ATTACK,452.55654458532774,67466.54301940805,1.2098765432098766
210,55363,0.7443056418586104,463,ATTACK,282.1421579925253,74382.07758542942,2.204761904761905
506,15478,0.8015037303598677,588,ATTACK,631.3133436981145,19311.201450117424,1.1620553359683794
565,50016,1.8529666340128672,476,ATTACK,304.91644567631033,26992.39105654219,0.8424778761061947
451,27474,0.25706529016927393,244,ATTACK,1754.4181079562425,106875.57227935655,0.541019955654102
760,77531,1.0866927276853262,560,ATTACK,699.3697304101894,71345.83495846367,0.7368421052631579
431,83533,1.0110778484894232,342,ATTACK,426.27775956512676,82617.77283005507,0.7935034802784223
170,27078,1.6612568210403422,116,ATTACK,102.33216071524663,16299.707340279107,0.6823529411764706
292,30525,0.394592496767166,988,ATTACK,740.0039341657783,77358.28798085748,3.3835616438356166
876,38030,1.2155617407656203,357,ATTACK,720.6544683186987,31285.94683808232,0.4075342465753425
756,94895,0.205943092342624,585,ATTACK,3670.9170062487733,460782.6313597584,0.7738095238095238
406,9176,1.5595250232003133,895,ATTACK,260.3356752601791,5883.842749230057,2.2044334975369457
887,16802,0.19171862846909213,95,ATTACK,4626.571799948994,87638.84936047689,0.10710259301014656
103,94214,1.1803743687949628,963,ATTACK,87.26045119494766,79817.04998913397,9.349514563106796
965,53706,1.9682780694482014,682,ATTACK,490.2762546506113,27285.778789912674,0.7067357512953368
259,18721,1.2867707330185034,809,ATTACK,201.27905721980363,14548.823282671598,3.1235521235521237
899,81271,0.7474627455917927,274,ATTACK,1202.7355280271927,108729.1647367052,0.3047830923248053
312,7047,1.6177602766222936,104,ATTACK,192.85922921251463,4356.022398271124,0.3333333333333333
618,11248,0.4541590962466313,969,ATTACK,1360.7566271542755,24766.651362833803,1.5679611650485437
911,33176,1.3658294208589998,932,ATTACK,666.9939789604564,24290.00246541394,1.0230515916575191
699,75554,0.5988294248142065,366,ATTACK,1167.277309756234,126169.48478014664,0.5236051502145923
108,16461,1.0359411212394052,681,ATTACK,104.253029236631,15889.899206149841,6.305555555555555
883,26630,1.2342922947704844,953,ATTACK,715.3897044817841,21575.116455662414,1.0792751981879956
697,74887,0.4162679314117126,364,ATTACK,1674.4023437890714,179900.9588512657,0.5222381635581061
634,22525,0.36264357667870756,374,ATTACK,1748.273072438029,62113.32958464764,0.5899053627760252
706,64490,1.1302824656703467,830,ATTACK,624.6226243820267,57056.53406005227,1.1756373937677054
320,7921,1.7466915737987385,902,ATTACK,183.20349442349334,4534.858997901533,2.81875
161,45609,1.5763330118841261,99,ATTACK,102.13577891613353,28933.607084384686,0.6149068322981367
386,94744,0.3850048335170764,917,ATTACK,1002.5848155562948,246085.2221892891,2.3756476683937824
211,98227,1.9220605420264223,395,ATTACK,109.778019675459,51105.049946262145,1.872037914691943
971,65372,0.2127720419057482,149,ATTACK,4563.569495799286,307239.613881968,0.15345005149330587
512,89291,0.012374019658566694,669,ATTACK,41377.01524060015,7216005.991891461,1.306640625
656,17726,0.9490707522406127,225,ATTACK,691.2024192625082,18677.216591230517,0.3429878048780488
832,56295,1.2999066724896327,761,ATTACK,640.0459491499653,43306.95517716021,0.9146634615384616
599,99711,0.549894850669981,828,ATTACK,1089.2991619583095,181327.39355262936,1.3823038397328882
634,68431,1.4253182580447286,138,ATTACK,444.81293663474855,48011.03165118687,0.21766561514195584
281,20734,0.39797875674426186,496,ATTACK,706.0678371347556,52098.2581322136,1.7651245551601424
512,10544,0.7212604737551783,251,ATTACK,709.8683743673317,14618.85183462724,0.490234375
618,45343,1.1658511378455003,886,ATTACK,530.0848281042703,38892.61547044002,1.4336569579288025
646,20181,1.0016330093060717,867,ATTACK,644.9467958804062,20148.097968517766,1.3421052631578947
875,85227,1.884397137730213,758,ATTACK,464.33948687374453,45227.72736890129,0.8662857142857143
391,99324,1.2031505463039398,723,ATTACK,324.9801125895226,82553.26010956967,1.8491048593350383
669,83625,0.6054048394897843,474,ATTACK,1105.0456758221683,138130.70947777104,0.7085201793721974
514,49124,0.7434381397384192,553,ATTACK,691.3823390616633,66076.78214798667,1.075875486381323
357,96051,1.8932262002035167,703,ATTACK,188.56700797909065,50734.03272660962,1.9691876750700281
726,40224,0.5878084559847977,238,ATTACK,1235.0962164769817,68430.45483687342,0.3278236914600551
681,22865,1.218237705719946,721,ATTACK,559.0042048464976,18768.915042313023,1.0587371512481645
868,99182,0.9236891335734259,578,ATTACK,939.7100912533372,107375.95192475633,0.6658986175115207
840,13688,1.8579977369045333,244,ATTACK,452.0995818861756,7367.070329592823,0.2904761904761905
409,35261,1.766787194991808,307,ATTACK,231.49364063729047,19957.69501836552,0.7506112469437652
167,33069,1.3438311109017813,538,ATTACK,124.27156853656575,24608.002993626902,3.2215568862275448
112,49935,1.3920039499397974,139,ATTACK,80.45954180291218,35872.743035075175,1.2410714285714286
824,61809,1.7299223374538457,191,ATTACK,476.32196091114076,35729.34961402512,0.23179611650485438
321,52539,0.3674651192244903,488,ATTACK,873.5522998140565,142976.83576302405,1.5202492211838006
667,48446,0.3643298188735344,295,ATTACK,1830.7587396010756,132972.92038787663,0.44227886056971516
366,35474,0.1496826195938856,156,ATTACK,2445.1736680786335,236994.7833372171,0.4262295081967213
793,70122,1.0795161553932346,947,ATTACK,734.5883579770368,64956.878736526836,1.1941992433795712
403,87459,0.5349950303742462,468,ATTACK,753.278025252101,163476.28488963647,1.1612903225806452
528,81179,1.4273581519377792,518,ATTACK,369.914165749632,56873.60238899502,0.9810606060606061
711,33092,1.7537875947480628,255,ATTACK,405.40827300248833,18868.87562615801,0.35864978902953587
660,63439,0.7049011203932753,900,ATTACK,936.3015335140561,89997.01967363365,1.3636363636363635
907,96254,1.8724463967252498,314,ATTACK,484.39303874667183,51405.47690355254,0.3461962513781698
127,35471,0.7332933390619804,378,ATTACK,173.1912636250819,48372.18355941165,2.9763779527559056
387,95391,0.5025065521267972,301,ATTACK,770.1392118412588,189830.36061175587,0.7777777777777778
257,65232,0.791241910010782,778,ATTACK,324.8058485634285,82442.54907972596,3.027237354085603
884,75326,1.45667751949338,354,ATTACK,606.8604671728905,51710.82754554882,0.4004524886877828
214,14057,1.4103276537133063,698,ATTACK,151.73778904253285,9967.187385845255,3.2616822429906542
905,69848,0.27110064423423913,732,ATTACK,3338.243634781084,257646.01259910405,0.8088397790055248
673,79607,0.2359661219498592,444,ATTACK,2852.1043378549352,337366.2258894767,0.6597325408618128
284,53919,0.8617964198694059,510,ATTACK,329.54418636716605,62565.82036877193,1.795774647887324
132,46773,1.3587938808138542,619,ATTACK,97.14497677965561,34422.439385718426,4.6893939393939394
397,9007,0.6239587199263682,957,ATTACK,636.2600398418167,14435.249820794064,2.4105793450881614
542,15139,1.4163437275231407,562,ATTACK,382.67546886223255,10688.78952602461,1.03690036900369
152,72632,1.9773525737390092,452,ATTACK,76.87045902622245,36731.941973635454,2.973684210526316
257,29645,1.4961641246538526,995,ATTACK,171.77259885138514,19814.002696300824,3.8715953307392996
266,87731,1.4200221609165447,831,ATTACK,187.32102027781872,61781.43018794479,3.1240601503759398
245,32389,0.7728900172266567,397,ATTACK,316.9920616637381,41906.35055194618,1.620408163265306
928,19153,1.4265139006649468,993,ATTACK,650.5369485480846,13426.437689161061,1.0700431034482758
894,47632,0.44253212856272744,468,ATTACK,2020.1923031070467,107635.12279820452,0.5234899328859061
978,30956,0.3579587455636401,991,ATTACK,2732.1584180323516,86479.23925215693,1.0132924335378324
203,60951,1.4600921445721784,979,ATTACK,139.03232118236005,41744.62565707403,4.822660098522167
366,28430,1.598350193921278,666,ATTACK,228.98611417694502,17787.090781558873,1.819672131147541
408,29685,1.0141900338218715,841,ATTACK,402.29147042837104,29269.662499181846,2.0612745098039214
998,10531,0.23678518134858548,580,ATTACK,4214.790783426541,44474.91156339168,0.5811623246492986
684,45123,0.20599731975082586,119,ATTACK,3320.431551378269,219046.53931701992,0.1739766081871345
914,40123,1.3120564485740738,539,ATTACK,696.6163696640671,30580.23916852447,0.5897155361050328
193,61619,0.6306337780399445,652,ATTACK,306.0413297236599,97709.64091317201,3.378238341968912
417,45727,0.654805833607922,369,ATTACK,636.8300015019216,69832.9148169745,0.8848920863309353
702,43252,0.16712581599885615,940,ATTACK,4200.428257025262,258799.03557386986,1.339031339031339
852,24446,0.47951801664943644,516,ATTACK,1776.7841257628402,50980.357674176514,0.6056338028169014
662,33615,0.5711408991409133,597,ATTACK,1159.0835133602816,58855.879609676536,0.9018126888217523
409,92614,0.7889105398645588,778,ATTACK,518.4364757887728,117394.80628044352,1.902200488997555
363,84298,0.44151818462111314,405,ATTACK,822.163192013273,190927.5833618041,1.115702479338843
355,47555,0.46595571781161416,255,ATTACK,761.8749731568407,102059.05450274242,0.7183098591549296
341,92282,0.031706795154918505,763,ATTACK,10754.792413862191,2910480.215648184,2.2375366568914954
317,38770,0.29278446756684956,651,ATTACK,1082.7077086239947,132418.22669827216,2.053627760252366
526,66667,1.374998238117849,227,ATTACK,382.5459447279069,48485.15303645507,0.43155893536121676
146,58746,1.031119108687192,422,ATTACK,141.59372934702506,56973.0494809612,2.8904109589041096
898,48398,1.1364939733574733,264,ATTACK,790.1493725893632,42585.355606436526,0.29398663697104677
552,65214,0.99141449167235,988,ATTACK,556.7802413992039,65778.74395399942,1.789855072463768
339,48533,0.4781349522694193,141,ATTACK,709.0048497625423,101504.81526113708,0.415929203539823
709,87238,1.364436300374207,412,ATTACK,519.6285087149553,63937.02657725708,0.5811001410437235
161,17598,0.9900650004983821,727,ATTACK,162.61558576351584,17774.590548238208,4.515527950310559
614,21306,1.6250656822336307,667,ATTACK,377.8308819838379,13110.854676787705,1.0863192182410424
782,19890,0.01672005780604525,431,ATTACK,46770.17322973983,1189589.1886694694,0.551150895140665
908,5100,1.002838498723926,730,ATTACK,905.4299382756003,5085.564631283658,0.8039647577092511
945,7938,1.1602613213214137,678,ATTACK,814.4716906737406,6841.562201659421,0.7174603174603175
910,12865,0.7567620532801658,492,ATTACK,1202.4915837886272,17000.05958839636,0.5406593406593406
794,42216,0.5428488940081806,417,ATTACK,1462.6538043347928,77767.49748589119,0.5251889168765743
176,91593,1.2503495191400118,861,ATTACK,140.76064116940077,73253.9170831189,4.892045454545454
933,14140,1.657145468476058,741,ATTACK,563.0163541755959,8532.74517475126,0.7942122186495176
897,23747,1.4620685997022327,417,ATTACK,613.5143044469216,16242.055950614324,0.46488294314381273
939,17719,1.070459163539464,992,ATTACK,877.1936678978062,16552.709905730808,1.0564430244941427
157,87979,1.3469399502723183,493,ATTACK,116.56050439981266,65317.68545599438,3.140127388535032
862,57939,1.6323405651012224,147,ATTACK,528.076075807469,35494.43127170412,0.17053364269141533
759,96103,0.3508446457572157,290,ATTACK,2163.3506715255035,273918.9586108241,0.3820816864295125
844,18573,0.49066464323906894,177,ATTACK,1720.11578912315,37852.73762012354,0.20971563981042654
713,37367,1.4841010891947557,548,ATTACK,480.4254947261442,25178.204013228376,0.7685834502103787
143,89650,0.37339375431244065,339,ATTACK,382.97373308591403,240095.0711269384,2.370629370629371
381,67645,0.6145285957027157,622,ATTACK,619.9874223335777,110076.24457678442,1.6325459317585302
472,44426,0.4594330625842043,940,ATTACK,1027.3531411629576,96697.43781632533,1.9915254237288136
569,8443,0.3547434947708318,112,ATTACK,1603.9758540676844,23800.295493661615,0.1968365553602812
670,91619,1.288031228378006,431,ATTACK,520.1737234614402,71131.03935793087,0.6432835820895523
570,42384,1.6149517809408,964,ATTACK,352.95171455084744,26244.74643775986,1.6912280701754385
288,77267,0.10493623884486901,234,ATTACK,2744.523752426087,736323.3221482863,0.8125
657,27419,1.5135555648091503,582,ATTACK,434.0772253596408,18115.621677528146,0.8858447488584474
100,5084,1.2400336350764685,697,ATTACK,80.64297384468394,4099.888790263732,6.97
466,53446,1.6045356576997079,556,ATTACK,290.42670243182147,33309.32518920844,1.1931330472103003
214,16079,1.1515260784101966,530,ATTACK,185.8403417970782,13963.209606332804,2.4766355140186915
148,61039,1.7977229406608572,318,ATTACK,82.32636779146515,33953.507862319195,2.1486486486486487
151,7003,1.2625098727390216,243,ATTACK,119.60302510142336,5546.887316458727,1.609271523178808
433,53663,1.0306869585854759,189,ATTACK,420.1081583434927,52065.27506047771,0.43648960739030024
454,53848,1.1339683814231585,189,ATTACK,400.36389676951904,47486.3328485574,0.41629955947136565
852,73289,1.9594265566801599,584,ATTACK,434.82109451631425,37403.29013615746,0.6854460093896714
611,53821,0.833097614198717,746,ATTACK,733.4074538043983,64603.473929961576,1.220949263502455
499,28133,0.24160385557626618,428,ATTACK,2065.364390852954,116442.67817207644,0.8577154308617234
567,64707,1.7836381871711604,138,ATTACK,317.889583256377,36278.09746696718,0.24338624338624337
636,80831,1.1099524449922846,525,ATTACK,572.9975215329346,72823.84066513936,0.8254716981132075
964,93933,1.4472306149501986,566,ATTACK,666.0997839885889,64905.34337074702,0.5871369294605809
610,58087,0.19384537848950215,151,ATTACK,3146.837983723378,299656.35731236043,0.24754098360655738
398,98985,0.9265884702543219,792,ATTACK,429.5326488260322,106827.35990966028,1.9899497487437185
108,14033,0.4776240726240775,599,ATTACK,226.11925610584396,29380.84741604915,5.546296296296297
293,6964,0.14185213022411125,216,ATTACK,2065.531194611538,49093.37624325854,0.7372013651877133
606,67951,1.8781990348785227,944,ATTACK,322.6495109125613,36178.80679211131,1.5577557755775577
759,5622,0.42131601802417323,940,ATTACK,1801.4980858298436,13343.902817569673,1.238471673254282
699,28111,1.7239533372366895,767,ATTACK,405.4634106978912,16306.125805620057,1.0972818311874106
333,80982,0.5077771426181864,522,ATTACK,655.7995074039659,159483.35047624016,1.5675675675675675
575,22970,0.40934877158617183,922,ATTACK,1404.6701490563946,56113.51882404414,1.6034782608695652
996,88630,1.0581313201451852,573,ATTACK,941.2820328041512,83760.8700476224,0.5753012048192772
282,6729,0.8384820388784384,758,ATTACK,336.322052142233,8025.216627181156,2.6879432624113475
132,40742,1.9208038163344332,925,ATTACK,68.72122955893656,21210.91162644086,7.007575757575758
769,44946,1.9902194246600309,658,ATTACK,386.3895560819182,22583.43951581001,0.8556566970091027
590,88303,1.2759919160812145,839,ATTACK,462.3853745186639,69203.41648495183,1.4220338983050846
494,34878,0.805506810045839,485,ATTACK,613.2784898142424,43299.44770797803,0.9817813765182186
694,13940,0.16571890323079055,348,ATTACK,4187.8143438681345,84118.34575435417,0.5014409221902018
625,29218,1.0035088147288507,441,ATTACK,622.8146587520267,29115.83791906675,0.7056
142,87556,1.335789150445757,743,ATTACK,106.30420224076094,65546.27275628215,5.232394366197183
615,97937,1.5480996824981696,783,ATTACK,397.2612403146896,63262.722101950814,1.273170731707317
128,22731,0.21588380718653746,880,ATTACK,592.9115373132167,105292.75120833384,6.875
612,88407,0.8574964288826868,661,ATTACK,713.7055961824035,103098.97163676102,1.0800653594771241
257,15086,1.9574097006993205,855,ATTACK,131.2959672715334,7707.12436676402,3.3268482490272375
671,37869,0.6953939311780643,525,ATTACK,964.9207016564861,54456.903205707116,0.7824143070044709
455,27097,0.030745038582233333,754,ATTACK,14799.135762442376,881345.454406376,1.6571428571428573
955,49071,1.6615331976447094,422,ATTACK,574.770339439351,29533.56578704544,0.4418848167539267
992,84634,0.13870511070175282,836,ATTACK,7151.863366686056,610172.1816291407,0.842741935483871
652,24846,1.5704426564375853,161,ATTACK,415.16956848268893,15821.017022271302,0.2469325153374233
676,6438,1.4484457068844971,272,ATTACK,466.70717223776893,4444.764459862065,0.40236686390532544
729,79869,0.6830818444652259,898,ATTACK,1067.222040677604,116924.4954278183,1.2318244170096022
647,68025,0.9299321558122988,658,ATTACK,695.7496801848339,73150.49767321997,1.017001545595054
886,95265,1.4245954064188382,107,ATTACK,621.9309679140658,66871.61812452988,0.12076749435665914
485,44877,1.9837663635262879,919,ATTACK,244.48443572653258,22622.119633195056,1.8948453608247422
393,86294,0.7107566217285577,696,ATTACK,552.9318869294884,121411.4611976928,1.7709923664122138
437,96777,1.8210180149323814,582,ATTACK,239.9756599970961,53144.44953670244,1.331807780320366
542,96877,1.2015647782612522,617,ATTACK,451.0784685152903,80625.69888257523,1.1383763837638377
415,39418,0.8766314333416013,829,ATTACK,473.40305653662875,44965.30525918273,1.997590361445783
716,32035,1.3172812287256486,406,ATTACK,543.5437660435393,24319.02869442009,0.5670391061452514
408,30265,0.08564301369884676,276,ATTACK,4763.961266410853,353385.50913706975,0.6764705882352942
974,84698,1.233019521445703,755,ATTACK,789.9307213384544,68691.53206973759,0.7751540041067762
288,35362,1.908835948952706,630,ATTACK,150.87729260233854,18525.426461819083,2.1875
336,69446,1.2786095449821517,972,ATTACK,262.7854620033282,54313.688078223604,2.892857142857143
990,74203,1.9233310497650224,699,ATTACK,514.7319802906268,38580.46175101553,0.706060606060606
687,14512,1.5934735740151016,290,ATTACK,431.1336009601683,9107.14820543517,0.42212518195050946
847,37461,1.6495032027498069,135,ATTACK,513.4879390279493,22710.47424312398,0.15938606847697756
803,10134,0.34612200801523724,258,ATTACK,2319.9911632451,29278.69296180055,0.32129514321295144
739,82969,1.6589665137172733,271,ATTACK,445.4580571033412,50012.462164826946,0.36671177266576455
247,49605,1.0606167742175496,454,ATTACK,232.8833618365311,46769.95612915435,1.8380566801619433
311,36083,0.9205659695554229,297,ATTACK,337.8356470750206,39196.53907848221,0.954983922829582
686,75444,0.2338829531428913,776,ATTACK,2933.0910644902233,322571.6068067061,1.131195335276968
560,11930,1.0457469159944768,859,ATTACK,535.5024159621406,11408.11396862203,1.5339285714285715
333,70703,0.6664366163284705,635,ATTACK,499.6724247154396,106091.10944341059,1.906906906906907
134,40242,0.17838832944803276,393,ATTACK,751.1702162054062,225586.5062726713,2.9328358208955225
596,18828,0.4932437014923016,737,ATTACK,1208.3276445230028,38171.80015281728,1.2365771812080537
919,80801,1.9048157515332789,405,ATTACK,482.4613610320327,42419.325824536754,0.44069640914036995
463,28843,0.7051475837372291,417,ATTACK,656.600136876503,40903.49405600211,0.9006479481641468
843,63516,1.2175043109445274,266,ATTACK,692.4000124040705,52169.01445771879,0.3155397390272835
140,18281,0.303403438571451,969,ATTACK,461.4318171843337,60253.107499620026,6.921428571428572
656,10648,0.05978413858655913,890,ATTACK,10972.81010497798,178107.4420698255,1.3567073170731707
706,41435,1.2743629379803043,430,ATTACK,554.0023010390714,32514.285189169863,0.6090651558073654
217,22447,1.8131464927539336,246,ATTACK,119.68144927462824,12380.135907223872,1.1336405529953917
970,73650,0.2885904881549867,388,ATTACK,3361.1641402368887,255205.91642107925,0.4
980,59861,1.971763648155589,375,ATTACK,497.0169730620116,30359.11533108681,0.3826530612244898
428,78890,1.996498262199626,846,ATTACK,214.3753431212379,39514.18415615528,1.9766355140186915
946,59209,0.5833459819351663,237,ATTACK,1621.67912233111,101498.94202336436,0.25052854122621565
313,11580,0.6180430497249066,737,ATTACK,506.4372136201799,18736.5588936795,2.3546325878594248
833,75184,0.3069490057964337,610,ATTACK,2713.80582529868,244939.70848650174,0.7322929171668667
151,86836,0.5280264372242719,398,ATTACK,285.97052979728903,164453.88692369132,2.6357615894039736
487,8578,1.7737043946722004,462,ATTACK,274.56660842857235,4836.206092608406,0.9486652977412731
728,54143,0.9554422589148034,518,ATTACK,761.9508067676078,56667.99798189366,0.7115384615384616
290,62376,0.7020737775305639,842,ATTACK,413.06200185973364,88845.36354483705,2.9034482758620688
494,6673,0.7012900406475222,976,ATTACK,704.4161065568177,9515.321212659199,1.9757085020242915
418,15470,1.336135841384878,540,ATTACK,312.8424424022271,11578.1640764652,1.291866028708134
404,81063,1.5778281343359097,950,ATTACK,256.04816596202926,51376.31801331678,2.3514851485148514
549,45880,1.9294298903331528,398,ATTACK,284.54000984985504,23779.04490329936,0.7249544626593807
640,86346,1.8849383948442096,473,ATTACK,339.53364298300903,45808.39365157953,0.7390625
810,45138,0.3127291551525868,375,ATTACK,2590.1006882610122,144335.75909472292,0.46296296296296297
932,43846,1.7471459059561425,809,ATTACK,533.4414239948403,25095.786133559835,0.8680257510729614
223,76451,0.2061336983130484,633,ATTACK,1081.822146621254,370880.6499163296,2.8385650224215246
440,91580,0.9778951606341448,765,ATTACK,449.94598369284193,93650.1208786147,1.7386363636363635
214,77902,1.5190400074112775,222,ATTACK,140.8784488597474,51283.7052480002,1.0373831775700935
580,93741,0.13425286702479097,296,ATTACK,4320.205689856127,698242.071677247,0.5103448275862069
668,56378,0.5515360937697853,527,ATTACK,1211.1628006685405,102219.96463486674,0.7889221556886228
863,22089,1.7976535838138736,404,ATTACK,480.07024699890883,12287.684456499303,0.4681344148319815
972,21728,0.8647921072831124,390,ATTACK,1123.9695550109714,25125.113674154716,0.4012345679012346
264,24027,0.4401432917272827,560,ATTACK,599.8046658031927,54589.04055020194,2.121212121212121
491,34396,1.7802792350505137,711,ATTACK,275.79943097301157,19320.564618630768,1.4480651731160896
986,5601,1.394199989302396,576,ATTACK,707.215612943274,4017.3576552690442,0.5841784989858012
188,69034,1.2602846254709423,397,ATTACK,149.17265211400027,54776.515244882416,2.1117021276595747
390,87367,0.21416287544006174,184,ATTACK,1821.04390968149,407946.52117216086,0.4717948717948718
838,79309,0.7087221507524507,394,ATTACK,1182.4097766808825,111904.22073840586,0.4701670644391408
381,23855,0.5613204145685907,880,ATTACK,678.7567138330822,42498.008946163194,2.309711286089239
822,61912,1.6673372182868267,135,ATTACK,493.00165016684343,37132.260541520205,0.16423357664233576
668,31483,0.1367336150522624,297,ATTACK,4885.411679817554,230250.6226282875,0.44461077844311375
795,69383,0.1610251324541081,999,ATTACK,4937.117503856572,430883.0487673969,1.2566037735849056
855,45065,1.5239252606117932,821,ATTACK,561.0511368889264,29571.660215087097,0.960233918128655
986,17724,1.9915498339005888,945,ATTACK,495.09180398908245,8899.601555682046,0.9584178498985801
186,71661,0.07403874150980745,177,ATTACK,2512.1982925028747,967885.1711776801,0.9516129032258065
981,63776,1.2394340667519195,963,ATTACK,791.4902666592214,51455.74235112998,0.981651376146789
534,69326,0.8745737710369191,208,ATTACK,610.5831408216995,79268.32737941037,0.3895131086142322
250,47898,1.8385501797235697,669,ATTACK,135.97670749328586,26052.049342053626,2.676
601,71352,1.522067468924817,664,ATTACK,394.85766056385415,46878.34242354762,1.1048252911813643
178,60627,0.16032937315973322,555,ATTACK,1110.2145320724348,378140.3170559298,3.1179775280898876
712,94852,0.31929286181697747,648,ATTACK,2229.9277094648205,297068.9650255016,0.9101123595505618
389,38738,0.5615627238340303,638,ATTACK,692.7097962345679,68982.49893710717,1.6401028277634961
908,38749,1.5506143345565166,403,ATTACK,585.5743622154071,24989.45039811102,0.44383259911894274
842,68245,1.808921125286478,805,ATTACK,465.4708202750702,37726.907517425374,0.9560570071258907
941,11525,1.5536012055786639,234,ATTACK,605.689540289401,7418.248620441388,0.24867162592986186
254,17540,0.10888620426473529,218,ATTACK,2332.7105735309606,161085.60417217738,0.8582677165354331
842,70972,1.492610032471692,921,ATTACK,564.1125154476468,47548.92333295771,1.0938242280285035
910,85234,0.5144648281867361,952,ATTACK,1768.8284021423829,165675.0769540702,1.0461538461538462
304,77159,0.37364735917924935,445,ATTACK,813.6013611009157,206502.19546442616,1.4638157894736843
477,49028,0.0672500542651125,714,ATTACK,7092.931079573189,729040.303918898,1.4968553459119496
983,83630,0.23729548487540994,152,ATTACK,4142.514555285855,352429.7988388159,0.15462868769074262
805,40311,0.7275872490319946,521,ATTACK,1106.3965195528067,55403.66472011576,0.6472049689440994
452,64364,0.39258655372994566,612,ATTACK,1151.3384646151787,163948.55959400744,1.3539823008849559
989,34941,0.49249259922385835,709,ATTACK,2008.152003824241,70947.25901478545,0.7168857431749242
813,14966,0.07893747142781506,397,ATTACK,10299.29113885354,189593.1010874318,0.4883148831488315
806,70240,0.30923809951423065,771,ATTACK,2606.4058771092955,227138.89430292422,0.956575682382134
347,79431,0.4567219253779096,888,ATTACK,759.7620799852747,173915.45180204712,2.559077809798271
594,53153,0.7139919298128302,254,ATTACK,831.9421763712573,74444.81902468257,0.4276094276094276
122,72696,0.30621339882517146,156,ATTACK,398.4149631207167,237403.0668772428,1.278688524590164
409,68688,0.8411983613035655,777,ATTACK,486.21112310084857,81654.93795489264,1.8997555012224938
524,67880,0.2655038314827178,656,ATTACK,1973.6061701019494,255664.86035595482,1.251908396946565
423,72902,1.0574832759131474,871,ATTACK,400.0063259957802,68939.15172043585,2.059101654846336
465,30255,0.9441117660970575,982,ATTACK,492.5264324607481,32045.994008817062,2.1118279569892473
815,86600,0.13943721568524267,208,ATTACK,5844.924513120894,621068.0525598397,0.2552147239263804
122,89056,0.020657229264289742,855,ATTACK,5905.922737223139,4311129.961361835,7.008196721311475
626,35017,0.6162436042229741,780,ATTACK,1015.8320438705856,56823.30779587268,1.2460063897763578
324,7297,0.9521546163598115,706,ATTACK,340.2808687087886,7663.671293111205,2.1790123456790123
910,12115,1.9533605148571442,689,ATTACK,465.86382445974203,6202.132124538214,0.7571428571428571
403,12032,1.712452624872331,648,ATTACK,235.3349775326164,7026.179775862135,1.6079404466501241
705,72170,0.021043908148823832,891,ATTACK,33501.38173072207,3429496.0560371797,1.2638297872340425
487,76005,0.933482976768627,92,ATTACK,521.7020686181273,81420.87417930343,0.188911704312115
303,26579,0.5678158312770984,913,ATTACK,533.6237267610344,46809.19152997206,3.0132013201320134
226,83995,1.4882552071853246,311,ATTACK,151.85567563202042,56438.57289695379,1.3761061946902655
921,50903,1.9566459625856532,329,ATTACK,470.70344743559235,26015.437117061843,0.3572204125950054
800,67565,1.8826648841029072,234,ATTACK,424.92958080598675,35887.95890894562,0.2925
477,9800,0.13267757201306235,725,ATTACK,3595.1818590186326,73863.27509094884,1.519916142557652
454,61610,0.49339538372584724,511,ATTACK,920.1545352363145,124869.42933019677,1.1255506607929515
611,84888,0.4111848737555532,267,ATTACK,1485.9496032026598,206447.28300600225,0.4369885433715221
460,26335,0.013298846100254696,938,ATTACK,34589.46712611331,1980246.992969987,2.0391304347826087
223,57472,0.9777005588806179,487,ATTACK,228.08619466814625,58782.824125415704,2.1838565022421523
867,21427,0.02232528231615271,394,ATTACK,38834.895242185186,959763.8989092296,0.4544405997693195
257,41103,0.5150956984911711,710,ATTACK,498.9364126953684,79796.8224553219,2.762645914396887
669,95697,0.2416966997085836,560,ATTACK,2767.9318782863843,395938.3811007057,0.8370702541106129
993,42711,0.6805659197804884,417,ATTACK,1459.0798203945988,62758.06466150424,0.4199395770392749
612,61615,0.5953646779876249,440,ATTACK,1027.9413989902855,103491.19166468372,0.7189542483660131
166,94515,0.9669321327343241,413,ATTACK,171.67699198348024,97747.29456216044,2.4879518072289155
892,18402,1.990822955868714,225,ATTACK,448.0559144500961,9243.413607298955,0.2522421524663677
717,76108,0.7364046956870659,230,ATTACK,973.649413426185,103350.78041428185,0.3207810320781032
658,22801,0.3365632932047435,818,ATTACK,1955.0557451899992,67746.54414297442,1.243161094224924
583,17177,0.8685842124007556,965,ATTACK,671.2072262844791,19775.86025023756,1.6552315608919383
758,69492,1.265897125272998,237,ATTACK,598.784833986042,54895.45604664648,0.31266490765171506
436,85081,0.4202132312516888,927,ATTACK,1037.5684713717537,202471.016313716,2.126146788990826
487,84673,0.5798446271691771,601,ATTACK,839.880163031866,146027.04937247882,1.2340862422997947
272,90275,1.4399987783103476,957,ATTACK,188.88904914152553,62691.02540901183,3.5183823529411766
208,98893,1.7991791543320828,976,ATTACK,115.60827586245394,54965.62127339258,4.6923076923076925
697,79554,0.12381008864664168,691,ATTACK,5629.589701605516,642548.6070610117,0.9913916786226685
706,42867,1.912778306291998,138,ATTACK,369.09661599446457,22410.856427527924,0.1954674220963173
171,49908,1.244371590604616,285,ATTACK,137.41875922843468,40106.99085130244,1.6666666666666667
978,76939,0.47717976278920327,240,ATTACK,2049.5420725376334,161236.92997849997,0.24539877300613497
714,68956,1.0574756682907347,965,ATTACK,675.1928402797993,65208.11973996336,1.3515406162464987
471,96959,0.6271112060753055,175,ATTACK,751.0629620983697,154612.13108725226,0.37154989384288745
200,94555,1.2896211827392932,819,ATTACK,155.0843012481996,73319.98052261757,4.095
798,58018,1.3156520708120842,545,ATTACK,606.5433390056048,44098.28501557291,0.6829573934837093
562,83815,1.4533376318133537,433,ATTACK,386.69610398705714,57670.7009887459,0.7704626334519573
786,84785,0.1343072122138568,304,ATTACK,5852.254596338844,631276.5979015126,0.38676844783715014
439,56781,0.3419013904910705,213,ATTACK,1283.995947982158,166074.20027875833,0.48519362186788156
836,69326,1.8611435720851117,798,ATTACK,449.1861952720803,37249.141355780186,0.9545454545454546
450,30327,0.5916132634535163,854,ATTACK,760.6320341317991,51261.52822025571,1.8977777777777778
150,77623,0.21544568032973618,328,ATTACK,696.2311788773271,360290.35198663175,2.1866666666666665
351,92624,0.7825896618972912,316,ATTACK,448.5109081929912,118355.76740873966,0.9002849002849003
894,45742,1.7847950977526885,627,ATTACK,500.8978347854459,25628.712258116182,0.7013422818791947
835,80758,0.8626269582001248,832,ATTACK,967.973458355894,93618.68329329975,0.9964071856287425
827,18974,0.6441350087106706,291,ATTACK,1283.892334396418,29456.55762132725,0.3518742442563482
485,45138,0.29688637908450977,776,ATTACK,1633.6215945492838,152037.9619273517,1.6
297,16803,1.6339785280935062,575,ATTACK,181.76493441840617,10283.488865429223,1.936026936026936
575,20809,1.3184765237870282,191,ATTACK,436.1093956746696,15782.609416685566,0.33217391304347826
319,93086,1.0546687369263028,409,ATTACK,302.46464015770937,88260.88869504869,1.2821316614420062
113,88274,1.6005275278444502,503,ATTACK,70.60172226602408,55153.065763814244,4.451327433628318
467,61727,0.08705570141847585,859,ATTACK,5364.381567097322,709051.7794265875,1.8394004282655245
743,78411,0.6043809239669712,611,ATTACK,1229.3571331192516,129737.71489234675,0.8223418573351279
110,65492,1.684436206094467,867,ATTACK,65.30374946941205,38880.66509318849,7.881818181818182
162,47618,0.8794826240760337,125,ATTACK,184.19920481111706,54143.19589318377,0.7716049382716049
295,21133,1.363808327714547,837,ATTACK,216.30605562759493,15495.579232467673,2.8372881355932202
131,32679,1.9484792957949097,362,ATTACK,67.231917877042,16771.540796212637,2.763358778625954
746,10264,1.6891616325305168,108,ATTACK,441.6392046996856,6076.38712739621,0.1447721179624665
143,82141,1.4415797106508206,789,ATTACK,99.1967346262391,56979.852999537805,5.5174825174825175
694,70796,1.907506667612383,878,ATTACK,363.8257269468297,37114.41810508323,1.2651296829971181
447,77383,0.03365424189229705,363,ATTACK,13282.12952859032,2299353.533134015,0.8120805369127517
630,53660,1.4449229361932947,417,ATTACK,436.00941214190937,37136.928659579135,0.6619047619047619
842,19452,1.3766741397777844,811,ATTACK,611.6189559105914,14129.705380490288,0.9631828978622328
790,21024,1.022172393700466,389,ATTACK,772.8637604269901,20567.95911293296,0.49240506329113926
781,69608,1.9394724508030416,607,ATTACK,402.68682325269725,35890.17207807138,0.7772087067861716
508,87403,1.572848626413123,845,ATTACK,322.9808587228719,55569.87400581727,1.6633858267716535
323,83424,1.3011720588113074,941,ATTACK,248.2377313689616,64114.50310131347,2.913312693498452
637,80327,0.4114671177338453,830,ATTACK,1548.1188472806207,195220.9460683052,1.3029827315541602
187,50675,1.0730582589783368,505,ATTACK,174.2682640344649,47224.83572163908,2.700534759358289
468,7143,1.1425235684449517,530,ATTACK,409.61955877809874,6251.949804170853,1.1324786324786325
723,61161,0.946303474378695,975,ATTACK,764.0255156779308,64631.48625778413,1.3485477178423237
175,66348,0.5407237593855178,981,ATTACK,323.6403005461998,122702.20948936723,5.605714285714286
330,17919,1.0203822287445812,494,ATTACK,323.4082196884326,17561.066329081892,1.496969696969697
618,52181,0.3242447715479797,752,ATTACK,1905.9675104384905,160930.8910391438,1.2168284789644013
728,11698,1.350070169786561,256,ATTACK,539.2312313034018,8664.734812894498,0.3516483516483517
404,71278,0.8689447237119081,705,ATTACK,464.93176030141024,82028.23269991069,1.745049504950495
771,41004,0.607633330149777,674,ATTACK,1268.857321914771,67481.48589856456,0.874189364461738
251,77709,1.3001266423341247,426,ATTACK,193.0581158996775,59770.33118903601,1.697211155378486
453,66428,1.9043671024392566,682,ATTACK,237.87430449715475,34881.930020169966,1.5055187637969094
400,67588,1.3687325772491499,820,ATTACK,292.241162845639,49379.98928602762,2.05
631,88465,0.665236614082928,860,ATTACK,948.5346817085145,132982.7585060915,1.3629160063391441
488,48110,0.05831211735135017,312,ATTACK,8368.758024333698,825042.9273579799,0.639344262295082
197,25220,0.8433344696942546,379,ATTACK,233.59652318186525,29905.098043891583,1.9238578680203047
976,30951,1.8586355847579283,916,ATTACK,525.1163853763812,16652.53815961514,0.9385245901639344
639,44013,1.236816570664518,108,ATTACK,516.6489640874373,35585.71339026664,0.16901408450704225
484,82122,1.660830327143348,647,ATTACK,291.42049738005863,49446.35141703549,1.3367768595041323
464,22398,0.7954233639058926,230,ATTACK,583.3371523330013,28158.5895214538,0.4956896551724138
773,79264,0.7296457027248806,420,ATTACK,1059.4182863178823,108633.54598538244,0.5433376455368694
247,36021,0.671291517273301,907,ATTACK,367.94744703952455,53659.250970893576,3.672064777327935
555,17019,1.437115814193018,774,ATTACK,386.1901695874445,11842.46936253823,1.3945945945945946
891,27353,1.3467087410578424,548,ATTACK,661.6129923535788,20310.999079514524,0.6150392817059483
780,68306,0.6460838643416421,945,ATTACK,1207.2736111353254,105723.11702847377,1.2115384615384615
618,76320,1.0709607855091314,280,ATTACK,577.0519409879277,71263.11348899457,0.45307443365695793
590,75651,0.4166660593652019,768,ATTACK,1416.002063856306,181562.66463185323,1.3016949152542372
344,20107,1.8754023203121293,880,ATTACK,183.4273085162585,10721.43282655933,2.558139534883721
566,97887,1.085126189819929,526,ATTACK,521.5983222134973,90207.94163694809,0.9293286219081273
571,80142,0.8291632167986951,91,ATTACK,688.6460812921322,96654.07048496332,0.159369527145359
133,80274,1.4123476462064604,422,ATTACK,94.16944925510057,56837.28097371386,3.172932330827068
477,71720,1.4057128317781522,626,ATTACK,339.32961926271975,51020.37797384122,1.3123689727463312
325,51942,1.2173196699321194,151,ATTACK,266.97999549955745,42669.15361919389,0.4646153846153846
457,9517,0.3672115642798816,918,ATTACK,1244.5141832507306,25916.939785551865,2.008752735229759
649,65614,0.4534114631343616,855,ATTACK,1431.3709572174596,144711.82432490968,1.3174114021571648
236,15570,0.11201606890640553,587,ATTACK,2106.840583712937,138997.91478140012,2.48728813559322
114,48394,1.8869002050421928,994,ATTACK,60.41654969105844,25647.35531358844,8.719298245614034
984,89856,0.11476325957420576,209,ATTACK,8574.172637225827,782968.3500920365,0.21239837398373984
692,37407,0.7008984213442067,641,ATTACK,987.3042639657527,53370.07312451866,0.9263005780346821
873,41813,0.056334628468738004,828,ATTACK,15496.685142504442,742225.5393625868,0.9484536082474226
106,54906,0.18468557815116807,772,ATTACK,573.9484428677875,297294.4641896108,7.283018867924528
387,45499,0.8802130720063726,116,ATTACK,439.66627207417594,51690.89331551145,0.2997416020671835
103,73060,1.9643309147934924,274,ATTACK,52.43515704217701,37193.32595632478,2.6601941747572817
381,56695,1.9113002083181905,576,ATTACK,199.3407411048488,29663.053325300272,1.5118110236220472
572,35700,1.9517085946301802,241,ATTACK,293.0765389739883,18291.66510729263,0.42132867132867136
197,63648,1.298770988075357,301,ATTACK,151.6818606272792,49006.330280228765,1.5279187817258884
485,28605,0.8750718594569215,128,ATTACK,554.240197257624,32688.74400526667,0.2639175257731959
905,51530,1.0375130240534958,609,ATTACK,872.2782066525044,49666.84639646801,0.6729281767955801
104,24212,0.02094899620741001,521,ATTACK,4964.438342072613,1155759.434021751,5.009615384615385
297,94923,0.4751345787078976,391,ATTACK,625.0860562657325,199781.29198286912,1.3164983164983164
315,70165,0.15008214829935845,219,ATTACK,2098.850553309587,467510.63197767356,0.6952380952380952
443,76405,0.4630031447025364,401,ATTACK,956.7969571451016,165020.4774507257,0.9051918735891648
714,17527,0.628260915802513,684,ATTACK,1136.470504595957,27897.645005676946,0.957983193277311
654,38808,1.5939624975541495,458,ATTACK,410.298235374752,24346.871434898127,0.7003058103975535
403,6134,0.40935416683054315,956,ATTACK,984.477581162198,14984.579361907996,2.372208436724566
624,87146,0.124349526972408,414,ATTACK,5018.113178174452,700814.8894634467,0.6634615384615384
395,64301,0.627488689319845,533,ATTACK,629.4934183246444,102473.56023213407,1.349367088607595
241,21196,0.28851212567791945,328,ATTACK,835.3201773884554,73466.58290425602,1.3609958506224067
348,40363,0.5665094855265728,329,ATTACK,614.2880373424509,71248.58635417628,0.9454022988505747
552,11521,1.6721067711856574,334,ATTACK,330.1224595894602,6890.110248061905,0.605072463768116
384,93994,0.890759773577665,108,ATTACK,431.09265976133486,105521.15484793465,0.28125
429,11373,0.26526663322524774,295,ATTACK,1617.2407165725972,42873.84305263438,0.6876456876456877
670,55726,0.7954380501307778,101,ATTACK,842.3031811086299,70056.99562755151,0.15074626865671642
398,98426,0.22138432091495533,830,ATTACK,1797.7786247694185,444593.3641245095,2.0854271356783918
638,24561,1.5912221216153815,184,ATTACK,400.9496797042473,15435.305773065858,0.2884012539184953
197,74630,0.4436108535677414,228,ATTACK,444.08291279536337,168233.03442597954,1.1573604060913705
643,21263,0.0432190362310287,447,ATTACK,14877.703347266319,491982.28036224534,0.6951788491446346
409,32792,1.5745454517721948,934,ATTACK,259.75750623118506,20826.32798125433,2.2836185819070907
963,63353,0.9005264129859762,721,ATTACK,1069.3745192957451,70351.0736458394,0.7487019730010385
651,59272,0.8978373015125722,825,ATTACK,725.0756889954012,66016.41511234318,1.2672811059907834
802,57434,1.6266548021502947,828,ATTACK,493.0363829743265,35308.04441365021,1.032418952618454
931,94722,1.7697107010609505,997,ATTACK,526.0746852250262,53524.002506858145,1.070891514500537
365,37008,1.1894646721861062,150,ATTACK,306.86073200406184,31113.156082209098,0.410958904109589
764,32186,1.488194558279962,618,ATTACK,513.3737358124883,21627.54850898004,0.8089005235602095
793,70870,0.03282916560341625,147,ATTACK,24155.35044599121,2158751.1804633,0.1853720050441362
522,56502,1.206997168133951,611,ATTACK,432.47823091998265,46812.04023647674,1.1704980842911878
235,60696,0.2218429637667178,820,ATTACK,1059.3078816198906,273598.941203408,3.4893617021276597
275,76841,1.0636572676516787,285,ATTACK,258.5419273326074,72242.25541150867,1.0363636363636364
636,70899,0.5503347622194099,293,ATTACK,1155.66023384588,128828.85993622491,0.4606918238993711
952,10139,1.0336192209605126,463,ATTACK,921.0355038824972,9809.221611202353,0.48634453781512604
203,71398,0.7401733021519802,649,ATTACK,274.26009477753075,96461.19333461154,3.1970443349753697
829,23807,0.2406889306647256,202,ATTACK,3444.2797087115687,98911.90232243222,0.2436670687575392
627,9461,0.8908896143223533,320,ATTACK,703.7908961110986,10619.721958703514,0.5103668261562998
449,17460,0.2139828074451673,185,ATTACK,2098.2994164849224,81595.34033814419,0.41202672605790647
790,43893,0.2617292332662664,477,ATTACK,3018.3865598089496,167703.84970847372,0.6037974683544304
545,33092,1.7088353316959177,113,ATTACK,318.93067160492274,19365.236302293768,0.20733944954128442
907,95420,0.4575801872680685,585,ATTACK,1982.166241539308,208531.75608344076,0.6449834619625138
729,88338,1.819976712910662,798,ATTACK,400.5545756869169,48537.983685913394,1.0946502057613168
438,75386,1.1367393425015482,266,ATTACK,385.31260740577693,66317.75393126004,0.6073059360730594
932,33772,0.5735366792470147,262,ATTACK,1625.005049761778,58883.76667441498,0.2811158798283262
130,54172,0.21641928787455514,406,ATTACK,600.6858320102825,250310.40685893095,3.123076923076923
569,65995,0.6579849500707418,119,ATTACK,864.7614203620087,100298.6466375936,0.20913884007029876
170,9206,0.8329399942362387,265,ATTACK,204.09633488169925,11052.416817181902,1.5588235294117647
612,76694,1.8764750560053542,289,ATTACK,326.1434240979613,40871.313346027855,0.4722222222222222
391,95019,0.7283864586584234,991,ATTACK,536.8029503461147,130451.35431953317,2.534526854219949
197,95997,1.241010511036493,715,ATTACK,158.74160472296518,77353.89760705832,3.6294416243654823
291,25864,0.36966251314565185,488,ATTACK,787.2045166920732,69966.52102997863,1.6769759450171822
799,14698,0.48096535439018656,400,ATTACK,1661.2423175740962,30559.37369675102,0.5006257822277848
313,83152,1.2761642719507968,769,ATTACK,245.26623012375626,65157.7558059124,2.4568690095846644
640,16798,0.24313470820624858,104,ATTACK,2632.285635899811,69089.27204975784,0.1625
745,19743,0.8485206268158559,542,ATTACK,877.9986914350854,23267.5545838965,0.72751677852349
438,33643,0.3115664309688493,859,ATTACK,1405.7997154507048,107980.18225321476,1.961187214611872
654,16935,0.8409315605838024,816,ATTACK,777.7089488066921,20138.380807402646,1.2477064220183487
869,80974,0.23031356798912847,954,ATTACK,3773.1168319229005,351581.5447044016,1.097813578826237
921,69897,0.47631075636175757,761,ATTACK,1933.611592219642,146746.63350855192,0.8262757871878393
331,22413,1.4721514948008947,209,ATTACK,224.84099032536528,15224.65594006771,0.6314199395770392
705,25211,0.17650350664764292,157,ATTACK,3994.2549209937456,142835.68909669973,0.2226950354609929
287,88717,1.3256600194029329,603,ATTACK,216.49593093202176,66922.89025956855,2.1010452961672472
230,58934,1.5088017962407267,366,ATTACK,152.43884291035394,39060.13377425565,1.5913043478260869
873,61791,1.5658359766197725,785,ATTACK,557.5296602167598,39461.98766833197,0.8991981672394044
418,50773,0.7945896921117206,222,ATTACK,526.0576674347652,63898.38743699841,0.5311004784688995
844,86604,0.2624127653078609,614,ATTACK,3216.306946843172,330029.6763322347,0.7274881516587678
816,88704,1.2025063644548135,960,ATTACK,678.5826870612482,73765.92974642274,1.1764705882352942
668,35117,1.1585605425792185,784,ATTACK,576.5775507189987,30310.888994908797,1.1736526946107784
833,69121,1.9208889401996614,783,ATTACK,433.65338961939995,35983.86067692983,0.9399759903961584
663,70712,1.1329706460797586,880,ATTACK,585.1872705564574,62412.91444281782,1.3273001508295625
904,30746,1.8812043825852436,656,ATTACK,480.5432138945364,16343.78501593077,0.7256637168141593
793,33309,1.9975873118325786,147,ATTACK,396.9788931390964,16674.61532354371,0.1853720050441362
762,15103,0.5851445797468158,305,ATTACK,1302.2422600747789,25810.715031377145,0.400262467191601
937,22495,1.9269729808220564,494,ATTACK,486.2548719288586,11673.749566744584,0.5272145144076841
644,71935,1.681089890849656,904,ATTACK,383.0848091499198,42790.692152483665,1.4037267080745341
317,94822,0.964642352704445,486,ATTACK,328.6192018329565,98297.57083976215,1.5331230283911672
388,35740,0.03689803680510197,645,ATTACK,10515.464604511164,968615.218982549,1.6623711340206186
558,25732,0.3579256866118836,254,ATTACK,1558.9828304361592,71892.01826663665,0.4551971326164875
159,34202,0.02748467844663527,196,ATTACK,5785.041302510313,1244402.4064682873,1.2327044025157232
858,39875,1.272131862969291,635,ATTACK,674.4583835808787,31345.02103180366,0.7400932400932401
573,96298,0.17373896109748452,873,ATTACK,3298.0512625403067,554268.3079932049,1.5235602094240839
836,41301,0.5382357057555709,445,ATTACK,1553.2228558237882,76734.03967509363,0.5322966507177034
851,33577,0.5164458233623166,562,ATTACK,1647.8011080805552,65015.532086980966,0.6603995299647474
970,13440,0.5562819238899549,723,ATTACK,1743.7201504176287,24160.411156301987,0.7453608247422681
409,25658,1.346639475797208,856,ATTACK,303.71900375033397,19053.3550078877,2.0929095354523226
807,47038,1.800460716749052,953,ATTACK,448.21861009949464,26125.53529350685,1.18091697645601
674,63437,1.8698538714649895,783,ATTACK,360.45597481472487,33926.18052569985,1.1617210682492582
809,98041,0.9132584130461472,409,ATTACK,885.8390883053612,107352.9666953596,0.5055624227441285
321,84011,0.6538266879685406,223,ATTACK,490.95579288351894,128491.23712130003,0.6947040498442367
505,65569,0.06758352078366091,499,ATTACK,7472.235748364408,970192.1302663482,0.9881188118811881
750,52748,1.0646820142265752,928,ATTACK,704.4356812440643,49543.43108568254,1.2373333333333334
123,93709,0.6531756505821001,465,ATTACK,188.31075513973045,143466.76872673986,3.7804878048780486
438,83080,0.8393766649227997,449,ATTACK,521.8157929614166,98978.21022656276,1.0251141552511416
770,77168,1.3441677320520915,140,ATTACK,572.8451752256166,57409.50192442907,0.18181818181818182
890,63130,1.7820942823290364,691,ATTACK,499.41240978386975,35424.61284230977,0.7764044943820225
323,94095,1.488177985618211,480,ATTACK,217.04393098236906,63228.32410460067,1.4860681114551084
891,35721,0.7726200061718176,449,ATTACK,1153.2189082376112,46233.59441207151,0.5039281705948373
860,60900,0.22034030907502083,766,ATTACK,3903.053434073153,276390.6443430872,0.8906976744186047
638,78888,1.943978140974382,723,ATTACK,328.1929907299342,40580.703217402894,1.1332288401253918
167,25845,1.754769529945567,754,ATTACK,95.1691929624401,14728.429892899789,4.514970059880239
558,89819,0.5363704193462482,884,ATTACK,1040.325826842045,167457.03484072693,1.5842293906810037
797,62012,0.23256368253623377,387,ATTACK,3427.0183173412133,266645.2445357131,0.48557089084065247
720,74871,0.4210783481245663,141,ATTACK,1709.8955650576568,177807.7650714331,0.19583333333333333
965,21612,0.3228200229702857,430,ATTACK,2989.281740088422,66947.52017284039,0.44559585492227977
200,19068,0.5912043635629579,767,ATTACK,338.29249634538905,32252.80660156939,3.835
703,43034,1.550894937155258,178,ATTACK,453.2866689793208,27747.849947163715,0.2532005689900427
959,99565,1.318581211175384,964,ATTACK,727.2968793064682,75509.19060286602,1.005213764337852
321,16138,1.5609181388063802,982,ATTACK,205.6481964169279,10338.786896499634,3.059190031152648
181,37564,0.669716465683798,831,ATTACK,270.26362539137256,56089.40786851668,4.5911602209944755
904,52893,0.7336843261652793,331,ATTACK,1232.1375389398097,72092.31288400815,0.3661504424778761
620,22838,0.3083418187739186,448,ATTACK,2010.7554741207337,74067.15083543438,0.7225806451612903
192,13699,0.8082765136505868,305,ATTACK,237.5424706241068,16948.407838956457,1.5885416666666667
720,96305,0.9570247634714748,585,ATTACK,752.3316297357862,100629.5800023679,0.8125
327,26122,1.9437202983857735,628,ATTACK,168.23408196722949,13439.176419412748,1.9204892966360856
549,74002,1.5383687421869026,527,ATTACK,356.87152562626613,48104.201528952544,0.9599271402550091
396,59594,0.5695651684245617,829,ATTACK,695.2672353461336,104630.69601822598,2.0934343434343434
120,22995,1.7687636697987648,479,ATTACK,67.84399863530248,13000.606238489838,3.9916666666666667
406,40631,0.6570122053717523,845,ATTACK,617.9489462760833,61842.07792153582,2.08128078817734
676,83697,0.7936376475499947,434,ATTACK,851.7741088604492,105459.9668480666,0.6420118343195266
852,24720,0.21231994679554622,276,ATTACK,4012.8118570999577,116428.06233275933,0.323943661971831
916,12941,1.955836949016569,527,ATTACK,468.34169916903437,6616.604725924099,0.5753275109170306
729,27912,0.41316336570443024,809,ATTACK,1764.4352343704977,67556.81243038317,1.1097393689986284
223,34881,1.6875516925071765,977,ATTACK,132.14410023120027,20669.589059033617,4.381165919282512
703,82796,1.9481409104537415,440,ATTACK,360.8568539512187,42500.00580333585,0.6258890469416786
852,47491,0.9962697079079007,718,ATTACK,855.190108900473,47668.81861712719,0.8427230046948356
197,14856,0.769933585964846,270,ATTACK,255.8662248161684,19295.170740451766,1.3705583756345177
738,98860,1.2267565499203152,506,ATTACK,601.5863539085544,80586.48637859037,0.6856368563685636
780,69562,1.8706157769439538,267,ATTACK,416.9749927343684,37186.6851853694,0.3423076923076923
442,68579,1.7856406752229514,827,ATTACK,247.5302036591504,38405.82316004723,1.8710407239819005
719,76651,0.29860891569107617,826,ATTACK,2407.831656117852,256693.60816841375,1.148817802503477
575,97382,1.1990756388718258,145,ATTACK,479.5360537396959,81214.22606135489,0.25217391304347825
900,78945,1.7773240155590324,391,ATTACK,506.3792488714657,44417.899780175394,0.43444444444444447
371,18311,1.3654794424923602,905,ATTACK,271.69944010495476,13409.941907713817,2.439353099730458
400,12594,0.9039377429540375,867,ATTACK,442.508350954363,13932.37542979812,2.1675
884,83729,1.2780204448698897,201,ATTACK,691.694724875858,65514.60137910714,0.22737556561085973
667,70077,0.3951595394015496,244,ATTACK,1687.9258463812866,177338.5000552645,0.3658170914542729
520,30961,0.25207986008740413,655,ATTACK,2062.838339483763,122822.18813222458,1.2596153846153846
528,62762,1.3586295394842307,148,ATTACK,388.62691017335146,46195.079803598266,0.2803030303030303
283,57383,1.8637878240330419,919,ATTACK,151.84131817516524,30788.37583337635,3.2473498233215548
570,5681,0.7618319666422726,350,ATTACK,748.1964855219187,7457.0249723684565,0.6140350877192983
426,79015,1.7057075975995089,538,ATTACK,249.74972298858373,46323.883478739306,1.2629107981220657
171,26839,1.9048767490956524,641,ATTACK,89.76958749755485,14089.625490332599,3.7485380116959064
731,14248,1.2367910986337103,850,ATTACK,591.0456509652597,11520.134657938468,1.1627906976744187
161,36315,1.172287259182492,933,ATTACK,137.33835178953936,30977.90214432995,5.795031055900621
860,25863,1.8975037070047525,617,ATTACK,453.2270460527991,13630.012897748307,0.7174418604651163
617,80514,1.0697090516715857,359,ATTACK,576.7923521221421,75267.19520058695,0.5818476499189628
366,47368,1.8013312728762196,589,ATTACK,203.18305994632564,26296.107058845773,1.6092896174863387
769,93634,1.581027817777727,341,ATTACK,486.39245391703275,59223.499388904354,0.4434330299089727
824,15092,1.443549289491851,974,ATTACK,570.8152856284244,10454.786760563327,1.1820388349514563
309,78595,0.08797240284901901,425,ATTACK,3512.4651594468264,893405.175426289,1.3754045307443366
902,76415,0.6934542906343568,139,ATTACK,1300.7346153628528,110194.71799662127,0.1541019955654102
660,49941,1.2142733648716033,118,ATTACK,543.5349395725138,41128.30063210745,0.1787878787878788
606,49058,1.2483396158645927,527,ATTACK,485.4448199020648,39298.60061840841,0.8696369636963697
681,47338,1.4609619486446768,199,ATTACK,466.13123677297585,32401.939040174933,0.2922173274596182
705,26834,1.835721482707962,204,ATTACK,384.0451869419866,14617.685881420237,0.28936170212765955
436,31599,1.2649043299064577,831,ATTACK,344.69010002696655,24981.33594209201,1.9059633027522935
738,39397,1.2486752480093921,822,ATTACK,591.0263706888575,31551.037840147583,1.113821138211382
207,10413,1.4956040303813032,541,ATTACK,138.40561792764458,6962.40434531673,2.6135265700483092
898,23320,1.6234825914474003,852,ATTACK,553.131893579097,14364.1823588692,0.9487750556792873
535,81972,1.149207748164036,245,ATTACK,465.5381073219453,71329.13968858785,0.45794392523364486
883,88402,1.607854848744641,195,ATTACK,549.1789266235176,54981.33122465707,0.22083805209513024
843,27906,0.6672260970690723,362,ATTACK,1263.4397900547515,41823.903655122056,0.4294187425860024
986,50860,0.27084552676728657,880,ATTACK,3640.451484536357,187782.3149122912,0.8924949290060852
385,8314,0.5736443128465301,207,ATTACK,671.1475933397792,14493.301535134868,0.5376623376623376
805,94450,1.3996375102820122,327,ATTACK,575.1489182637017,67481.75817392128,0.4062111801242236
195,5003,1.4047156860289838,626,ATTACK,138.81812664258703,3561.574808168528,3.2102564102564104
851,9094,1.1195122740914434,137,ATTACK,760.152451826079,8123.1802548840915,0.1609870740305523
816,60464,0.5856868418652166,386,ATTACK,1393.2360122711875,103236.05667397683,0.4730392156862745
433,51140,0.9081435706812442,907,ATTACK,476.7968567736321,56312.68188314906,2.094688221709007
931,57911,1.5658792169477047,144,ATTACK,594.554158407412,36983.056785748275,0.15467239527389903
387,40904,0.9397632357901575,774,ATTACK,411.80585200761607,43525.856771368286,2.0
506,78450,1.281589634624767,461,ATTACK,394.8221695380287,61213.04189774377,0.9110671936758893
449,59882,1.305572594919239,821,ATTACK,343.91040509530194,45866.46520694181,1.8285077951002227
127,33674,1.5084113133943637,549,ATTACK,84.19454221290154,22324.149720293277,4.322834645669292
692,13542,0.8804939826760885,545,ATTACK,785.9224635434781,15380.002892060376,0.7875722543352601
760,54129,0.8039447819732748,567,ATTACK,945.3385568777339,67329.25098057218,0.7460526315789474
147,26071,1.4351976571731095,817,ATTACK,102.42491636277056,18165.442139413546,5.557823129251701
243,72801,1.0514612644627375,401,ATTACK,231.10694441431954,69237.92864323818,1.6502057613168724
899,73979,1.3005258461667102,631,ATTACK,691.2588493721947,56883.913701563506,0.7018909899888766
286,20258,1.50678028836939,836,ATTACK,189.8086948758163,13444.561331448553,2.923076923076923
850,16856,1.8475666579123613,502,ATTACK,460.0645916399296,9123.35147845018,0.5905882352941176
529,44206,1.9276934121260785,467,ATTACK,274.4212314428978,22932.069862315202,0.8827977315689981
349,75888,0.5044920411335754,104,ATTACK,691.7849471238627,150424.57325884153,0.2979942693409742
613,35335,0.8487286141225637,385,ATTACK,722.256784795378,41632.860506924444,0.6280587275693311
304,60024,0.13430293499461973,149,ATTACK,2263.5395124624674,446929.92005278665,0.4901315789473684
344,18083,1.4467177801350484,760,ATTACK,237.77961722976008,12499.327960365557,2.2093023255813953
454,77556,1.5400659309486657,456,ATTACK,294.79257405580057,50358.88298121513,1.0044052863436124
579,45917,1.0127622191512637,684,ATTACK,571.7037909305362,45338.3816375776,1.1813471502590673
819,5863,0.2525982183025677,583,ATTACK,3242.3031544069872,23210.773375199227,0.7118437118437119
413,73272,1.8276199010278198,364,ATTACK,225.976965871151,40091.48727193941,0.8813559322033898
272,82355,0.47241933937140207,436,ATTACK,575.7596637807447,174326.05555390895,1.6029411764705883
901,61326,0.258349752321658,129,ATTACK,3487.5202778526805,237375.88075426582,0.14317425083240842
576,27204,1.1724818129881738,871,ATTACK,491.26561590922506,23202.065651379442,1.5121527777777777
482,94735,1.441405098757013,661,ATTACK,334.39593103677083,65724.06333354457,1.3713692946058091
420,8572,0.3120420473321945,93,ATTACK,1345.9724533625924,27470.656833867004,0.22142857142857142
247,40900,1.0807081988714937,836,ATTACK,228.5538318835042,37845.553538604545,3.3846153846153846
703,53744,0.04483491545417023,566,ATTACK,15679.744076212188,1198708.6282104522,0.8051209103840683
591,95161,0.2956888169918465,643,ATTACK,1998.7228668722246,321828.2009042771,1.0879864636209813
248,36747,0.20452232059629144,643,ATTACK,1212.5815865815916,179672.32081497478,2.592741935483871
739,25464,0.8533186624639867,261,ATTACK,866.030514164676,29841.13804152816,0.3531799729364005
223,39563,0.12745320279474046,804,ATTACK,1749.6617982926234,310411.97186480294,3.6053811659192827
602,96521,0.02786663891614237,521,ATTACK,21602.89232625317,3463675.6980436584,0.8654485049833887
109,92331,0.06351610971726486,908,ATTACK,1716.1000647741462,1453662.7071620338,8.330275229357799
103,89577,1.366234611093644,623,ATTACK,75.38968722037463,65564.87390426698,6.048543689320389
451,64393,0.7658383370520992,439,ATTACK,588.8971316531506,84081.71396572355,0.9733924611973392
278,90470,0.12020620204205139,933,ATTACK,2312.6926504403496,752623.3959904261,3.356115107913669
230,69722,1.5803071171286271,483,ATTACK,145.54133023073607,44119.27228846686,2.1
896,5669,1.0450625085245757,718,ATTACK,857.3649831386422,5424.555903362681,0.8013392857142857
622,73974,1.7138908912353292,807,ATTACK,362.9169179793459,43161.44066013526,1.297427652733119
771,38852,1.0516766873925585,332,ATTACK,733.115043095188,36942.91265153598,0.43060959792477305
403,47211,0.17999611916531758,169,ATTACK,2238.9371608054744,262288.9883344597,0.41935483870967744
982,41253,1.8693705066819444,705,ATTACK,525.310523777873,22067.856453572906,0.7179226069246436
662,20641,1.6745262715693794,133,ATTACK,395.3356906007622,12326.471283520139,0.20090634441087613
615,13888,1.124787386155591,240,ATTACK,546.7700007749976,12347.222391484824,0.3902439024390244
276,35086,1.933288425830225,738,ATTACK,142.76193676661333,18148.35258475868,2.6739130434782608
866,34125,0.04223992684169531,650,ATTACK,20501.929448068215,807884.9219576534,0.7505773672055427
901,50584,0.9077165870126693,463,ATTACK,992.6005681632702,55726.64499441827,0.5138734739178691
918,44843,0.5924184773929643,683,ATTACK,1549.5802967520717,75694.80310158295,0.7440087145969498
320,90290,0.34408160764302254,950,ATTACK,930.0119299953786,262408.67862275854,2.96875
343,23285,0.43356842090348513,678,ATTACK,791.1092770207861,53705.479636819255,1.9766763848396502
315,42817,1.9369060304267427,748,ATTACK,162.63050197153788,22105.87366004869,2.3746031746031746
644,70569,1.344175731690038,766,ATTACK,479.104022500314,52499.83193140475,1.18944099378882
667,23415,0.39374027462666533,398,ATTACK,1694.0100949348723,59468.13549160425,0.5967016491754122
550,31100,1.8603107465196491,580,ATTACK,295.6495311490105,16717.637124971323,1.0545454545454545
401,90244,1.5933111064121495,647,ATTACK,251.67715105117168,56639.2838390572,1.6134663341645885
389,60794,1.3974212244973219,576,ATTACK,278.3698953334063,43504.42009485631,1.480719794344473
994,68111,0.46834526786762426,664,ATTACK,2122.365844595124,145429.0342466987,0.6680080482897385
438,47652,1.108076451583123,221,ATTACK,395.2795850631279,43004.252939333724,0.5045662100456622
808,72679,1.1476980890062698,979,ATTACK,704.017901345121,63325.887440423336,1.2116336633663367
102,28565,0.503876641025678,494,ATTACK,202.43049924356782,56690.4628518874,4.8431372549019605
153,54468,1.563537540183604,520,ATTACK,97.85502174897152,34836.38774263386,3.3986928104575163
277,39817,1.1923913083832967,928,ATTACK,232.306289095289,33392.56141843726,3.3501805054151625
445,77625,1.779126015388761,333,ATTACK,250.12281094813963,43630.9734828075,0.748314606741573
750,40434,0.6670785651510408,129,ATTACK,1124.3053504952359,60613.55005589916,0.172
764,71352,1.024268373497809,568,ATTACK,745.8982623772619,69661.43038892982,0.743455497382199
723,80983,0.25272381149677053,286,ATTACK,2860.830547458085,320440.7195363736,0.39557399723374825
608,65112,0.8078694242632217,632,ATTACK,752.5968699143392,80597.18321358957,1.0394736842105263
746,38938,1.2126558281784607,555,ATTACK,615.1786703739116,32109.687757398617,0.7439678284182306
364,34440,0.2568517565003583,969,ATTACK,1417.159862792265,134085.12547957583,2.662087912087912
284,98031,0.3061820491358609,790,ATTACK,927.5527445241634,320172.2644311558,2.7816901408450705
256,7014,0.591197475894657,459,ATTACK,433.0194400992598,11864.056065844563,1.79296875
250,99745,1.042597463230086,820,ATTACK,239.78573593059727,95669.7129215897,3.28
564,14685,0.8203255180931784,750,ATTACK,687.5319462339788,17901.430195826204,1.3297872340425532
856,66416,0.8617375084583747,293,ATTACK,993.3419302257843,77072.19350219122,0.3422897196261682
855,11827,1.451063960868776,202,ATTACK,589.2228206729752,8150.571111227226,0.23625730994152047
633,69862,1.24884321141697,315,ATTACK,506.86907228472796,55941.369870388095,0.4976303317535545
590,14857,0.435732371544735,540,ATTACK,1354.0421564465448,34096.617488688666,0.9152542372881356
317,17980,0.6948408391538801,577,ATTACK,456.2195860364461,25876.42951714606,1.8201892744479495
241,46205,1.524671242589064,149,ATTACK,158.06686272297938,30304.893743216857,0.6182572614107884
571,98894,0.578400976666542,520,ATTACK,987.2044187940422,170978.27284101228,0.9106830122591943
499,12597,0.8042840155856733,157,ATTACK,620.4275981248143,15662.377662481535,0.31462925851703405
136,79796,1.7584661620888777,947,ATTACK,77.34012910344885,45378.18339660885,6.963235294117647
541,54735,0.9220397033567022,191,ATTACK,586.7426294447839,59362.95346147921,0.35304990757855825
769,41350,0.7588308797843409,343,ATTACK,1013.4010363660334,54491.7202259239,0.4460338101430429
152,40937,0.09196492870531704,504,ATTACK,1652.8039779931019,445137.08188883954,3.3157894736842106
844,26627,0.28437535977404127,368,ATTACK,2967.9083330940657,93633.28813423659,0.43601895734597157
222,14723,1.6204411882479572,916,ATTACK,136.99972674727516,9085.797193243838,4.126126126126126
467,69169,1.023474330451162,886,ATTACK,456.288923039369,67582.54500580324,1.8972162740899357
788,95991,0.14623033213163078,455,ATTACK,5388.758874531403,656436.9963517055,0.5774111675126904
873,57524,1.308361365356245,735,ATTACK,667.2468502326165,43966.44652094047,0.8419243986254296
753,79506,1.0916769679190748,562,ATTACK,689.7644835682008,72829.2364283843,0.7463479415670651
615,75800,0.13485675037418615,807,ATTACK,4560.394628326454,562077.9070360084,1.3121951219512196
179,59111,1.1815549061287909,389,ATTACK,151.49528732987105,50028.144856737475,2.1731843575418996
767,14804,1.8081720607700462,427,ATTACK,424.18529554834384,8187.273944325531,0.5567144719687093
642,63068,1.1627264976220155,688,ATTACK,552.1504853574811,54241.474782750185,1.071651090342679
423,75342,0.09391429459444364,712,ATTACK,4504.106662640326,802242.0902521217,1.6832151300236406
825,13649,0.9012382900609593,387,ATTACK,915.4071782105456,15144.718273206954,0.4690909090909091
629,25545,1.3120904265132685,511,ATTACK,479.3876910385637,19468.93253987299,0.8124006359300477
699,74826,1.0769036503834877,96,ATTACK,649.0831373364596,69482.53910491835,0.13733905579399142
864,33847,1.9094576007322468,746,ATTACK,452.48451689561983,17725.97620759959,0.8634259259259259
608,65597,1.1464730756508916,671,ATTACK,530.3220920864782,57216.34584637616,1.1036184210526316
474,73275,1.4907811604088648,772,ATTACK,317.95411197039795,49152.08344858842,1.628691983122363
252,6108,1.053564721737641,581,ATTACK,239.1879633026979,5797.4606343368205,2.3055555555555554
184,82287,1.5730219371789467,615,ATTACK,116.97230385100993,52311.41286406551,3.342391304347826
286,45357,0.13037766350494906,833,ATTACK,2193.627284854231,347889.34531165514,2.9125874125874125
202,15297,1.9792328024282646,439,ATTACK,102.05974746991457,7728.752262610313,2.1732673267326734
533,75476,1.6917025290740508,503,ATTACK,315.0672123731684,44615.40885755583,0.9437148217636022
573,36987,1.4036412391928244,465,ATTACK,408.22397062764304,26350.750439100582,0.8115183246073299
560,23259,0.821508324338031,813,ATTACK,681.6729464686148,28312.555467702696,1.4517857142857142
827,56935,1.9688100957513712,701,ATTACK,420.0506700898372,28918.482347720532,0.8476420798065296
831,82569,0.1971294481376723,151,ATTACK,4215.504115953502,418856.75012053514,0.18170878459687123
121,60976,1.310965946390757,995,ATTACK,92.29835476133243,46512.26842914881,8.223140495867769
968,25358,1.6861003542655386,708,ATTACK,574.1058042904324,15039.436968178496,0.731404958677686
657,51991,1.8523688681945336,826,ATTACK,354.68097703475473,28067.303922395637,1.2572298325722984
665,31467,1.394877338873884,666,ATTACK,476.7444286799222,22558.97283800167,1.0015037593984963
380,63025,1.493746795690371,212,ATTACK,254.39385115090664,42192.559128383924,0.5578947368421052
144,48673,1.8156911712095885,161,ATTACK,79.30864140517309,26806.87154940271,1.1180555555555556
876,20833,0.2139122702828932,287,ATTACK,4095.136753219035,97390.39267101845,0.3276255707762557
834,62309,1.5890220738432845,947,ATTACK,524.8511104586785,39212.167675743156,1.1354916067146283
450,83467,0.40128142075486645,457,ATTACK,1121.4075128459401,208001.15749936018,1.0155555555555555
136,23985,0.21011096437924345,705,ATTACK,647.2770252699637,114153.96655220646,5.1838235294117645
978,69579,0.15170887818350917,249,ATTACK,6446.557457349316,458634.99112976284,0.254601226993865
848,51461,0.7690632987101926,498,ATTACK,1102.6400576157948,66913.86793038492,0.5872641509433962
589,40095,0.898330138340734,643,ATTACK,655.6609589965622,44632.81180130247,1.0916808149405772
130,84532,1.1164710268956666,554,ATTACK,116.43831041586752,75713.5635082624,4.2615384615384615
199,88369,1.2195645290890647,904,ATTACK,163.17299761796127,72459.47048493275,4.542713567839196
768,85090,0.8118360994660427,747,ATTACK,946.0037567990947,104811.7964401497,0.97265625
671,59229,0.3150267426352543,541,ATTACK,2129.9779008822125,188012.6096741469,0.8062593144560357
982,70259,0.6061855027405852,663,ATTACK,1619.9661581485282,115903.46466940676,0.675152749490835
130,56599,1.5171267722790256,748,ATTACK,85.68829077132044,37306.7043797382,5.753846153846154
353,56836,1.9666851057090728,223,ATTACK,179.48984256568548,28899.390062502265,0.6317280453257791
822,37024,1.4397228260744195,701,ATTACK,570.9432295668213,25716.060987204368,0.8527980535279805
675,27576,1.3523648372527228,131,ATTACK,499.1256659491654,20390.94720624324,0.19407407407407407
825,57965,1.1221767915872911,930,ATTACK,735.1782768854612,51654.07129656456,1.1272727272727272
159,86675,1.7301792802911589,843,ATTACK,91.897991041277,50095.96461322442,5.30188679245283
242,50231,0.7200139805359508,197,ATTACK,336.1045848302341,69763.92314300615,0.8140495867768595
733,8930,1.2077336861462968,452,ATTACK,606.921880550419,7394.014179147669,0.616643929058663
512,96160,1.5580843011667864,566,ATTACK,328.60866361119474,61716.814634477516,1.10546875
644,24160,0.28345546886393985,434,ATTACK,2271.96180966656,85233.84677258399,0.6739130434782609
863,8242,0.05448343101784063,596,ATTACK,15839.67793286385,151275.34823020143,0.6906141367323291
201,87064,0.6464699879022766,319,ATTACK,310.91930601793706,134676.0122345556,1.5870646766169154
565,62811,0.16737506332321325,752,ATTACK,3375.6521956257275,375270.95585742936,1.3309734513274336
184,78426,1.6357086989093113,123,ATTACK,112.48946717877762,47946.18996175442,0.6684782608695652
511,79418,0.5608451924852731,102,ATTACK,911.1248644846288,141604.13794058756,0.19960861056751467
240,78206,1.5772170253102051,614,ATTACK,152.16675710991458,49584.80586057492,2.558333333333333
293,98591,0.6143006936729758,212,ATTACK,476.96511336837125,160493.063112973,0.7235494880546075
175,47167,1.3509886771228046,137,ATTACK,129.53476440135444,34912.949900106774,0.7828571428571428
816,66161,0.34465117783391713,455,ATTACK,2367.61123269168,191965.10633102237,0.5575980392156863
968,63211,0.3134444934431257,731,ATTACK,3088.266089369482,201665.68985034537,0.7551652892561983
985,27606,1.0239723208654148,464,ATTACK,961.9400641293926,26959.713106960415,0.47106598984771575
975,72326,0.9998035514047291,732,ATTACK,975.1915750150317,72340.21113285865,0.7507692307692307
588,85697,1.3427576359794589,468,ATTACK,437.9047895498209,63821.644132739806,0.7959183673469388
200,6350,1.9415337722314967,550,ATTACK,103.01134230085039,3270.610118052,2.75
446,21961,0.5431094708424052,512,ATTACK,821.1972428104027,40435.6785860073,1.147982062780269
370,26830,0.7850272893357583,676,ATTACK,471.32119485052704,34177.15583199903,1.827027027027027
244,50350,0.8172461321438614,237,ATTACK,298.5636644861455,61609.346339661584,0.9713114754098361
791,12893,0.5568393460825453,172,ATTACK,1420.5174357106996,23153.895447051895,0.21744627054361568
963,41432,0.24687071401418123,823,ATTACK,3900.8272157574816,167828.7364519875,0.8546209761163032
368,87342,1.3404012168947332,920,ATTACK,274.5446627186257,65161.08676948426,2.5
974,70735,1.3505568819532907,890,ATTACK,721.1839893713459,52374.69146630611,0.9137577002053389
368,48544,1.1143425857729419,559,ATTACK,330.2395553201837,43562.90481919293,1.5190217391304348
141,56002,1.6171565016250906,913,ATTACK,87.19007706323305,34629.91982762537,6.475177304964539
875,7318,1.4204361311171692,922,ATTACK,616.0079857387286,5151.938788155447,1.0537142857142856
748,46538,0.20350980750318284,667,ATTACK,3675.4985382623463,228676.939804349,0.8917112299465241
471,53579,0.8621926199113866,580,ATTACK,546.2816418544709,62142.72630344096,1.2314225053078556
757,88550,0.3344005227306634,500,ATTACK,2263.7524421865555,264802.21764282626,0.6605019815059445
380,28403,0.8445794096281356,440,ATTACK,449.9280892572461,33629.75662940411,1.1578947368421053
229,34281,0.06326204458634205,743,ATTACK,3619.8640353372316,541888.9039100247,3.2445414847161573
108,55418,1.9019876763419687,320,ATTACK,56.78270229789969,29136.886999490787,2.962962962962963
371,12956,1.280128669286651,953,ATTACK,289.81461699997624,10120.857622241758,2.568733153638814
141,82442,0.5047288496390889,820,ATTACK,279.35791683162824,163339.18708817798,5.815602836879433
174,28957,1.3043828226970184,696,ATTACK,133.39642087606413,22199.771030506832,4.0
244,80300,0.39786185532079693,113,ATTACK,613.2781937671864,201828.84819469292,0.46311475409836067
676,36842,0.12100336895145809,903,ATTACK,5586.62131358661,304470.86159047025,1.3357988165680474
623,50304,1.5074631184321932,782,ATTACK,413.27710932519443,33369.97063803303,1.2552166934189406
626,66996,0.8511061621979827,665,ATTACK,735.5134151341992,78716.38460116743,1.0623003194888179
263,13472,1.8439798935167269,427,ATTACK,142.62628400921568,7305.9364949511555,1.623574144486692
649,68262,0.8207404938818854,388,ATTACK,790.7493353110941,83171.23440216627,0.5978428351309707
866,94416,0.3897340708559275,699,ATTACK,2222.0279538252976,242257.4957140523,0.8071593533487298
935,78323,0.6697151676714057,664,ATTACK,1396.1159088736,116949.71800075613,0.7101604278074867
580,79796,0.8271084298043988,427,ATTACK,701.238167935446,96475.86353202903,0.7362068965517241
632,96406,1.4863773461545327,394,ATTACK,425.1948548832993,64859.70756310024,0.6234177215189873
808,26178,1.5044809087407476,795,ATTACK,537.0623151850408,17400.02139469554,0.9839108910891089
757,92355,1.3076653568709837,604,ATTACK,578.894283634897,70625.86732510028,0.797886393659181
846,33506,1.3093835414339363,381,ATTACK,646.1055704683181,25589.140950486366,0.450354609929078
549,40569,0.18468488379109876,488,ATTACK,2972.630941582562,219666.05586350267,0.8888888888888888
598,78974,1.7582032973084438,130,ATTACK,340.11994000662605,44917.445053650976,0.21739130434782608
669,44158,0.637659294136999,769,ATTACK,1049.1496103815396,69250.14722754563,1.149476831091181
991,12394,0.567075597003858,133,ATTACK,1747.5624153745023,21855.992508730153,0.13420787083753785
773,90012,1.6213664476674172,673,ATTACK,476.7583547273217,55516.135867678764,0.8706338939197931
699,85144,0.3203509413015991,865,ATTACK,2181.98203869773,265783.5174576245,1.2374821173104436
340,53335,1.9681994541196501,373,ATTACK,172.74671999747991,27098.37150313409,1.0970588235294119
254,63956,1.4236552577138046,149,ATTACK,178.41397952471246,44923.797143631935,0.5866141732283464
102,52243,1.0932934719599041,928,ATTACK,93.29608436895596,47784.9738792879,9.098039215686274
712,68031,1.0435199624453835,341,ATTACK,682.3060656467942,65193.76959552957,0.4789325842696629
956,10153,0.3753212932522551,700,ATTACK,2547.150980206892,27051.489437280936,0.7322175732217573
159,14770,0.3648678664993594,425,ATTACK,435.7741927933771,40480.4077204917,2.6729559748427674
425,28303,0.17767904670364487,870,ATTACK,2391.9534007229768,159292.84023685273,2.0470588235294116
231,20868,1.3073168341732828,196,ATTACK,176.69779349707457,15962.46560474871,0.8484848484848485
234,29608,1.2447308838305868,463,ATTACK,187.99244321782925,23786.667772621746,1.9786324786324787
186,65894,1.5505505372363955,389,ATTACK,119.95739289576126,42497.163696092975,2.0913978494623655
896,28819,0.29491381611454953,915,ATTACK,3038.175734879706,97720.0742226543,1.0212053571428572
553,91648,0.771576634933524,599,ATTACK,716.7142898872829,118780.16499021646,1.0831826401446654
717,51846,0.5099604821762127,107,ATTACK,1405.9912974830204,101666.70126820735,0.1492329149232915
318,60605,0.24495959393771627,753,ATTACK,1298.1732819203444,247408.1501596933,2.3679245283018866
894,6376,1.346059040013809,933,ATTACK,664.1610608631465,4736.790742800248,1.0436241610738255
963,23273,0.04511332119758098,334,ATTACK,21346.24484378767,515878.6669257222,0.34683281412253375
519,52660,1.663898990358314,901,ATTACK,311.9179727900643,31648.555774806908,1.7360308285163777
418,33004,1.8471759621849178,602,ATTACK,226.29138130704774,17867.274518320104,1.4401913875598087
505,48158,0.9280620146410554,596,ATTACK,544.1446714046558,51890.92888218894,1.1801980198019801
490,58987,1.3401990036105265,590,ATTACK,365.61734390186,44013.61278518167,1.2040816326530612
548,19481,0.01886774127432759,555,ATTACK,29044.282091446566,1032503.0281450193,1.0127737226277371
364,97073,1.920122378217435,596,ATTACK,189.57125031682776,50555.63181869621,1.6373626373626373
701,77043,1.6212300409580627,935,ATTACK,432.3877440525007,47521.325199767205,1.333808844507846
510,37340,0.3096221251646202,158,ATTACK,1647.1691088898854,120598.61671754574,0.30980392156862746
442,51636,0.7820335055337021,180,ATTACK,565.193175065249,66027.86151056379,0.4072398190045249
361,15836,1.3569323997109142,135,ATTACK,266.04125605439793,11670.44135977132,0.3739612188365651
296,21271,1.7486111490322291,439,ATTACK,169.27720045924536,12164.511253272323,1.4831081081081081
416,48708,0.9335281291913021,126,ATTACK,445.62128016471553,52176.253159285974,0.30288461538461536
695,94735,0.2171195979591306,95,ATTACK,3201.0007688519345,436326.3422117813,0.1366906474820144
174,29609,1.5584110709328467,287,ATTACK,111.65218423136947,18999.480016704707,1.6494252873563218
523,38151,1.2218817776817545,750,ATTACK,428.02831628463656,31223.15161486648,1.4340344168260037
580,93261,1.4208444870953434,883,ATTACK,408.2079391993869,65637.72520288624,1.5224137931034483
481,58903,1.5862644121458913,155,ATTACK,303.2281354338054,37133.15355812357,0.32224532224532226
267,97365,0.9177127483412374,450,ATTACK,290.9407115490131,106095.28981262045,1.6853932584269662
796,28657,1.026283005706666,903,ATTACK,775.6145191665719,27923.097080096046,1.1344221105527639
743,19565,1.3424883816144124,694,ATTACK,553.4498548929739,14573.682921912565,0.9340511440107672
385,74283,0.47832322370314206,635,ATTACK,804.8950603304587,155298.75264033108,1.6493506493506493
399,88393,1.3225930258878227,338,ATTACK,301.68010279062344,66833.10608012926,0.8471177944862155
523,72570,0.6575388254194293,912,ATTACK,795.3902945067769,110366.10644810095,1.7437858508604207
940,89763,1.8625822960292564,505,ATTACK,504.67568708450506,48192.76989336854,0.5372340425531915
707,89057,1.3169951299514004,334,ATTACK,536.8281050713449,67621.35863272811,0.4724186704384724
113,83695,0.8430765511363328,251,ATTACK,134.03290584668025,99273.31021980445,2.2212389380530975
843,17285,0.2114969659769307,412,ATTACK,3985.8727812291704,81726.94071595042,0.4887307236061684
804,26036,0.9547075129734686,604,ATTACK,842.142739084471,27271.179545775234,0.7512437810945274
539,42661,1.981240083149737,646,ATTACK,272.05183490085074,21532.4737081729,1.1985157699443414
818,89266,1.9938369844559278,114,ATTACK,410.2642324207931,44770.96206757276,0.1393643031784841
537,34656,0.449456085174733,416,ATTACK,1194.7774603857747,77106.53196858363,0.7746741154562383
519,96859,0.560277691439627,801,ATTACK,926.3263698157168,172876.77428512622,1.5433526011560694
421,78524,0.9419301754459966,171,ATTACK,446.95457367703483,83364.99036440732,0.40617577197149646
955,19388,1.3016514003528874,424,ATTACK,733.6833807739094,14894.925011983829,0.44397905759162304
780,38204,0.7525580007486163,313,ATTACK,1036.4649624667938,50765.52234112999,0.4012820512820513
985,48407,1.0886614159507408,244,ATTACK,904.7808488186273,44464.6970038206,0.24771573604060915
683,50353,0.16825230609885733,776,ATTACK,4059.379724630345,299270.78663881664,1.136163982430454
717,70459,0.10790878400858102,231,ATTACK,6644.500784505026,652949.6245124681,0.32217573221757323
827,14257,0.8174854322800239,217,ATTACK,1011.638822349946,17440.066130886556,0.2623941958887545
818,71176,1.4196905679253988,457,ATTACK,576.1818937737592,50134.868546749494,0.558679706601467
426,58656,0.2875353711640754,157,ATTACK,1481.556854293634,203995.77193766992,0.3685446009389671
825,91313,0.4244174918753125,407,ATTACK,1943.8407129609366,215149.00245163878,0.49333333333333335
361,71916,0.9362140670913383,485,ATTACK,385.59557337305034,76815.76524846617,1.3434903047091413
144,38154,0.9255471811375083,756,ATTACK,155.5836406124886,41223.182110617294,5.25
413,40769,1.2271281029425138,676,ATTACK,336.5581792232391,33223.1002633226,1.6368038740920097
643,79200,0.6020032452787392,323,ATTACK,1068.1005543454812,131560.75257256938,0.5023328149300156
549,9645,0.5482254784244772,564,ATTACK,1001.4127792413965,17593.126148967705,1.0273224043715847
332,42865,0.10873707236693896,137,ATTACK,3053.2365160581903,394207.7809061275,0.4126506024096386
556,8807,0.35003096131094363,280,ATTACK,1588.430914561548,25160.631411049555,0.5035971223021583
975,86610,1.2430220660927689,452,ATTACK,784.3786740365348,69676.96098287619,0.4635897435897436
344,55057,1.0479371032050093,950,ATTACK,328.2639759083927,52538.45849298946,2.761627906976744
595,60473,0.5684014112148763,209,ATTACK,1046.7954305888738,106391.36146890919,0.35126050420168065
270,37825,1.6226780697532548,739,ATTACK,166.3915998082456,23310.230602766256,2.737037037037037
131,32611,1.422033402133836,723,ATTACK,92.12160544430785,22932.65400873529,5.519083969465649
823,9436,0.24035228414169232,704,ATTACK,3424.1405399535356,39259.040261241265,0.8554070473876063
192,82604,0.1624819117105668,761,ATTACK,1181.6699962394246,508388.8977570908,3.9635416666666665
373,6120,0.26652778302658725,91,ATTACK,1399.4788676976002,22961.95890163355,0.24396782841823056
503,88452,1.816690246058866,931,ATTACK,276.8771402231117,48688.54235987014,1.8508946322067594
442,77346,1.4722998912404597,557,ATTACK,300.2105770907861,52534.13415308584,1.260180995475113
279,67710,0.11762888967758595,490,ATTACK,2371.8663056730625,575623.8980542045,1.7562724014336917
711,13677,0.8165420134218968,804,ATTACK,870.7451525003594,16749.903587549106,1.130801687763713
989,79103,1.1712917224260682,808,ATTACK,844.3669335863727,67534.8407962415,0.8169868554095046
720,45647,1.2460494388949797,915,ATTACK,577.8261901377763,36633.37791835982,1.2708333333333333
387,60407,0.3066660777062424,173,ATTACK,1261.958945360465,196979.7261302057,0.4470284237726098
607,90571,1.5596231231677316,580,ATTACK,389.1965892164574,58072.362902675064,0.9555189456342669
615,81233,0.520128767902133,451,ATTACK,1182.3995094147876,156178.63308665276,0.7333333333333333
871,20459,0.1108668112990284,947,ATTACK,7856.273575423317,184536.7406195013,1.087256027554535
347,13567,0.04263232130327443,363,ATTACK,8139.364439753091,318232.7301271763,1.0461095100864553
530,29341,0.19818455577775398,816,ATTACK,2674.2749853542923,148048.87234958546,1.539622641509434
696,52905,1.737503175999419,847,ATTACK,400.5748073523134,30448.865205422615,1.2169540229885059
694,74893,1.3204351025183165,822,ATTACK,525.5843310105981,56718.425507747444,1.1844380403458212
186,29598,0.9659520143809485,849,ATTACK,192.55614899173037,30641.27364439374,4.564516129032258
394,10638,1.1791978409124504,94,ATTACK,334.125442169337,9021.3869385721,0.23857868020304568
348,98655,1.3105968070651768,964,ATTACK,265.52788632171126,75274.86673870237,2.7701149425287355
283,41872,0.030990527071924207,622,ATTACK,9131.822745163414,1351122.5511854503,2.197879858657244
247,32656,0.1639831098989557,361,ATTACK,1506.2526875615315,199142.46058708246,1.4615384615384615
184,53821,1.347557208036163,898,ATTACK,136.54336817963292,39939.67727606534,4.880434782608695
237,29742,0.765431411476861,851,ATTACK,309.6293102770901,38856.518760595834,3.590717299578059
154,62850,1.6512440312169143,545,ATTACK,93.26301690641503,38062.21176992328,3.538961038961039
889,41798,0.1330956561803399,759,ATTACK,6679.406567524913,314044.8095718856,0.8537682789651294
907,20369,1.0300912281700354,279,ATTACK,880.5045370702672,19773.976753676154,0.30760749724366043
232,24875,0.31417350996833016,854,ATTACK,738.4454533527872,79175.99419030423,3.6810344827586206
750,89140,0.29293928156956667,753,ATTACK,2560.2575249775487,304295.1410353316,1.004
586,83974,0.64262082519409,832,ATTACK,911.8907713938637,130674.25876625991,1.4197952218430034
579,98006,1.6098619339022284,352,ATTACK,359.6581718014362,60878.51258302514,0.6079447322970639
991,72253,1.1840965680783029,661,ATTACK,836.9249829077002,61019.516437971804,0.6670030272452069
608,35464,1.1603555726492962,180,ATTACK,523.9773172389123,30563.045359474974,0.29605263157894735
157,75264,1.359079900528595,595,ATTACK,115.51933034911124,55378.64254392043,3.789808917197452
126,36182,0.9110587309968825,894,ATTACK,138.30063388134212,39714.23440551366,7.095238095238095
192,92410,1.1000335810123132,760,ATTACK,174.5401261507951,84006.52634164048,3.9583333333333335
305,87357,0.4418625870986917,351,ATTACK,690.2598430038095,197701.73477142223,1.1508196721311474
428,23208,0.1383833058724659,865,ATTACK,3092.858616880023,167708.09060876534,2.0210280373831777
477,84922,1.403804425340978,868,ATTACK,339.7909220040667,60494.18171578481,1.819706498951782
333,60986,0.862118251236406,364,ATTACK,386.25791708089747,70739.71570899583,1.093093093093093
794,65558,0.035208122967196394,848,ATTACK,22551.614033493755,1862013.4922012389,1.0680100755667505
783,40484,1.9752484319225547,581,ATTACK,396.4058329806586,20495.649734851828,0.7420178799489144
689,98170,0.7819887849399868,424,ATTACK,881.0868049122685,125538.88481601943,0.6153846153846154
601,15497,0.7885589376678986,328,ATTACK,762.1497535458928,19652.304044427125,0.5457570715474209
520,16311,0.06534531585810846,923,ATTACK,7957.724179176572,249612.3828587482,1.775
415,24384,0.8691403121210155,423,ATTACK,477.4833179550152,28055.308975939977,1.0192771084337349
959,24975,1.727617998026805,334,ATTACK,555.0995654683614,14456.320800388246,0.3482794577685089
427,24371,1.930473925826658,741,ATTACK,221.18920866395652,12624.361134307457,1.7353629976580796
695,87846,0.23205397244828482,784,ATTACK,2994.9929004334826,378558.4839301866,1.1280575539568345
991,62136,1.5349450416058437,471,ATTACK,645.6257215328218,40480.92818684502,0.47527749747729564
177,41670,1.87180369517752,108,ATTACK,94.56119808718162,22261.94985476191,0.6101694915254238
696,80912,1.5014577735873325,820,ATTACK,463.54949985512667,53888.96139695116,1.1781609195402298
358,19844,0.18616325214543428,514,ATTACK,1923.0433282306628,106594.61398159014,1.4357541899441342
785,97060,0.9111349680804695,979,ATTACK,861.562806280826,106526.4789523783,1.2471337579617834
898,17796,1.6688817004671148,266,ATTACK,538.0848742895632,10663.428087814105,0.2962138084632517
269,80925,1.8546956842537352,242,ATTACK,145.03727068747463,43632.494908490284,0.8996282527881041
136,93583,1.4649515893551641,830,ATTACK,92.8358322474423,63881.29183244407,6.102941176470588
124,20785,1.245629969311252,649,ATTACK,99.54802233006926,16686.33583976201,5.233870967741935
829,38494,1.3526086047830925,544,ATTACK,612.889787236671,28459.082593351526,0.6562123039806996
341,36137,0.7070559782879712,662,ATTACK,482.2814748355283,51109.10749598676,1.9413489736070382
603,51541,1.830320055042131,189,ATTACK,329.4505779679718,28159.55595198546,0.31343283582089554
733,13014,1.007623393813858,445,ATTACK,727.4543291671629,12915.539754135687,0.607094133697135
575,14042,0.49174856490545005,532,ATTACK,1169.296752519363,28555.243476307645,0.9252173913043479
680,32508,0.7990246578819251,780,ATTACK,851.0375659777025,40684.60175706346,1.1470588235294117
928,60084,0.11036963476403272,644,ATTACK,8408.109730398572,544388.8631910214,0.6939655172413793
831,12236,1.8441528773354006,578,ATTACK,450.61340098913286,6635.024758728075,0.6955475330926595
454,44509,1.2159541035934935,813,ATTACK,373.3693555195049,36604.177631756924,1.7907488986784141
798,69702,1.293524372792101,692,ATTACK,616.9191835771129,53885.33951590466,0.8671679197994987
218,23229,1.3283089870371096,985,ATTACK,164.1184409105482,17487.64799959231,4.518348623853211
610,30425,0.05569481341263165,512,ATTACK,10952.545894725115,546280.6702410027,0.839344262295082
565,20848,1.4236167775363415,714,ATTACK,396.87646908585054,14644.39049115365,1.263716814159292
319,44149,1.577575493903793,156,ATTACK,202.20902342405043,27985.348511436998,0.4890282131661442
690,87518,1.8223546470206191,164,ATTACK,378.6310206567564,48024.68067512754,0.23768115942028986
172,60115,0.8803657594659172,599,ATTACK,195.3733413079872,68284.11867866076,3.4825581395348837
780,70399,0.012424800495391625,697,ATTACK,62777.66796249992,5666006.4703744,0.8935897435897436
769,80274,0.965753522932953,877,ATTACK,796.269422517434,83120.58728629973,1.140442132639792
551,66880,1.831866364088266,938,ATTACK,300.7861330945049,36509.21339629853,1.7023593466424682
689,92456,1.6624863200498696,471,ATTACK,414.4395004581644,55613.08919355595,0.683599419448476
297,82324,1.8796939823567844,512,ATTACK,158.00444263146366,43796.490690884224,1.7239057239057238
750,40078,0.9785515236974336,122,ATTACK,766.4389476050713,40956.4535228214,0.16266666666666665
191,20220,1.007003141596514,705,ATTACK,189.67170221255367,20079.38124993631,3.6910994764397906
397,11081,0.9195579645239645,357,ATTACK,431.72917348991524,12050.355091792822,0.8992443324937027
647,71647,0.14027848301234366,723,ATTACK,4612.2540400088865,510748.3233454663,1.1174652241112828
628,54801,0.4156478455336863,978,ATTACK,1510.8943947337352,131844.7830028717,1.5573248407643312
979,96946,1.6698729175648357,255,ATTACK,586.272158618914,58055.91490242005,0.2604698672114402
930,61818,1.1048589949766245,236,ATTACK,841.7363701869268,55951.03110990908,0.2537634408602151
102,49338,0.42085687658472154,247,ATTACK,242.36267879887347,117232.25339783156,2.4215686274509802
902,21778,1.2208772159679804,350,ATTACK,738.8130339420279,17837.993628813176,0.38802660753880264
400,35253,1.0271394067961992,255,ATTACK,389.4310717253655,34321.53392883577,0.6375
858,72755,1.005856053096793,742,ATTACK,853.0047588404134,72331.423344329,0.8648018648018648
666,17020,0.34417542165030857,231,ATTACK,1935.059734383572,49451.52654535795,0.34684684684684686
707,89233,0.5560653428338181,915,ATTACK,1271.4333110511602,160472.1480127697,1.2942008486562941
994,5089,1.9814250913722156,967,ATTACK,501.6591363096222,2568.3534654725026,0.9728370221327968
880,88335,1.6124201527958064,304,ATTACK,545.7634590302974,54784.10812891059,0.34545454545454546
128,87355,0.29019836277881533,901,ATTACK,441.0776090337891,301018.23857145815,7.0390625
549,49289,0.07993015591223335,916,ATTACK,6868.496548446933,616650.8677165773,1.668488160291439
232,83569,0.9463578736336853,236,ATTACK,245.15038809705322,88305.9171675976,1.0172413793103448
422,84449,0.3813175059135862,123,ATTACK,1106.6892903040052,221466.35989782686,0.2914691943127962
202,68775,0.8975800870849302,921,ATTACK,225.04955591877618,76622.68915006847,4.5594059405940595
384,13606,0.38736223355198374,341,ATTACK,991.3201823493396,35124.745836054986,0.8880208333333334
545,23073,0.5195961399433916,240,ATTACK,1048.8915488467178,44405.64166337674,0.44036697247706424
360,36515,0.49709207106990216,235,ATTACK,724.2119135498664,73457.21673131491,0.6527777777777778
587,75694,0.31603334523852383,911,ATTACK,1857.398938573922,239512.70060717963,1.5519591141396933
283,67199,0.19775167976354943,535,ATTACK,1431.0877173755566,339815.06544141355,1.8904593639575973
218,50247,1.9245737842032211,406,ATTACK,113.27183285428187,26108.118281784868,1.8623853211009174
642,54283,1.3351281099915262,772,ATTACK,480.85273255468695,40657.52162190977,1.2024922118380061
425,85936,0.7918727310759818,272,ATTACK,536.7024059819789,108522.48931874668,0.64
604,64538,0.9506558233556699,669,ATTACK,635.35086532997,67887.87110375101,1.1076158940397351
264,60761,1.2836459682137495,238,ATTACK,205.66418353447386,47334.702483856694,0.9015151515151515
133,31850,1.427566778976601,801,ATTACK,93.16551909070446,22310.690098037125,6.022556390977444
110,15346,0.7546965209893091,345,ATTACK,145.7539513443156,20334.001248453336,3.1363636363636362
628,66902,1.9119206111355218,325,ATTACK,328.46552118449114,34992.03869153635,0.517515923566879
652,35352,1.3278513055917995,619,ATTACK,491.01883415283106,26623.462921734485,0.9493865030674846
671,22770,1.6255850829968477,149,ATTACK,412.7744570360955,14007.264361716683,0.22205663189269748
855,87749,0.7226162032686803,451,ATTACK,1183.2007034058954,121432.37254171219,0.5274853801169591
616,92594,0.6446832769542548,167,ATTACK,955.5079556433259,143627.11630655537,0.2711038961038961
292,14914,1.1204867993877317,90,ATTACK,260.6010174859336,13310.286215017853,0.3082191780821918
896,75280,1.0555066571622225,445,ATTACK,848.8814295202426,71321.1986766561,0.4966517857142857
980,88659,1.6431532586814477,966,ATTACK,596.4142387949883,53956.62244624986,0.9857142857142858
755,46746,0.3290362334932718,785,ATTACK,2294.580119594757,142069.45996102848,1.0397350993377483
728,96659,1.5971754114496173,793,ATTACK,455.8046628950152,60518.712789518235,1.0892857142857142
290,99434,0.36936486266070684,924,ATTACK,785.1315306794348,269202.6504192377,3.1862068965517243
212,60312,1.476056466889679,770,ATTACK,143.62594165975423,40860.22544048631,3.6320754716981134
333,15079,0.8553917267606567,368,ATTACK,389.29532468248345,17628.18078344495,1.105105105105105
580,53094,1.361691366163866,867,ATTACK,425.9408661993402,38991.21439653063,1.4948275862068965
741,34016,0.14100382737222997,331,ATTACK,5255.176499882275,241241.67856949454,0.446693657219973
678,43510,1.0795563518925033,421,ATTACK,628.0357656285753,40303.59316002848,0.6209439528023599
999,93000,0.4855907104642003,777,ATTACK,2057.288120369943,191519.31450891364,0.7777777777777778
636,5142,0.46114731187408053,318,ATTACK,1379.1688330900738,11150.449905265974,0.5
402,79788,0.49912065306479786,348,ATTACK,805.4164810283071,159857.13977185712,0.8656716417910447
794,35613,1.9399145816839798,897,ATTACK,409.29637185919455,18358.024799775183,1.1297229219143576
514,57058,1.3252930821859592,759,ATTACK,387.8387406596889,43053.11841354189,1.4766536964980546
253,53708,1.571184298098612,955,ATTACK,161.02503080394266,34183.13183564487,3.774703557312253
375,22829,0.33322959964072013,967,ATTACK,1125.3502101983609,68508.31986298235,2.578666666666667
285,73279,0.8528786964673672,207,ATTACK,334.1624092388203,85919.60416354917,0.7263157894736842
583,21086,0.729113762032827,646,ATTACK,799.6008721252906,28920.041148600132,1.1080617495711835
439,69111,0.88924618200333,162,ATTACK,493.6765643581431,77718.63562495587,0.3690205011389522
228,7758,1.5178530621771502,797,ATTACK,150.21216854348572,5111.166682282291,3.495614035087719
438,62448,1.5335443548151326,665,ATTACK,285.6128670975418,40721.35233905775,1.5182648401826484
586,74209,1.1918419629810815,588,ATTACK,491.67592533348466,62264.127547905395,1.0034129692832765
514,93802,0.564350209082261,655,ATTACK,910.7819785091605,166212.3952297982,1.2743190661478598
528,29517,0.7697731135920903,102,ATTACK,685.9163962432077,38345.064901346144,0.19318181818181818
882,54942,1.9131173851166443,372,ATTACK,461.02764360495513,28718.572329867853,0.4217687074829932
857,85703,1.1548315936332139,910,ATTACK,742.0995448382163,74212.55226519213,1.0618436406067677
627,50872,1.4990682645849882,968,ATTACK,418.2598049819851,33935.746090978544,1.543859649122807
501,13600,0.35746951106794517,176,ATTACK,1401.5181280866598,38045.20267859995,0.35129740518962077
644,77780,0.7416994152782586,309,ATTACK,868.2762676284364,104867.27965239096,0.4798136645962733
625,23561,1.636116736086351,998,ATTACK,382.00208225668666,14400.56169607967,1.5968
922,53445,1.3479948382213953,107,ATTACK,683.9788802281528,39647.77793253105,0.11605206073752712
696,28420,0.2125657962434604,189,ATTACK,3274.2803042632618,133699.77909074986,0.27155172413793105
609,88032,1.827594364609298,147,ATTACK,333.22492769351015,48168.2378238343,0.2413793103448276
204,64294,0.051733516300552465,248,ATTACK,3943.285022708218,1242791.99632354,1.2156862745098038
467,17313,0.9593958256568382,495,ATTACK,486.7646778432399,18045.732050321225,1.0599571734475375
376,61933,1.2264002147068833,104,ATTACK,306.58833510549096,50499.828080022264,0.2765957446808511
456,40054,1.1631884984581746,711,ATTACK,392.025884544453,34434.6596042621,1.5592105263157894
654,93115,0.7598809516624782,997,ATTACK,860.6611319433257,122538.93165275652,1.5244648318042813
961,57922,1.7445781844083843,673,ATTACK,550.849488196421,33201.148860887726,0.700312174817898
313,77011,0.12336468279322708,201,ATTACK,2537.1929219371705,624254.8374163049,0.6421725239616614
813,30106,0.07165539241729371,401,ATTACK,11345.970939149947,420149.8168438479,0.4932349323493235
230,61716,0.6397304533954284,384,ATTACK,359.5264205092219,96471.88073107452,1.6695652173913043
146,94482,0.02603861294624213,887,ATTACK,5607.057499622713,3628534.2923243367,6.075342465753424
748,80069,1.3431558066908125,564,ATTACK,556.8974174655716,59612.59267252788,0.7540106951871658
120,96822,1.978360223685635,309,ATTACK,60.65629432057779,48940.531072558195,2.575
166,27913,1.0591990441307793,857,ATTACK,156.72219581374924,26352.931637043268,5.162650602409639
461,19213,1.3004842840095636,291,ATTACK,354.48333030113713,14773.72716936171,0.631236442516269
998,24158,1.8043098282296242,534,ATTACK,553.1200819203154,13389.053045121223,0.5350701402805611
938,51695,1.015782491086448,725,ATTACK,923.4260368051291,50891.800610491635,0.7729211087420043
148,23031,1.825842401406507,618,ATTACK,81.05847464490401,12613.903578018811,4.175675675675675
435,33295,1.3438405181142066,441,ATTACK,323.69912510930214,24776.005449457967,1.013793103448276
755,10957,1.3554258642052037,536,ATTACK,557.0205054650612,8083.806196530696,0.7099337748344371
222,60487,0.3074095215429326,986,ATTACK,722.1637081563058,196763.5865551823,4.441441441441442
485,22748,1.2078824198581157,665,ATTACK,401.5291488860072,18832.95892548225,1.3711340206185567
978,36816,0.3365778425335789,584,ATTACK,2905.7171221912186,109383.31448935777,0.5971370143149284
349,19625,1.1208177760243703,814,ATTACK,311.37978667498544,17509.53671488994,2.332378223495702
161,63172,1.6777951813559986,274,ATTACK,95.95926951576972,37651.79486863481,1.7018633540372672
336,60536,0.44986350277771187,108,ATTACK,746.8932196662895,134565.26174320982,0.32142857142857145
589,51392,0.43356238962729726,989,ATTACK,1358.512671051383,118534.26687720318,1.6791171477079796
640,38259,1.2180647728967389,228,ATTACK,525.4236180543872,31409.659692410623,0.35625
612,21027,0.06210928790263555,962,ATTACK,9853.598723582054,338548.39928228734,1.5718954248366013
101,45382,0.28054013536694095,344,ATTACK,360.01978778506685,161766.51494318715,3.405940594059406
196,67040,0.9751504118371175,272,ATTACK,200.99463387473656,68748.36864776704,1.3877551020408163
159,70698,0.5717280513900397,92,ATTACK,278.10424836322807,123656.69277222325,0.5786163522012578
895,35104,1.6504097546193646,161,ATTACK,542.2895723289121,21269.869438026963,0.17988826815642459
712,21025,1.4783832379942892,341,ATTACK,481.60719203361964,14221.616871498389,0.4789325842696629
326,80630,0.460752156995088,641,ATTACK,707.5387386704637,174996.46778834198,1.9662576687116564
377,19946,1.7357528002458043,395,ATTACK,217.19682661414234,11491.267648927542,1.0477453580901857
785,88014,1.8927503084788686,174,ATTACK,414.7403894129462,46500.58679463828,0.22165605095541402
108,19578,0.07896104875680356,182,ATTACK,1367.7629882125184,247945.0350298582,1.6851851851851851
155,70493,0.8426896818944682,373,ATTACK,183.9348497201737,83652.3829762852,2.4064516129032256
167,48723,1.863880932117062,965,ATTACK,89.59799798494397,26140.6182983259,5.778443113772455
740,36928,0.6365777342937412,971,ATTACK,1162.4660432413677,58010.197357861114,1.3121621621621622
583,86531,1.3044079111893665,472,ATTACK,446.94607798600157,66337.37748577479,0.8096054888507719
465,39834,0.40661395590530547,716,ATTACK,1143.5908513388356,97965.1569295294,1.5397849462365591
944,93021,1.2609354194480038,215,ATTACK,748.6505537398991,73771.42283838894,0.2277542372881356
875,19419,0.668234795392085,617,ATTACK,1309.4199913468979,29060.144927960468,0.7051428571428572
365,79426,0.7263021881673928,875,ATTACK,502.54564277297413,109356.68554215408,2.3972602739726026
272,92696,1.6482946520196022,556,ATTACK,165.0190393245086,56237.517901561216,2.0441176470588234
130,92536,1.6176792704953384,409,ATTACK,80.36203614094256,57202.93366414047,3.146153846153846
912,27490,0.3317858757846594,213,ATTACK,2748.7607718175436,82854.64212419328,0.23355263157894737
559,73401,1.4373050011759365,931,ATTACK,388.92232305784233,51068.49272767206,1.665474060822898
844,38012,1.5398249763200738,768,ATTACK,548.1142421894077,24685.922481165602,0.909952606635071
686,81055,1.0208450350481941,528,ATTACK,671.992297016573,79399.90617300048,0.7696793002915452
922,12525,0.570199412610464,428,ATTACK,1616.978165198271,21965.999478425536,0.4642082429501085
450,91347,1.59730121904165,186,ATTACK,281.72519662258276,57188.33674640682,0.41333333333333333
690,9255,1.1203321029591107,859,ATTACK,615.8888049155397,8260.94331810626,1.2449275362318841
438,74336,1.474941952028806,405,ATTACK,296.9608393045733,50399.271576586216,0.9246575342465754
163,5737,0.049651671599532,968,ATTACK,3282.8703394859394,115544.95176460635,5.938650306748467
668,88369,1.4411152327762966,686,ATTACK,463.52990018230776,61319.87088205143,1.026946107784431
975,23306,0.9824003745321945,101,ATTACK,992.467048339921,23723.52515754892,0.10358974358974359
199,60191,0.17393073116400554,754,ATTACK,1144.1336368117475,346063.0539363613,3.7889447236180906
801,29500,1.2936944386852263,786,ATTACK,619.1570250654022,22802.911659712063,0.9812734082397003
661,94179,0.23872662429990027,170,ATTACK,2768.857482647679,394505.64123793604,0.25718608169440244
356,96534,1.5159057073500006,259,ATTACK,234.84310288819617,63680.74183766609,0.7275280898876404
553,51872,1.148721838285027,147,ATTACK,481.4046199605606,45156.275671960575,0.26582278481012656
442,53681,0.8400577978897776,90,ATTACK,526.1542730872834,63901.555505878874,0.20361990950226244
467,67836,1.064073500047718,292,ATTACK,438.8794570854904,63751.23522666237,0.6252676659528907
756,91769,1.0764324567823715,282,ATTACK,702.3199600091999,85252.91059534956,0.373015873015873
404,79415,0.12284625453491675,371,ATTACK,3288.663553720073,646458.455739306,0.9183168316831684
418,18714,1.630606680765705,107,ATTACK,256.34630651930996,11476.71000048413,0.25598086124401914
679,73915,1.4835799822628457,483,ATTACK,457.6767064249197,49822.05265890712,0.711340206185567
360,13714,0.5571324617837604,554,ATTACK,646.1659025349104,24615.331076010447,1.538888888888889
268,93659,1.074918870407578,258,ATTACK,249.32114169544923,87131.22690318686,0.9626865671641791
657,27268,1.3892338976180632,353,ATTACK,472.922523072948,19628.084260507072,0.5372907153729072
921,72435,0.11449621840596887,169,ATTACK,8043.933789449826,632640.9815839285,0.18349619978284473
502,5941,1.2472516939428409,860,ATTACK,402.4849213979145,4763.272745069741,1.7131474103585658
746,79677,1.5446379645789983,658,ATTACK,482.9610673225473,51582.9610738051,0.8820375335120644
147,7082,1.9139074264482885,968,ATTACK,76.80622268799779,3700.2834631047645,6.585034013605442
410,11349,0.09944938116326203,930,ATTACK,4122.700364790803,114118.35717075811,2.268292682926829
275,10561,1.9340940066112156,676,ATTACK,142.18543620939903,5460.4377883907755,2.458181818181818
691,92399,0.5670614444799366,364,ATTACK,1218.5628325229022,162943.5414794264,0.5267727930535456
605,92535,0.5292609845634797,991,ATTACK,1143.1033415376119,174838.12844493042,1.6380165289256199
426,86312,0.15521616135649216,117,ATTACK,2744.559563108806,556076.1150494067,0.2746478873239437
520,97931,1.0791175539663749,821,ATTACK,481.8752119161645,90751.00265031136,1.5788461538461538
628,90029,1.8604855427944855,759,ATTACK,337.54629399416444,48390.056213376796,1.2085987261146496
764,67939,0.8907348312699409,277,ATTACK,857.7187881052635,76272.9800328318,0.362565445026178
466,88676,0.6195435325978758,810,ATTACK,752.1666767240139,143131.18503257222,1.738197424892704
484,26748,1.9138495497055368,878,ATTACK,252.89344195026607,13976.020217532472,1.8140495867768596
518,53986,1.3548966960608273,590,ATTACK,382.31697036830377,39845.10417433059,1.138996138996139
114,10123,1.2192854232420751,223,ATTACK,93.49738611397031,8302.403856418608,1.956140350877193
349,60138,1.5855492992608886,335,ATTACK,220.11299185883908,37928.81118741222,0.9598853868194842
615,46252,1.29322676786705,217,ATTACK,475.5546477083322,35764.80254602566,0.35284552845528455
799,7237,0.6552551367596211,224,ATTACK,1219.3723561653076,11044.55286804547,0.28035043804755944
498,9123,1.7221887607314998,732,ATTACK,289.1669086195142,5297.328729590016,1.4698795180722892
823,32910,1.0722365122875102,855,ATTACK,767.5545372393738,30692.855189000962,1.0388821385176186
813,82168,0.19256412880891668,225,ATTACK,4221.970130307852,426704.60229659977,0.2767527675276753
865,58403,1.2635544243867998,992,ATTACK,684.5767648036076,46221.198606734215,1.146820809248555
633,75227,0.025709728474022385,793,ATTACK,24621.030153608805,2926013.0100561287,1.2527646129541865
511,34742,0.6955358870059644,289,ATTACK,734.6853117812137,49949.974759105535,0.5655577299412916
610,12703,0.1643047128192081,379,ATTACK,3712.6141395056056,77313.66789203232,0.6213114754098361
831,88237,0.09626211435196606,704,ATTACK,8632.679695374129,916632.6814449183,0.8471720818291215
725,26889,1.749597071630618,607,ATTACK,414.3811233773401,15368.681415852823,0.8372413793103448
590,9144,0.8276078682367024,446,ATTACK,712.8980071891431,11048.710809724616,0.7559322033898305
133,94893,0.9513172637559622,483,ATTACK,139.8061457172483,99749.0570341868,3.6315789473684212
110,39019,0.22731936595031974,330,ATTACK,483.9006986498472,171648.37600562169,3.0
486,20042,1.9236973093111494,630,ATTACK,252.63849860767866,10418.478989907604,1.2962962962962963
908,94722,1.6269548201601607,711,ATTACK,558.09785788066,58220.4243327884,0.7830396475770925
563,58574,0.7764367088653765,320,ATTACK,725.10739584006,75439.5037370083,0.5683836589698046
794,28958,0.8165435138914531,458,ATTACK,972.3915339379575,35464.12347578762,0.5768261964735516
697,9652,0.4299198921885511,685,ATTACK,1621.232263647654,22450.694130168085,0.9827833572453372
674,78605,0.8067158668499858,586,ATTACK,835.4862321374607,97438.27192457729,0.8694362017804155
481,21182,1.4924922101767568,392,ATTACK,322.27973902995103,14192.368881772189,0.814968814968815
623,67286,0.7036459371005581,364,ATTACK,885.3884704673097,95624.79714905843,0.5842696629213483
461,71138,0.3212546052042709,704,ATTACK,1434.9988841618986,221438.07076249272,1.527114967462039
275,31646,1.4444156654873546,607,ATTACK,190.38840866296846,21909.205747448363,2.207272727272727
462,95528,1.136548582025909,439,ATTACK,406.4938422398808,84050.96052270851,0.9502164502164502
733,28603,0.6901475153816153,610,ATTACK,1062.0917755455362,41444.7626956739,0.8321964529331515
731,48080,0.18635329843798928,829,ATTACK,3922.6566211987215,258004.5558785698,1.13406292749658
508,51586,0.5583179129350474,524,ATTACK,909.8758757881709,92395.3876543476,1.031496062992126
281,26005,1.8031416631310737,802,ATTACK,155.8391144443173,14422.05043104794,2.8540925266903914
988,6089,1.8947332657900287,244,ATTACK,521.4454286725384,3213.6449546427993,0.24696356275303644
788,38820,0.8494687730671594,498,ATTACK,927.6385724630991,45699.148963220185,0.631979695431472
873,64394,1.2368387131874397,883,ATTACK,705.8317229982266,52063.37682788981,1.011454753722795
642,43420,0.27605297613411267,883,ATTACK,2325.6405672225105,157288.65020062527,1.3753894080996885
828,22464,1.3671310954690754,647,ATTACK,605.647843680935,16431.48932421319,0.7814009661835749
209,49653,1.8257395836565866,533,ATTACK,114.47415714206915,27196.102031460094,2.550239234449761
245,91914,1.9616496365851601,507,ATTACK,124.89488205778481,46855.46199779279,2.0693877551020408
345,93930,1.6088483066658121,659,ATTACK,214.43911061756984,58383.3787255314,1.9101449275362319
405,61347,0.3987519107430811,206,ATTACK,1015.6691142752783,153847.53865048272,0.508641975308642
157,35826,0.8224356153737148,958,ATTACK,190.89640218056363,43560.85671669346,6.101910828025478
786,14958,1.461714274613021,582,ATTACK,537.7247890721244,10233.190069899283,0.7404580152671756
391,48809,1.9145833292883625,840,ATTACK,204.22198084495597,25493.275353098354,2.1483375959079285
996,29561,0.5830785763988531,732,ATTACK,1708.174575974627,50698.141205206775,0.7349397590361446
155,45718,0.6539362240111178,566,ATTACK,237.02617213840838,69912.01637305648,3.6516129032258067
524,29622,1.2043533776762108,463,ATTACK,435.0882471148571,24595.771099305908,0.8835877862595419
175,39127,0.7599246623043054,735,ATTACK,230.28598580989694,51487.998667336215,4.2
613,94233,0.9161427749796457,635,ATTACK,669.1096810905038,102858.42182414593,1.0358890701468189
949,65182,0.6768563835718547,402,ATTACK,1402.0699560991206,96301.07890247933,0.42360379346680715
298,15567,1.3641415938071628,642,ATTACK,218.45239625625385,11411.57198832585,2.1543624161073827
680,98538,0.1782314273701832,310,ATTACK,3815.264288871195,552865.4595541026,0.45588235294117646
879,7445,1.0547656526997031,381,ATTACK,833.3604699301443,7058.439930181939,0.4334470989761092
933,51227,0.5728452491022764,332,ATTACK,1628.7121198301518,89425.54744109238,0.3558413719185423
477,99050,0.8904191881902882,166,ATTACK,535.7027412779228,111239.74113957705,0.3480083857442348
467,96177,1.8922782851458084,330,ATTACK,246.79245313223873,50826.033757814395,0.7066381156316917
564,26031,0.48950255134290976,878,ATTACK,1152.1901131111833,53178.476656732644,1.5567375886524824
411,29864,1.895152827915174,103,ATTACK,216.8690534853246,15758.095896072344,0.25060827250608275
780,37965,1.238318288394806,807,ATTACK,629.8865221566663,30658.51514574081,1.0346153846153847
374,94404,1.3821212718889395,970,ATTACK,270.5985412472928,68303.7023740894,2.593582887700535
812,98880,0.3805643548863615,764,ATTACK,2133.673292241118,259824.64918325335,0.9408866995073891
797,29276,1.6044392019189775,955,ATTACK,496.7467754756641,18246.874026129914,1.1982434127979924
202,30509,1.8701932736622875,521,ATTACK,108.01022698816337,16313.287203870674,2.5792079207920793
882,67811,1.0969921290546492,323,ATTACK,804.0167077224864,61815.39338704028,0.36621315192743764
732,56950,0.6769181676037462,124,ATTACK,1081.3714789059961,84131.29197226294,0.16939890710382513
552,9918,1.119026477719705,476,ATTACK,493.285915025744,8863.061060190814,0.8623188405797102
424,17940,1.9315481855643912,750,ATTACK,219.5130326899449,9287.886335984933,1.7688679245283019
884,21406,0.8836209352517358,371,ATTACK,1000.4289902300201,24225.320095999785,0.41968325791855204
675,38152,1.8552544846820147,428,ATTACK,363.8314881182961,20564.29471805812,0.6340740740740741
171,81841,1.976545080635237,195,ATTACK,86.51459644170764,41406.088230326284,1.1403508771929824
703,47987,0.8356235808007457,903,ATTACK,841.2878910458012,57426.574719224554,1.2844950213371267
882,68861,0.7645178204273207,262,ATTACK,1153.6683337309437,90071.15093996204,0.29705215419501135
504,61206,1.4507702341919317,384,ATTACK,347.4016685217727,42188.62405465004,0.7619047619047619
147,91483,0.495978671086255,412,ATTACK,296.38371278759166,184449.46392481122,2.802721088435374
991,89004,0.24596188621586235,277,ATTACK,4029.0795262899937,361860.9426416898,0.2795156407669021
816,88621,0.06313908537281626,372,ATTACK,12923.848915165288,1403583.8415574303,0.45588235294117646
918,74949,1.3681935871545265,416,ATTACK,670.957683633931,54779.52879158986,0.4531590413943355
841,66382,0.4483811241086193,971,ATTACK,1875.6364948946193,148048.15910118265,1.154577883472057
882,40136,0.6809048204136678,762,ATTACK,1295.3352268297374,58945.095990973176,0.8639455782312925
546,8204,1.5683679944112083,920,ATTACK,348.13258236946973,5230.9152120130575,1.684981684981685
322,51355,1.3717869998189054,409,ATTACK,234.73031895076159,37436.56996806323,1.2701863354037266
752,58556,0.08005902526226447,169,ATTACK,9393.069645009187,731410.353900476,0.2247340425531915
673,58209,1.3867745790232693,832,ATTACK,485.2987718263528,41974.37772546831,1.236255572065379
928,26985,0.06543679066574237,775,ATTACK,14181.624596174286,412382.6936721585,0.8351293103448276
646,86700,0.2103647909048743,351,ATTACK,3070.856093461559,412141.21254352503,0.5433436532507739
695,33734,1.508652310960229,190,ATTACK,460.67605832761126,22360.354174998043,0.2733812949640288
931,28850,0.6312204887934246,317,ATTACK,1474.9204383077024,45705.107030265535,0.34049409237379163
672,82833,0.30972757216925334,203,ATTACK,2169.6486215078708,267438.2503948831,0.3020833333333333
176,8480,1.1581222769398578,652,ATTACK,151.9701360594239,7322.197464681333,3.7045454545454546
102,50271,0.3541673791473188,842,ATTACK,287.9994206286635,141941.3615139563,8.254901960784315
131,23073,0.5606012319861952,417,ATTACK,233.67768839156938,41157.59774243267,3.183206106870229
802,18272,1.0282465307018218,508,ATTACK,779.9685931861118,17770.057524559394,0.6334164588528678
496,61658,1.526129949704613,608,ATTACK,325.0050889152672,40401.539863583756,1.2258064516129032
735,28606,0.6581229393177364,883,ATTACK,1116.8126137070387,43466.04303088918,1.2013605442176871
961,74743,1.818711502032464,755,ATTACK,528.3960644258608,41096.67746449752,0.785639958376691
766,5848,0.0346797816602029,827,ATTACK,22087.79765413086,168628.5126388476,1.0796344647519582
467,6096,0.46820478080950534,617,ATTACK,997.4268079718829,13019.9439430334,1.3211991434689507
579,63609,1.6440459783582826,627,ATTACK,352.1799314750187,38690.52376717524,1.0829015544041452
408,61908,0.8526576778945586,426,ATTACK,478.50387157418425,72605.92568974166,1.0441176470588236
373,15489,1.8159309941143864,454,ATTACK,205.4042808944449,8529.509133442512,1.2171581769436997
193,59069,1.288493866721266,509,ATTACK,149.78728652478003,45843.44677581467,2.6373056994818653
554,51603,0.6780970104471779,404,ATTACK,816.9922466324681,76099.73087179648,0.7292418772563177
725,93597,0.9643456552266154,845,ATTACK,751.805118912087,97057.52236526152,1.1655172413793105
158,30640,0.6411087856984218,580,ATTACK,246.44803428777743,47792.201079604434,3.670886075949367
552,84218,1.4001777455440354,710,ATTACK,394.2356616913104,60148.077819418075,1.286231884057971
169,22893,1.411186508225091,762,ATTACK,119.75738076787486,16222.519040940588,4.508875739644971
147,77693,1.6386478925160892,481,ATTACK,89.70810670881004,47412.87030290869,3.272108843537415
890,34481,1.990480254825649,868,ATTACK,447.1282736125193,17322.955058913798,0.9752808988764045
624,76536,1.9368408407809028,815,ATTACK,322.17412337733094,39515.8953634734,1.3060897435897436
214,76182,1.8087822030646383,542,ATTACK,118.31164616581123,42117.84031870949,2.532710280373832
348,69082,1.8059054794727347,662,ATTACK,192.70111528849483,38253.38634011437,1.9022988505747127
424,73687,0.07685418022084066,342,ATTACK,5516.941287795082,958789.7468720665,0.8066037735849056
260,62568,1.53624431451696,663,ATTACK,169.2439135774778,40727.89686429089,2.55
584,51742,1.7089437706338668,651,ATTACK,341.73154789252527,30277.181080573704,1.1147260273972603
448,6516,1.7606329413733668,768,ATTACK,254.45394634644367,3700.941773199614,1.7142857142857142
438,95994,0.38584204713042664,210,ATTACK,1135.1795462870907,248790.9254937968,0.4794520547945205
119,85544,0.5928298644071593,333,ATTACK,200.73212762147563,144297.72374160934,2.7983193277310923
740,37534,0.19191373041091334,648,ATTACK,3855.8992022903185,195577.4603496822,0.8756756756756757
834,29275,0.3738149348757192,682,ATTACK,2231.050507057126,78314.15299052442,0.8177458033573142
426,56774,1.3421266287059108,795,ATTACK,317.4067117726087,42301.52266238987,1.8661971830985915
907,54491,1.441020017753091,212,ATTACK,629.4152675368374,37814.18670711115,0.23373759647188533
389,59310,0.48371607272189515,90,ATTACK,804.1907679665823,122613.25050924934,0.23136246786632392
811,22805,0.8388238511906545,832,ATTACK,966.829923647068,27186.875966425876,1.0258939580764488
269,18155,0.7156304448594498,878,ATTACK,375.8923365157162,25369.239291609025,3.2639405204460967
792,25531,1.5892477058003918,387,ATTACK,498.3489968929202,16064.833635950941,0.48863636363636365
311,18692,0.011380641477176753,818,ATTACK,27327.10635193045,1642438.1734092731,2.630225080385852
590,82405,0.5641867950172463,480,ATTACK,1045.75294071171,146059.7814904211,0.8135593220338984
611,68524,0.6902838858281435,398,ATTACK,885.1430730806856,99269.30268376578,0.6513911620294599
309,97689,0.15573950934314823,185,ATTACK,1984.0822749682977,627258.9429106085,0.598705501618123
859,69383,0.5512777176889105,854,ATTACK,1558.1982954093187,125858.52424957481,0.9941792782305006
535,35523,0.9531605443940472,222,ATTACK,561.2905434940297,37268.642946800785,0.41495327102803736
546,97126,1.324389219136859,482,ATTACK,412.2655123664049,73336.44716868029,0.8827838827838828
106,55097,1.4471353297998804,826,ATTACK,73.24815987642178,38073.149667086895,7.7924528301886795
389,68207,1.471620031435971,597,ATTACK,264.334537238137,46348.241083294626,1.5347043701799485
580,55440,0.893171947639848,482,ATTACK,649.371043876394,62070.91495259877,0.8310344827586207
641,33586,1.3596896437994357,997,ATTACK,471.4311114474828,24701.225131162493,1.5553822152886116
331,20109,1.5289936926299283,901,ATTACK,216.48225339024597,13151.787412158477,2.7220543806646527
597,7256,0.4107668921000408,870,ATTACK,1453.379061169815,17664.520046646863,1.4572864321608041
743,38958,1.5218884696477304,776,ATTACK,488.20923137158746,25598.459267529346,1.044414535666218
341,78230,0.6174204460492064,335,ATTACK,552.2978744581831,126704.58275326587,0.9824046920821115
370,40355,1.7298733855802717,292,ATTACK,213.8884863390661,23328.296935710845,0.7891891891891892
468,64637,0.9171370630826373,769,ATTACK,510.2835975540894,70476.92498953777,1.643162393162393
225,10773,1.2501342312824049,497,ATTACK,179.98067277078871,8617.474612265363,2.2088888888888887
779,80119,1.9502637000584484,259,ATTACK,399.43316382120724,41081.111235162134,0.3324775353016688
516,69809,1.6122421334342467,199,ATTACK,320.0511817048629,43299.32741014492,0.3856589147286822
346,70979,0.3323609557488144,219,ATTACK,1041.036842671416,213559.9828207354,0.6329479768786127
123,11781,1.1536558628159976,142,ATTACK,106.61758325378345,10211.884132624575,1.1544715447154472
437,58522,1.1637368105737171,265,ATTACK,375.51445999595126,50288.00280980105,0.6064073226544623
859,47119,0.32786894680061945,771,ATTACK,2619.949246130854,143712.90864777614,0.8975552968568102
157,34778,1.9298677758797262,674,ATTACK,81.3527237265941,18020.923730977644,4.292993630573249
397,28999,0.8407922135343499,471,ATTACK,472.1737352100025,34490.091051271695,1.18639798488665
453,36196,1.2317359753066954,409,ATTACK,367.7736211993041,29386.167754812388,0.9028697571743929
984,44151,0.9440010652668703,984,ATTACK,1042.3717050804619,46770.07434045475,1.0
405,59516,0.9192804827390825,450,ATTACK,440.5619477455504,64741.93798030661,1.1111111111111112
781,46237,1.2519787828639675,151,ATTACK,623.8124884300526,36931.13703910415,0.19334186939820744
308,82880,0.8161938632439374,365,ATTACK,377.3613278294736,101544.50276138562,1.1850649350649352
775,52078,0.6457885546484701,504,ATTACK,1200.0832074545904,80642.49455202601,0.6503225806451612
982,80973,1.1297273334405153,225,ATTACK,869.2362935128596,71674.81710246108,0.22912423625254583
248,89652,0.051740471431911704,422,ATTACK,4793.1530799126485,1732724.8383884225,1.7016129032258065
738,28378,0.8448989721989133,868,ATTACK,873.4772135883884,33587.44765204781,1.1761517615176151
597,23005,1.3006966208983657,830,ATTACK,458.9848166036318,17686.67622439958,1.390284757118928
546,48070,1.8325192638082977,898,ATTACK,297.950483131793,26231.647846419946,1.6446886446886446
989,89051,0.3777603172993508,260,ATTACK,2618.0621804600005,235734.1306695081,0.26289180990899896
480,22893,1.195526079609347,323,ATTACK,401.4968875934902,19148.892182662024,0.6729166666666667
928,8434,0.42897232810462055,851,ATTACK,2163.309703682503,19660.94185437309,0.9170258620689655
723,44389,0.9971032590031862,430,ATTACK,725.1004281369917,44517.95699111054,0.5947441217150761
218,26713,1.8392982326524407,368,ATTACK,118.52346516183161,14523.473967284439,1.688073394495413
916,72210,0.4716918679866696,136,ATTACK,1941.945711105384,153087.2268547159,0.14847161572052403
494,42315,0.9327455755634104,632,ATTACK,529.6192369517347,45366.06884941833,1.2793522267206479
951,39061,1.0553572824717057,964,ATTACK,901.1166320591495,37012.11016284169,1.013669821240799
263,91504,0.19043657506821074,317,ATTACK,1381.0372293546995,480495.9339728989,1.2053231939163498
238,44586,0.7984645988111667,239,ATTACK,298.07207527341603,55839.67037033835,1.004201680672269
803,59197,0.14547420539236772,956,ATTACK,5519.878921724836,406924.3742582131,1.190535491905355
697,23227,0.7551991782053264,813,ATTACK,922.935326355052,30756.12456994088,1.1664275466284075
845,42948,1.9718764848616357,254,ATTACK,428.52582628130114,21780.268860508073,0.3005917159763314
396,68146,1.9851655224205942,711,ATTACK,199.47958773590872,34327.61612588696,1.7954545454545454
273,82469,0.149979027098701,710,ATTACK,1820.2545067873994,549870.2158250917,2.600732600732601
557,19359,0.6900809255720933,622,ATTACK,807.1517112840554,28053.231559691256,1.1166965888689409
952,15981,0.07848324524849173,104,ATTACK,12129.97751285387,203623.07839592194,0.1092436974789916
728,7192,0.1983612455532944,649,ATTACK,3670.0717318515008,36257.08227400549,0.8914835164835165
955,40380,0.23047422945214668,776,ATTACK,4143.630297713118,175203.97007503215,0.812565445026178
419,76904,0.9115214971582726,896,ATTACK,459.671002062222,84368.82754795495,2.1384248210023866
123,94183,1.3545275190137758,125,ATTACK,90.80657149701591,69531.99449840203,1.016260162601626
821,54340,1.0498859877218825,755,ATTACK,781.9896727848177,51758.00099771863,0.9196102314250914
629,77598,1.2236621373215246,949,ATTACK,514.0307776269182,63414.56324688966,1.5087440381558028
960,38535,1.20538683710949,364,ATTACK,796.4248243344633,31968.990214300567,0.37916666666666665
510,64800,1.4778041636494328,383,ATTACK,345.1066200412892,43848.84113465792,0.7509803921568627
112,80010,0.6029938096702241,771,ATTACK,185.73988356738278,132687.9293234491,6.883928571428571
580,63121,1.9161313922803138,597,ATTACK,302.69322987802235,32941.89545367353,1.0293103448275862
985,59109,0.42488905176918385,226,ATTACK,2318.2522493780098,139116.3169629287,0.22944162436548224
825,10470,1.7092711465074402,758,ATTACK,482.6618653721064,6125.417855086004,0.9187878787878788
870,52702,0.11146040554258883,350,ATTACK,7805.462359165511,472831.5830491273,0.40229885057471265
526,80681,1.8532018710554035,827,ATTACK,283.8330827393573,43536.001803220686,1.5722433460076046
839,36312,0.09444919615869729,439,ATTACK,8883.082483733147,384460.65691217885,0.5232419547079857
738,16125,1.4850746563416966,360,ATTACK,496.94471375464354,10858.03998549272,0.4878048780487805
918,82819,1.8334670223301797,623,ATTACK,500.69076172054656,45170.706094699286,0.6786492374727668
352,88882,1.487427738971702,874,ATTACK,236.6501516526422,59755.50789542655,2.4829545454545454
150,5453,0.8466316146269627,540,ATTACK,177.1726892883536,6440.817831262615,3.6
221,11780,1.6420169301970646,590,ATTACK,134.5905732978508,7174.103861758745,2.669683257918552
234,61706,0.06291829419960655,882,ATTACK,3719.1090918269565,980732.246240488,3.769230769230769
981,18456,0.17074804499378068,699,ATTACK,5745.307362293559,108089.08529917423,0.7125382262996942
263,53836,1.9616727291819718,219,ATTACK,134.06925430913873,27443.92538017792,0.8326996197718631
150,47157,0.7762897995595301,613,ATTACK,193.22680793321075,60746.64387804279,4.086666666666667
781,92283,1.8663534744007346,632,ATTACK,418.4630675337481,49445.617491955025,0.8092189500640204
898,56820,1.5010297653690405,496,ATTACK,598.2559578218752,37854.012832337365,0.5523385300668151
736,65869,1.699662257518977,508,ATTACK,433.02720687247034,38754.16995853634,0.6902173913043478
911,96230,0.7498934323097263,106,ATTACK,1214.8392834886602,128324.90038431808,0.1163556531284303
667,57894,0.8290098377891013,263,ATTACK,804.5742880191051,69835.11818677372,0.39430284857571213
381,93202,0.764509106528605,558,ATTACK,498.35900808297885,121910.90884868712,1.4645669291338583
193,83294,0.145203369548639,197,ATTACK,1329.170256860675,573636.8257769588,1.0207253886010363
485,44002,0.9142692963307377,707,ATTACK,530.4782758717414,48128.05174207911,1.4577319587628865
953,16532,0.2293638751954134,628,ATTACK,4154.969910532176,72077.61024230633,0.6589716684155299
573,34966,1.28038338657717,282,ATTACK,447.52220780667295,27309.007885110168,0.49214659685863876
267,30196,1.4260395620397175,685,ATTACK,187.23183220674463,21174.728109793487,2.5655430711610485
432,70819,0.719918300123287,743,ATTACK,600.0680909570148,98370.88456825192,1.7199074074074074
283,48305,1.3554434481788327,439,ATTACK,208.78775900258876,35637.78338735,1.5512367491166077
908,48871,0.7854044489396476,290,ATTACK,1156.0922544121888,62223.9918120904,0.31938325991189426
717,45431,1.7596806380351813,709,ATTACK,407.4602996146992,25817.75295926834,0.9888423988842399
555,37012,1.8574714361641291,807,ATTACK,298.79328919648555,19926.013008541122,1.454054054054054
840,91599,1.183188168720079,528,ATTACK,709.94624710343,77417.10272431796,0.6285714285714286
133,70793,0.8708429714644076,300,ATTACK,152.72558240476752,81292.49740737374,2.255639097744361
760,63635,1.2469799068615801,553,ATTACK,609.472531047257,51031.295412094994,0.7276315789473684
449,41831,0.4327415248853442,131,ATTACK,1037.570868936055,96665.09358232543,0.29175946547884185
740,66133,0.8273471890666919,763,ATTACK,894.4249884196429,79933.79426913006,1.031081081081081
503,24421,1.2208516870377555,896,ATTACK,412.00745785957577,20003.248764192245,1.7813121272365806
865,74781,1.7723184888150514,571,ATTACK,488.0612629495997,42193.88358917227,0.6601156069364161
260,81695,0.033053117197827005,770,ATTACK,7866.126466797905,2471627.6988655957,2.9615384615384617
667,20661,0.12868663967210667,241,ATTACK,5183.133242887644,160552.79749820332,0.3613193403298351
993,45889,0.6602697805779519,503,ATTACK,1503.930710157294,69500.37901148849,0.5065458207452165
884,11107,0.1297955374873151,131,ATTACK,6810.711809613587,85573.04985223769,0.14819004524886878
373,13826,1.9264258203591078,530,ATTACK,193.6228200733255,7177.021743522248,1.420911528150134
196,94648,0.12126553320868477,541,ATTACK,1616.2877844498928,780502.0725643543,2.760204081632653
949,24921,1.4602742691210686,689,ATTACK,649.8779168184604,17065.972144397107,0.726027397260274
722,21522,1.3643774179322394,563,ATTACK,529.1790896790242,15774.22765660936,0.7797783933518005
679,46714,0.5408239444732975,338,ATTACK,1255.4917490964099,86375.61350116302,0.49779086892488955
278,84409,0.8239175225973681,753,ATTACK,337.412413712984,102448.36125575275,2.70863309352518
692,19255,1.781916159235297,97,ATTACK,388.3459928310933,10805.783369888297,0.14017341040462428
440,52131,0.35183493188005116,562,ATTACK,1250.5864544172277,148168.91467096476,1.2772727272727273
720,9877,0.6805396282187147,629,ATTACK,1057.9839441305883,14513.482522469196,0.8736111111111111
873,28791,1.1113463854257306,922,ATTACK,785.5336656946738,25906.41439749754,1.0561282932416953
706,96874,0.9622087316103056,181,ATTACK,733.7285318731964,100678.77874884423,0.2563739376770538
182,44253,0.2607650462189299,564,ATTACK,697.9463031529107,169704.49315069098,3.098901098901099
572,22219,1.8450822813651069,590,ATTACK,310.01327462577916,12042.281379213613,1.0314685314685315
827,55806,1.1566813706341919,351,ATTACK,714.9765017366605,48246.64891888279,0.4244256348246675
203,78179,0.4111744243680229,211,ATTACK,493.7077502133359,190135.8532213221,1.0394088669950738
903,44263,1.5277703230537076,237,ATTACK,591.0574294931213,28972.28682353713,0.26245847176079734
119,6952,0.22101983948060686,783,ATTACK,538.4132043514651,31454.18988782677,6.579831932773109
844,47383,1.0531554840912611,463,ATTACK,801.4011347320328,44991.45730688141,0.5485781990521327
784,80682,1.1572951620574117,758,ATTACK,677.4416982839741,69716.00905733112,0.9668367346938775
675,29338,0.5953982802533128,939,ATTACK,1133.6949104267158,49274.57967718368,1.3911111111111112
707,20121,1.530759968562434,811,ATTACK,461.86209106575814,13144.451392268911,1.147100424328147
171,85167,1.4853316053324426,181,ATTACK,115.12580718413197,57338.71123070741,1.0584795321637428
222,91204,0.06188420740069115,693,ATTACK,3587.3449677166036,1473784.731692005,3.1216216216216215
478,98815,0.5047280366678552,276,ATTACK,947.0446760906924,195778.70223410413,0.5774058577405857
638,79134,0.7529290862775394,652,ATTACK,847.3573562608059,105101.53139552134,1.0219435736677116
316,85692,0.03758630887996736,993,ATTACK,8407.31663779895,2279872.7130578086,3.142405063291139
645,86058,1.4814648348751756,670,ATTACK,435.379892128419,58089.80272370153,1.0387596899224807
650,82715,0.533279775403137,338,ATTACK,1218.8724005305235,155106.20093828038,0.52
637,98385,1.6424309161478987,729,ATTACK,387.8397524895586,59902.06287077743,1.1444270015698588
181,22848,1.0446877009621085,604,ATTACK,173.25751976720647,21870.650893044938,3.3370165745856353
786,16764,0.06450130592316469,951,ATTACK,12185.79978731438,259901.71454775857,1.2099236641221374
542,47309,1.3399707591786123,440,ATTACK,404.48643844455245,35305.994310651906,0.8118081180811808
852,90332,0.5482098314394821,292,ATTACK,1554.1494353773803,164776.32253111448,0.3427230046948357
281,16506,0.45843005951425625,332,ATTACK,612.9615503349459,36005.492348144544,1.1814946619217082
891,38699,1.6610893262034905,981,ATTACK,536.3949945042563,23297.362393176445,1.101010101010101
207,41595,0.915970435745486,942,ATTACK,225.98982666021067,45410.854299185805,4.550724637681159
530,5907,0.4013063389160019,993,ATTACK,1320.6868384676454,14719.428594015813,1.8735849056603773
936,76102,0.7453280079554538,497,ATTACK,1255.8229262946766,102105.38070179218,0.530982905982906
510,82254,0.20375318570193882,682,ATTACK,2503.028348945943,403694.30159646977,1.3372549019607842
508,67483,0.014715977954075567,698,ATTACK,34520.3017825472,4585695.9157315595,1.374015748031496
384,28888,1.587606564900949,950,ATTACK,241.87352741512368,18195.943906166907,2.4739583333333335
683,34255,0.28741545004962155,939,ATTACK,2376.351027344152,119182.87619571586,1.3748169838945827
708,8386,1.2550426649912574,110,ATTACK,564.1242483218145,6681.844557099911,0.1553672316384181
109,52872,0.11737229748889967,300,ATTACK,928.6688795565966,450464.04587079247,2.7522935779816513
119,7262,1.9467121921167527,906,ATTACK,61.128707408261334,3730.39221175457,7.61344537815126
717,52764,1.65821682089417,139,ATTACK,432.3921883830414,31819.72305138465,0.19386331938633194
486,51328,0.8094194658158498,629,ATTACK,600.430333745605,63413.35014505023,1.294238683127572
135,31887,0.5160548958277559,846,ATTACK,261.60007606062726,61789.937965520156,6.266666666666667
876,99059,0.21760983131914943,579,ATTACK,4025.553416818043,455213.8081239481,0.660958904109589
146,81698,1.1288765609499731,551,ATTACK,129.3321210222825,72371.065912866,3.7739726027397262
904,77518,0.49676871145315676,322,ATTACK,1819.7603414989703,156044.4492835367,0.3561946902654867
379,89856,1.734673165901095,452,ATTACK,218.4849615766808,51799.95965022225,1.1926121372031662
671,11103,1.7950235404952632,801,ATTACK,373.81125364788534,6185.434201568511,1.1937406855439643
276,27975,0.32550404839132047,769,ATTACK,847.9157213682124,85943.63154085414,2.786231884057971
750,16921,1.0473676007356567,405,ATTACK,716.0809628569857,16155.74129667074,0.54
629,96418,1.8121432022106532,447,ATTACK,347.1028113190371,53206.61186289176,0.7106518282988871
756,52005,1.9970600012362394,440,ATTACK,378.55647778835566,26040.77993040137,0.582010582010582
460,98822,1.9292194137754624,912,ATTACK,238.4384050437191,51223.82622441393,1.982608695652174
825,6485,1.5732436849819966,170,ATTACK,524.3942867054577,4122.056908224114,0.20606060606060606
391,58830,1.3302304018643112,286,ATTACK,293.93404289363366,44225.42133870197,0.731457800511509
967,46133,1.3873641444985876,229,ATTACK,697.0051834152648,33252.26486711108,0.23681489141675285
432,58951,0.9509525326570936,281,ATTACK,454.2813496620404,61991.527416497556,0.6504629629629629
627,97059,1.8737191900566006,633,ATTACK,334.6285843296827,51800.184635493904,1.0095693779904307
191,48932,0.46268433632303596,809,ATTACK,412.80844196689645,105756.76797028366,4.2356020942408374
886,57242,1.892704819746841,577,ATTACK,468.11314197345735,30243.490375671157,0.6512415349887133
735,65841,1.1412933684135869,777,ATTACK,644.0061953760933,57689.81212211885,1.0571428571428572
889,91610,0.6569482521324334,280,ATTACK,1353.2268289234867,139447.81754519755,0.31496062992125984
800,55685,0.35991690871462256,372,ATTACK,2222.735249802666,154716.26548157685,0.465
221,36012,0.6250790736880377,530,ATTACK,353.5552689295369,57611.91106194789,2.3981900452488687
293,57226,0.34804195718282704,159,ATTACK,841.8525236774444,164422.7048462984,0.5426621160409556
567,97960,0.045174397495191684,108,ATTACK,12551.357216448783,2168484.9257906927,0.19047619047619047
821,40133,0.3195066469301212,543,ATTACK,2569.586604498903,125609.28038776427,0.6613885505481121
153,19050,1.806947847689404,156,ATTACK,84.67316873347811,10542.639636423253,1.0196078431372548
469,77552,0.5855427909659372,888,ATTACK,800.9662269538268,132444.6329055931,1.8933901918976546
217,78619,1.0743804951303508,694,ATTACK,201.9768610688266,73176.12368834138,3.19815668202765
311,67707,1.3952492721110281,829,ATTACK,222.89923830560645,48526.81263008906,2.665594855305466
692,42157,1.3221141958882163,771,ATTACK,523.4041069615049,31886.050487248787,1.1141618497109826
721,33157,1.4950305416350385,122,ATTACK,482.2643952219726,22178.14223630367,0.16920943134535368
721,92330,1.9292844578280561,913,ATTACK,373.71368284990234,47857.12113388556,1.2662968099861305
374,81250,0.6305450477056985,688,ATTACK,593.1376376054916,128856.77287552458,1.839572192513369
155,15605,0.9109757718556286,759,ATTACK,170.14722541332787,17129.983564999882,4.896774193548387
183,16620,1.3890801536250885,294,ATTACK,131.74185774839853,11964.752326657834,1.6065573770491803
705,21128,1.5287816020573808,530,ATTACK,461.15154646761556,13820.155849316003,0.75177304964539
899,42960,0.7184546582143237,873,ATTACK,1251.2967794438287,59795.00516674848,0.9710789766407119
140,88131,0.9881157263263232,262,ATTACK,141.68380916322477,89190.9698954583,1.8714285714285714
360,54492,0.815770911078524,880,ATTACK,441.30036400053416,66798.16509754752,2.4444444444444446
539,30305,0.4792958565256225,193,ATTACK,1124.5663668097782,63228.17021552936,0.3580705009276438
427,5050,1.0812836312678522,662,ATTACK,394.9010117718363,4670.374963577923,1.550351288056206
189,78313,1.0657733521221715,533,ATTACK,177.33601578953213,73479.9756853208,2.82010582010582
677,74625,0.3790383645258873,326,ATTACK,1786.0988843353948,196879.80685897908,0.4815361890694239
610,17645,0.1095643706580976,967,ATTACK,5567.5033437972525,161046.87951033202,1.5852459016393443
988,48102,0.4135797033045613,520,ATTACK,2388.898662351508,116306.48123120672,0.5263157894736842
563,61663,1.2870817086791666,802,ATTACK,437.423666425781,47909.15726964997,1.4245115452930728
496,69224,1.8074335078165347,93,ATTACK,274.42226663109255,38299.61085740071,0.1875
211,40997,0.24908573031123463,987,ATTACK,847.0979037472512,164589.91829348842,4.677725118483412
217,74053,1.1035726051561794,895,ATTACK,196.6340945635288,67102.97052863133,4.124423963133641
969,79771,0.5692250447959186,355,ATTACK,1702.3144165194115,140139.65254919502,0.36635706914344685
793,36397,0.45498917241606607,146,ATTACK,1742.8986184199543,79995.31023282609,0.1841109709962169
929,54507,1.813659879051888,583,ATTACK,512.2239350002304,30053.59529069705,0.6275565123789021
309,24988,0.3637848227515726,542,ATTACK,849.4032204609455,68688.95687015569,1.7540453074433657
324,68576,1.7440864085079861,217,ATTACK,185.77061229275466,39319.152804283774,0.6697530864197531
843,15957,0.9029559785405484,998,ATTACK,933.6003305084091,17671.95785755953,1.1838671411625148
726,71488,1.1450307592484905,461,ATTACK,634.0441024278598,62433.2572925108,0.6349862258953168
604,33945,1.4733843570262946,901,ATTACK,409.9405542889314,23038.79489294334,1.4917218543046358
498,51371,0.47800114536521193,955,ATTACK,1041.8385077707464,107470.45378050403,1.9176706827309238
399,69485,1.1299788911606075,788,ATTACK,353.10394125166795,61492.29914253671,1.9749373433583959
736,74773,1.5097863341865787,382,ATTACK,487.4861981026816,49525.550938494314,0.5190217391304348
913,24204,0.18061628234160754,928,ATTACK,5054.91524996181,134007.8518182647,1.0164293537787514
432,10840,0.9581293153153327,315,ATTACK,450.878595503388,11313.712905686865,0.7291666666666666
672,26257,1.351513815432696,311,ATTACK,497.2202224842628,19427.84431810906,0.46279761904761907
749,75305,0.1549502023255732,367,ATTACK,4833.8110487022195,485994.84782713035,0.48998664886515353
317,39098,1.8914617465703756,921,ATTACK,167.59524773619597,20670.785476308483,2.9053627760252367
769,54174,1.8692872510051886,629,ATTACK,411.386746251267,28981.099598720597,0.8179453836150845
466,66921,1.6587385564703647,492,ATTACK,280.93637673172736,40344.51344906422,1.055793991416309
215,76091,1.2088683169450842,626,ATTACK,177.85229125974925,62943.99392672363,2.911627906976744
224,23197,1.1545960429703634,796,ATTACK,194.00724726522358,20091.00944112228,3.5535714285714284
551,26166,1.1156484055959932,621,ATTACK,493.88319584936704,23453.625594545443,1.1270417422867514
211,29516,1.8013062777150497,990,ATTACK,117.1372145927636,16385.88637876782,4.691943127962086
913,76182,1.9371031200499536,661,ATTACK,471.32235271834975,39327.79789133551,0.723986856516977
628,88906,0.8140846078097198,183,ATTACK,771.4185896348328,109209.77886954529,0.2914012738853503
362,39840,0.6578047871663768,787,ATTACK,550.3152410297681,60565.08067023747,2.1740331491712706
448,82326,1.2445603581358131,472,ATTACK,359.96647094805815,66148.66001622731,1.0535714285714286
850,22653,0.46616521860038646,358,ATTACK,1823.3878592487838,48594.35903007376,0.4211764705882353
779,93311,0.21159641591743505,432,ATTACK,3681.5368380528994,440985.7302895431,0.5545571245186136
643,22014,1.746023784795469,903,ATTACK,368.2653155124812,12608.075669816115,1.4043545878693624
798,99614,1.9851134286009964,214,ATTACK,401.9921423645743,50180.50785652219,0.2681704260651629
926,88015,0.15654218277201348,310,ATTACK,5915.33849600537,562244.6195744197,0.3347732181425486
869,88736,0.11304696110834749,919,ATTACK,7687.070855156603,784948.123593989,1.0575373993095512
403,25114,0.3951820011941825,626,ATTACK,1019.7832866430977,63550.465163163164,1.553349875930521
138,48679,0.20526204450580218,865,ATTACK,672.3113390605399,237155.38894295666,6.268115942028985
135,70320,1.7307858670879082,301,ATTACK,77.99925026377814,40628.94280406577,2.22962962962963
585,61412,1.9649831392225552,161,ATTACK,297.7124782004262,31253.194378195854,0.27521367521367524
192,92042,0.426157245550627,386,ATTACK,450.53792233878755,215981.30962451396,2.0104166666666665
225,23989,1.686300056834838,854,ATTACK,133.4282111229492,14225.819362793014,3.7955555555555556
772,69712,0.12695808661662597,808,ATTACK,6080.746965974688,549094.6016736106,1.0466321243523315
652,6136,1.0736605014003695,533,ATTACK,607.2683116772946,5715.02816020227,0.8174846625766872
562,70004,1.8176597826162761,198,ATTACK,309.18877414511354,38513.25790970557,0.35231316725978645
869,12496,1.5040588341192032,724,ATTACK,577.7699517378906,8308.185635117008,0.8331415420023015
616,61410,1.4158759542011903,873,ATTACK,435.0663616909401,43372.443622468556,1.4172077922077921
301,92667,0.44546630016186706,379,ATTACK,675.6964553561672,208022.46986209287,1.2591362126245846
513,38772,1.9652145368847387,742,ATTACK,261.0402021619525,19729.143700240198,1.446393762183236
353,84144,1.9712798672573568,320,ATTACK,179.0714783137968,42684.95884202866,0.9065155807365439
916,5805,0.28973869324969354,580,ATTACK,3161.469356150514,20035.294336739888,0.6331877729257642
620,5141,0.026524576169901372,789,ATTACK,23374.548796883017,193820.2505883477,1.2725806451612902
171,81050,0.2189690032948297,422,ATTACK,780.9324490085837,370143.71340436087,2.4678362573099415
988,25690,0.5543404763165115,857,ATTACK,1782.2981402423916,46343.35953727433,0.8674089068825911
793,27565,0.2404149877502253,787,ATTACK,3298.4632423327644,114655.9133353123,0.9924337957124842
503,72223,1.1852555775786702,237,ATTACK,424.3810444896336,60934.537129572185,0.4711729622266402
419,8454,1.0734887385841705,469,ATTACK,390.3161579064361,7875.257276708857,1.1193317422434368
506,22537,1.744597604185111,148,ATTACK,290.03822932357457,12918.165166532412,0.2924901185770751
966,99953,0.27352280823592645,798,ATTACK,3531.6981652468958,365428.39204029297,0.8260869565217391
403,67722,0.577907454839791,444,ATTACK,697.3434874823006,117184.85275254681,1.1017369727047146
469,79446,1.6913082628126017,98,ATTACK,277.30012932123043,46973.1046355106,0.208955223880597
130,13535,0.8033561962072248,389,ATTACK,161.82112071052808,16848.06822166921,2.9923076923076923
365,72679,0.3623110966952429,380,ATTACK,1007.4215317424264,200598.32741235016,1.0410958904109588
109,82503,1.2030462500275791,182,ATTACK,90.60333299530357,68578.41084505992,1.6697247706422018
129,74725,0.31572821086124925,385,ATTACK,408.5792639438567,236675.08138143172,2.9844961240310077
449,21061,1.712251024357098,397,ATTACK,262.2279056124886,12300.182450121652,0.8841870824053452
876,78486,0.424758559691569,786,ATTACK,2062.348079897653,184777.91255576164,0.8972602739726028
207,6070,0.6564412587904366,633,ATTACK,315.33666908966035,9246.828895527722,3.0579710144927534
507,77771,1.2561216184977824,722,ATTACK,403.62333752867823,61913.59089337837,1.4240631163708086
271,34032,0.37705858243265983,810,ATTACK,718.7212083904728,90256.53197027517,2.988929889298893
349,81404,0.37079738974683807,307,ATTACK,941.2148241881631,219537.68351923564,0.8796561604584527
730,99292,1.141291633310716,911,ATTACK,639.6261732703493,86999.67396761579,1.247945205479452
960,55903,1.5448073474215116,102,ATTACK,621.4367128706161,36187.683916256305,0.10625
568,62774,1.8566943589651397,596,ATTACK,305.92003323400223,33809.54958843531,1.0492957746478873
507,72526,1.3807261179936752,181,ATTACK,367.1980948232649,52527.433974659,0.35700197238658776
344,47561,0.053683851395593216,307,ATTACK,6407.886004025378,885946.1227832878,0.8924418604651163
686,68638,1.454864681908759,692,ATTACK,471.52151573298147,47178.2708409335,1.0087463556851313
344,64241,0.06252969118184752,632,ATTACK,5501.386517320012,1027367.9397068456,1.8372093023255813
820,81619,0.5987054494119881,727,ATTACK,1369.6217410503843,136325.80107657477,0.8865853658536585
775,71691,1.3560270993130592,404,ATTACK,571.5225015728684,52868.41246485226,0.5212903225806451
796,65313,1.0534745102199434,915,ATTACK,755.5949311329914,61997.703187297826,1.149497487437186
140,17667,0.24032329158876797,767,ATTACK,582.5486122234155,73513.47380107915,5.478571428571429
985,58029,0.7616429215473847,775,ATTACK,1293.2569477555624,76189.24611300258,0.7868020304568528
721,27255,0.9187038081799627,578,ATTACK,784.8013620715993,29666.797674426405,0.8016643550624133
486,94588,1.0293005936432118,652,ATTACK,472.16527708373496,91895.4099357949,1.3415637860082306
485,89074,1.7482569927297176,107,ATTACK,277.41916778649573,50950.175157555306,0.22061855670103092
607,30918,1.5935403485936182,451,ATTACK,380.9128526527169,19402.081677622242,0.742998352553542
698,61245,0.37645151579242436,638,ATTACK,1854.1564337461127,162690.27333063135,0.9140401146131805
316,74215,0.4596124759127286,249,ATTACK,687.5357318629493,161472.9884183822,0.7879746835443038
621,99822,1.1864764453126366,218,ATTACK,523.3985069432764,84133.1493721284,0.35104669887278583
678,93231,0.1819712648075707,476,ATTACK,3725.8629856585612,512339.1327668633,0.7020648967551623
553,41875,0.572848351524462,420,ATTACK,965.3514730877,73099.62556156861,0.759493670886076
301,62239,0.13542147656935222,574,ATTACK,2222.690282407691,459594.75244774844,1.9069767441860466
454,37242,0.32782871358304666,874,ATTACK,1384.8695406755187,113602.00756351909,1.9251101321585904
106,92175,1.676336562155907,588,ATTACK,63.23312537171847,54985.97482205802,5.547169811320755
527,66494,0.6439196133094471,602,ATTACK,818.42514051011,103264.44268136482,1.142314990512334
515,48804,1.2375632373618808,321,ATTACK,416.1403510157815,39435.56056499845,0.6233009708737864
881,9231,1.9486339057422275,276,ATTACK,452.1116036233755,4737.164827522564,0.3132803632236095
363,53895,1.265116200416997,432,ATTACK,286.93016489738335,42600.8298543925,1.1900826446280992
274,15602,0.5726398949897435,526,ATTACK,478.4856982500452,27245.744029551843,1.9197080291970803
173,22193,0.7302225520294018,477,ATTACK,236.91407437254048,30392.10434999879,2.7572254335260116
202,62725,0.7713671920303938,684,ATTACK,261.8726879844284,81316.65521694689,3.386138613861386
368,30527,0.7837450682478861,423,ATTACK,469.54043465011944,38950.16534935923,1.1494565217391304
380,34625,0.9551630650422555,435,ATTACK,397.8378288561537,36250.35480037979,1.144736842105263
749,85530,1.372987932210738,175,ATTACK,545.5255522850707,62294.79370753284,0.2336448598130841
633,26591,0.2613740721183089,971,ATTACK,2421.8163449413514,101735.41615850787,1.5339652448657188
694,14364,0.6451008000409063,717,ATTACK,1075.8008670210809,22266.287685721625,1.0331412103746398
910,83846,0.06060936047985227,537,ATTACK,15014.18250902848,1383383.6776395626,0.5901098901098901
525,40807,0.4274556645304226,816,ATTACK,1228.1975502108126,95464.87129800502,1.5542857142857143
294,27872,1.6736956636241977,705,ATTACK,175.65917531469037,16652.967803983163,2.3979591836734695
663,86722,1.140523549341338,948,ATTACK,581.3119776289478,76037.00953836743,1.4298642533936652
432,66300,0.4673778623589958,251,ATTACK,924.3056524319891,141855.24249129833,0.5810185185185185
612,39535,0.7808481373240832,105,ATTACK,783.7631554034117,50630.84370731027,0.1715686274509804
352,52316,0.8867376720490381,152,ATTACK,396.9606920912838,58998.282862067055,0.4318181818181818
233,96965,1.5747379704991609,661,ATTACK,147.9611239234573,61575.32352462677,2.836909871244635
653,16258,0.057651886534773475,804,ATTACK,11326.60246262947,282002.9139930014,1.231240428790199
717,55151,0.5211883492698219,559,ATTACK,1375.7022792326568,105817.7913555931,0.7796373779637378
843,68907,1.750397381968576,523,ATTACK,481.6049250781694,39366.4894096814,0.6204033214709371
666,29788,1.7603255358128944,327,ATTACK,378.3391119713833,16921.870071176527,0.49099099099099097
633,15797,0.38671218840785504,931,ATTACK,1636.8762582998593,40849.501188566945,1.470774091627172
386,5798,1.3346456420101391,113,ATTACK,289.2153451448258,4344.224277589897,0.2927461139896373
808,40633,0.1329192984077305,982,ATTACK,6078.876503857676,305696.7685411497,1.2153465346534653
796,51880,1.1586410232387774,980,ATTACK,687.011752591775,44776.595131232774,1.2311557788944723
435,80757,0.8519290074920018,173,ATTACK,510.6059262855701,94793.10985987078,0.39770114942528734
866,70921,0.9739894143922602,299,ATTACK,889.1267063106202,72814.95974394398,0.34526558891454967
764,37431,0.37501267136667843,907,ATTACK,2037.2644935322173,99812.62730026757,1.1871727748691099
742,62187,0.3969710614778682,303,ATTACK,1869.1538804809522,156653.7363416024,0.408355795148248
465,48438,0.3992248558421092,236,ATTACK,1164.7571367247344,121330.12083585524,0.5075268817204301
432,73859,1.7692741494834827,485,ATTACK,244.16792622337073,41745.367738268375,1.1226851851851851
252,74298,0.21112391007785397,567,ATTACK,1193.6118457974399,351916.55920261185,2.25
771,58845,0.8694090131733423,116,ATTACK,886.8093018564997,67683.90838877525,0.1504539559014267
287,90124,1.3282412810797795,263,ATTACK,216.0751996555072,67852.12994339,0.9163763066202091
878,73163,1.5300278678533148,608,ATTACK,573.8457569611893,47818.083276254554,0.6924829157175398
871,86971,0.9119975030924808,292,ATTACK,955.0464744108806,95363.19968540609,0.33524684270952926
512,46672,1.5973942213910903,784,ATTACK,320.5220058666075,29217.58409727794,1.53125
166,47877,1.1469215231914243,326,ATTACK,144.73527320168196,41743.91972937908,1.963855421686747
522,60406,0.05060202244570373,679,ATTACK,10315.793218741584,1193746.7532017322,1.3007662835249043
895,48735,1.691428192156712,220,ATTACK,529.1386321631546,28812.928758068534,0.24581005586592178
791,29522,1.5039463602598706,623,ATTACK,525.9496089098026,19629.689449096324,0.7876106194690266
464,62108,1.9701782567828778,649,ATTACK,235.5116844897425,31524.051078208893,1.3987068965517242
189,42607,1.6363253407761003,735,ATTACK,115.50270309348038,26038.22047991491,3.888888888888889
473,31088,1.4060850183206703,591,ATTACK,336.39502152218233,22109.616129136582,1.2494714587737843
691,59225,0.3474346601030426,859,ATTACK,1988.8631715530696,170463.70670800368,1.2431259044862517
354,24309,1.5931538027203385,474,ATTACK,222.2007689373987,15258.413819489337,1.3389830508474576
498,28710,1.3715271548354118,190,ATTACK,363.09889909526566,20932.87026711863,0.3815261044176707
286,39975,1.2973287892940033,885,ATTACK,220.45298181938836,30813.31450430087,3.0944055944055946
461,35899,0.6367517730890608,314,ATTACK,723.9869906660175,56378.32750090968,0.6811279826464208
520,23803,1.1228379473861863,738,ATTACK,463.11224269761203,21198.96290948319,1.4192307692307693
831,26025,0.863711072566485,175,ATTACK,962.127297419859,30131.60398959306,0.21058965102286403
449,19501,0.9995676299710422,902,ATTACK,449.194218117095,19509.435295103493,2.0089086859688194
131,18536,0.8684480122525013,356,ATTACK,150.8438019913525,21343.822242074126,2.717557251908397
950,6354,1.5333463816709476,534,ATTACK,619.559945069129,4143.877779967627,0.5621052631578948
751,29187,0.09284648726493856,832,ATTACK,8088.620497370164,314357.6117932663,1.1078561917443408
916,13385,0.21240787291113544,938,ATTACK,4312.457855002505,63015.555010052994,1.0240174672489082
268,90408,1.0215898176022549,702,ATTACK,262.33620909516833,88497.3581786417,2.6194029850746268
975,42096,1.2871346351365072,978,ATTACK,757.4965146490649,32705.203364786703,1.003076923076923
428,24146,0.8934606643819135,769,ATTACK,479.0361983043605,27025.25243985301,1.7967289719626167
886,32613,0.5934937450190846,677,ATTACK,1492.8548235525373,54950.873996070986,0.7641083521444695
108,49937,0.39214554468928975,440,ATTACK,275.40794856045625,127343.02525243984,4.074074074074074
797,51019,1.6025515703568847,215,ATTACK,497.3318891837658,31836.104961438577,0.2697616060225847
697,22601,1.4755571300361676,520,ATTACK,472.3639537988717,15316.926427271592,0.7460545193687231
889,25779,1.5292138033393932,237,ATTACK,581.3444778347293,16857.681995614723,0.26659167604049494
224,62964,1.3204482129998836,758,ATTACK,169.6393677500624,47683.80870988808,3.3839285714285716
444,50922,0.17984118538141025,377,ATTACK,2468.8449370390726,283149.8240628461,0.8490990990990991
157,41141,0.9498100675139393,997,ATTACK,165.29620538865882,43314.97570633639,6.350318471337579
477,19145,0.5856316237743596,988,ATTACK,814.5051951357484,32691.19907940022,2.0712788259958073
844,45693,0.42151401778456177,600,ATTACK,2002.3058887483387,108402.0888324382,0.7109004739336493
126,88847,1.5166359318673146,742,ATTACK,83.07860664020146,58581.626699698245,5.888888888888889
521,8049,0.5734353221400939,931,ATTACK,908.5593089306007,14036.456578852984,1.7869481765834934
111,77358,1.6979349991357968,670,ATTACK,65.37352728843919,45560.04796377549,6.036036036036036
198,69110,0.2329026700952522,370,ATTACK,850.1405326054108,296733.3949917169,1.8686868686868687
400,97798,0.4480544867278084,745,ATTACK,892.7485648480932,218272.56036253457,1.8625
799,30062,0.6009219943995592,252,ATTACK,1329.6234909796574,50026.459807046886,0.31539424280350437
950,72907,0.253825463389595,92,ATTACK,3742.7293042772917,287232.8056704679,0.0968421052631579
916,17952,1.61177015049936,212,ATTACK,568.3192480740533,11138.064564874896,0.2314410480349345
213,87040,1.8868389471061169,786,ATTACK,112.88721823697905,46130.063264538294,3.6901408450704225
733,18438,1.3037218084793383,111,ATTACK,562.2365102989046,14142.587690165352,0.15143246930422918
139,84783,0.9120850695608906,149,ATTACK,152.398065310859,92955.1451169105,1.0719424460431655
156,42778,1.9061108495787689,640,ATTACK,81.84203979242572,22442.556270771714,4.102564102564102
117,35909,0.8890593277049562,288,ATTACK,131.5997665780384,40389.88049616053,2.4615384615384617
412,60721,0.0836918429462201,364,ATTACK,4922.8214542335845,725530.6833070812,0.883495145631068
416,42468,1.9357835271898416,240,ATTACK,214.9000619939685,21938.403444134266,0.5769230769230769
125,24479,0.5501544305926388,459,ATTACK,227.20893089118118,44494.77935428179,3.672
397,31488,0.5029931724186095,360,ATTACK,789.2751269188241,62601.24734614592,0.906801007556675
641,90797,1.4677539324110147,975,ATTACK,436.72170507971833,61861.18667101901,1.5210608424336973
647,81385,1.8092869297617407,855,ATTACK,357.5994439340815,44981.809497025075,1.321483771251932
738,82039,0.9857378689584029,537,ATTACK,748.6777400363248,83225.97983040658,0.7276422764227642
432,54714,1.8165913561300555,207,ATTACK,237.80802355038387,30119.04676049931,0.4791666666666667
433,32035,0.5558946651190728,579,ATTACK,778.9245466265651,57627.82413667901,1.3371824480369514
437,65650,0.7469393674837841,605,ATTACK,585.0541811340358,87892.00684542209,1.3844393592677346
367,95604,1.03760955662763,217,ATTACK,353.6975904431713,92138.70418727233,0.5912806539509536
728,82938,0.23942377101796947,801,ATTACK,3040.6337553899834,346406.70659963525,1.1002747252747254
581,14039,0.16416057959970204,885,ATTACK,3539.2175235780815,85519.92222635575,1.5232358003442341
303,63504,0.49894418772364957,630,ATTACK,607.2823523255927,127276.76073295194,2.0792079207920793
314,81903,0.24620496151110519,998,ATTACK,1275.360163632758,332661.8582229738,3.178343949044586
638,99794,1.0951853466630328,948,ATTACK,582.5497957436608,91120.64939881329,1.4858934169278997
861,95854,0.6860582887191522,124,ATTACK,1254.9954051389104,139716.9913637458,0.1440185830429733
230,88785,0.29322774214131875,681,ATTACK,784.3732599119265,302785.12991861044,2.9608695652173913
753,38861,1.265409053317184,521,ATTACK,595.0644955684975,30710.227572758806,0.6918990703851262
227,83377,1.3172279745820938,260,ATTACK,172.3315966410586,63297.319529257904,1.145374449339207
263,20735,0.6232685625302405,952,ATTACK,421.96898064666857,33268.162789766815,3.6197718631178706
895,36882,0.07458207302480219,385,ATTACK,12000.202779324312,494515.61889054667,0.4301675977653631
685,70633,1.6097877709871584,480,ATTACK,425.5219304964296,43877.212433217974,0.7007299270072993
110,5884,0.6041421124957892,937,ATTACK,182.07636535313816,9739.430306707862,8.518181818181818
549,42774,1.2978301856652628,994,ATTACK,423.0137394427952,32958.086868717895,1.8105646630236794
955,81169,0.38880929335120334,878,ATTACK,2456.217010063513,208763.01412549245,0.9193717277486911
989,74647,1.0943790633676127,780,ATTACK,903.7088090452487,68209.45547907046,0.788675429726997
235,93785,0.8090892935724796,689,ATTACK,290.4500181461718,115914.27639080306,2.931914893617021
928,84904,0.5152970603585592,125,ATTACK,1800.9029575178824,164767.09558739042,0.13469827586206898
527,80842,1.896363306912391,522,ATTACK,277.9003359108691,42630.01699375043,0.9905123339658444
983,87359,0.48851413949955724,205,ATTACK,2012.2242541577261,178825.93959202932,0.20854526958290945
135,54846,0.35902627738652454,218,ATTACK,376.01704527788695,152763.1915948962,1.614814814814815
460,67017,0.8927287586259883,605,ATTACK,515.2740914362305,75069.83431691707,1.315217391304348
398,60570,0.4617201487753246,910,ATTACK,861.994004497449,131183.3589256545,2.28643216080402
135,67569,1.5344978431396537,578,ATTACK,87.9766632475571,44033.297473882856,4.281481481481482
147,46491,1.725530234171855,357,ATTACK,85.19120505040044,26943.022544205218,2.4285714285714284
296,33855,0.2894684352193328,137,ATTACK,1022.5639965743352,116955.75710818959,0.46283783783783783
979,62185,0.011183728188451656,955,ATTACK,87537.89286571876,5560310.385959879,0.975485188968335
540,60765,0.16542295351047667,859,ATTACK,3264.3595615997774,367331.1273344639,1.5907407407407408
404,30894,0.5617854242612146,905,ATTACK,719.1357813017079,54992.52680082912,2.24009900990099
630,70207,0.3517568800506289,713,ATTACK,1791.009744882099,199589.55739513895,1.1317460317460317
370,89042,0.7758706326571326,363,ATTACK,476.8836252157875,114763.97772017338,0.981081081081081
710,30236,0.8387160205776215,676,ATTACK,846.5320592195495,36050.34273600324,0.952112676056338
557,51922,0.4421300682182846,94,ATTACK,1259.8102686040409,117436.03010136267,0.1687612208258528
979,99888,1.2801914152132046,852,ATTACK,764.7293899693557,78025.8317724811,0.8702757916241062
432,94958,1.6622527553998014,250,ATTACK,259.88827426915367,57126.08969456086,0.5787037037037037
842,90702,0.7956095207386382,637,ATTACK,1058.3080997048567,114003.1606406531,0.7565320665083135
846,74121,0.7750141042554345,399,ATTACK,1091.5930372812538,95638.25947556006,0.4716312056737589
439,66701,0.8808293049058608,156,ATTACK,498.3939539192766,75725.22806462338,0.3553530751708428
496,21982,1.1017670231004415,215,ATTACK,450.18591916485656,19951.58644169733,0.4334677419354839
453,33595,1.0692613379540072,652,ATTACK,423.65695262750177,31418.885923887243,1.4392935982339956
193,46093,0.10395493569494854,348,ATTACK,1856.5737038821371,443394.0504302557,1.8031088082901554
728,57511,1.0204239686096876,901,ATTACK,713.4289495295657,56359.90702801491,1.2376373626373627
128,75020,1.1930763772071538,486,ATTACK,107.2856712657679,62879.46139342115,3.796875
607,71396,0.5254486283055105,620,ATTACK,1155.2033201751422,135876.27058850817,1.0214168039538716
361,76679,1.9830598101652102,512,ATTACK,182.04191227592113,38667.013272591015,1.4182825484764543
195,63322,0.3409620301708487,102,ATTACK,571.9111887687017,185715.6938215986,0.5230769230769231
636,16595,0.41620712331292353,643,ATTACK,1528.0853314993028,39871.97496262725,1.0110062893081762
323,71695,0.438214222013706,578,ATTACK,737.0824217336733,163607.19574673593,1.7894736842105263
514,77591,0.8713909231337872,807,ATTACK,589.8615493394163,89042.69936730478,1.5700389105058365
596,59882,0.4122776807214036,273,ATTACK,1445.6276142747263,145246.7664395959,0.45805369127516776
278,72324,0.18226010339335447,944,ATTACK,1525.2926714302323,396817.5078004321,3.3956834532374103
288,56751,0.3261533181090762,112,ATTACK,883.0202975389736,174000.98925567462,0.3888888888888889
917,46186,1.2072733251602348,356,ATTACK,759.562876847537,38256.45695755763,0.3882224645583424
835,36355,0.817316384253769,744,ATTACK,1021.6361938741466,44480.938716520475,0.8910179640718563
527,31498,0.3145697360016532,304,ATTACK,1675.3042002655664,100130.42068304519,0.5768500948766604
501,92908,1.8944700327058608,372,ATTACK,264.4539060269138,49041.68363502696,0.7425149700598802
691,88407,0.8982091378582796,721,ATTACK,769.3085840204698,98425.8523697506,1.0434153400868307
977,41251,1.4584273180452145,594,ATTACK,669.8996843459503,28284.57715348495,0.6079836233367452
994,6918,0.4009469936093023,863,ATTACK,2479.130697681676,17254.15107299983,0.8682092555331992
302,22777,1.2175444665036408,174,ATTACK,248.04022219183312,18707.324969746303,0.5761589403973509
790,38542,1.1812366591566286,520,ATTACK,668.7906219944434,32628.51664925296,0.6582278481012658
493,87760,0.5309766089047808,216,ATTACK,928.4778118887133,165280.35044899286,0.4381338742393509
584,51312,0.9384855709334722,401,ATTACK,622.2791464115103,54675.3211655264,0.6866438356164384
899,41785,0.18751442306958735,458,ATTACK,4794.29787471003,222836.19209650566,0.5094549499443827
947,81726,0.24378442697194028,195,ATTACK,3884.57955154371,335238.80509974784,0.20591341077085534
537,65486,0.572059521380705,132,ATTACK,938.7135078250486,114474.10199894065,0.24581005586592178
738,45084,1.3534969806369699,633,ATTACK,545.2542639974635,33309.272680300324,0.8577235772357723
733,41945,0.5081246558140434,855,ATTACK,1442.559402723125,82548.64140139356,1.1664392905866303
307,30629,1.4546005071856525,750,ATTACK,211.05451186317867,21056.640533737133,2.44299674267101
710,58806,1.689918323603866,995,ATTACK,420.13864817198777,34798.13147098861,1.4014084507042253
924,5373,1.13571166701701,489,ATTACK,813.5867816053359,4730.954304724534,0.5292207792207793
571,17137,1.6610564868566606,994,ATTACK,343.7571235645004,10316.92789233773,1.7408056042031523
277,27741,0.23755460609851847,809,ATTACK,1166.0476913048058,116777.3610270275,2.92057761732852
779,58249,0.2099956888275638,230,ATTACK,3709.599965357714,277381.8849577939,0.2952503209242619
599,72024,1.2782584060410918,265,ATTACK,468.60634529693374,56345.414713967206,0.44240400667779634
874,61590,1.9480506622087477,279,ATTACK,448.65362947441895,31616.220868798013,0.31922196796338675
948,24906,1.6327284977446805,622,ATTACK,580.6231723826041,15254.220180760696,0.6561181434599156
182,96328,0.30850771086599243,872,ATTACK,589.9366323425737,312238.5490126123,4.791208791208791
371,67431,0.8578964493746315,523,ATTACK,432.4531244655955,78600.3952448506,1.4097035040431267
839,76533,0.6544568077145979,577,ATTACK,1281.9791774033765,116941.25433160026,0.6877234803337307
563,67020,1.7336784052805538,537,ATTACK,324.7430424726852,38657.6886439065,0.9538188277087034
838,60497,0.5105978085668245,485,ATTACK,1641.2134677039587,118482.68634330117,0.5787589498806682
842,40528,1.2643814017869042,513,ATTACK,665.938299005373,32053.619218633914,0.6092636579572447
360,71230,1.5405209530013557,975,ATTACK,233.68718179303025,46237.605441993175,2.7083333333333335
632,51291,1.156365389409746,759,ATTACK,546.5400519489756,44355.35728562485,1.2009493670886076
857,70508,0.224987389735887,827,ATTACK,3809.102372386441,313386.45282639813,0.9649941656942824
485,53734,0.3993959299157738,835,ATTACK,1214.3338568880229,134538.17621860004,1.7216494845360826
797,27185,0.14276836990654632,518,ATTACK,5582.469005716758,190413.3248687705,0.6499372647427855
274,6018,1.943765069952734,655,ATTACK,140.96353733049784,3096.0531666238544,2.3905109489051095
684,29144,1.5268597708185823,672,ATTACK,447.97827087506073,19087.541997635628,0.9824561403508771
398,13110,1.0861207682232834,267,ATTACK,366.4417545859685,12070.480911110672,0.6708542713567839
210,40688,0.8361193158576719,929,ATTACK,251.16032606493113,48662.91117585675,4.423809523809524
829,85240,0.35381893174635326,432,ATTACK,2343.0063391698213,240914.18618918644,0.5211097708082026
600,31293,0.5508734983424407,998,ATTACK,1089.1792794632147,56806.145320403964,1.6633333333333333
541,68020,1.2332795061855535,335,ATTACK,438.66779370499296,55153.75846176271,0.6192236598890942
693,11981,1.7326804619354186,425,ATTACK,399.95833924618347,6914.719859319659,0.6132756132756133
750,40776,1.0732139093648643,947,ATTACK,698.8355196065763,37994.28952997034,1.2626666666666666
356,33361,1.4394806200981116,454,ATTACK,247.31142262668035,23175.720141147987,1.2752808988764044
713,62229,0.2656477345533602,658,ATTACK,2684.005573014894,234253.83282348362,0.9228611500701263
559,28698,1.976856525805934,978,ATTACK,282.7721651535153,14516.986754160253,1.7495527728085867
879,68485,0.1160746302730212,222,ATTACK,7572.714192002925,590008.3406590675,0.2525597269624573
885,81873,0.29564964659730597,317,ATTACK,2993.4079414119087,276925.7495900759,0.3581920903954802
826,12727,0.8095451284331824,564,ATTACK,1020.326070763547,15721.174216232037,0.6828087167070218
630,44691,0.9979997989172112,684,ATTACK,631.2626522405357,44780.57014489171,1.0857142857142856
411,19766,0.6630191509454186,424,ATTACK,619.8915965156405,29812.110211017396,1.0316301703163018
216,40884,0.5293498427677745,533,ATTACK,408.0477267559312,77234.36694763653,2.4675925925925926
312,80724,0.7172494855164167,682,ATTACK,434.99508371952516,112546.6126223556,2.1858974358974357
526,24141,0.3600474784228539,720,ATTACK,1460.918438601714,67049.49054426611,1.3688212927756653
712,8645,1.3502719756559067,258,ATTACK,527.3011754940256,6402.413851328443,0.36235955056179775
768,18955,0.41206503356940255,177,ATTACK,1863.7834745341204,46000.02052056543,0.23046875
837,92242,0.6526932750755209,637,ATTACK,1282.3787711052387,141325.1882966421,0.7610513739545998
818,25334,1.0641779343745879,878,ATTACK,768.6684468615059,23806.169233238863,1.0733496332518337
686,77643,0.7710313184603486,934,ATTACK,889.7174259663728,100700.18965642432,1.3615160349854227
408,95548,0.4033296642626656,442,ATTACK,1011.5794501400544,236898.0227989753,1.0833333333333333
963,5764,0.2756436063465606,431,ATTACK,3493.641709175875,20911.060032907313,0.4475597092419522
512,83747,0.6755559245776849,553,ATTACK,757.8943228424356,123967.53096696378,1.080078125
699,8380,1.2553050035958147,343,ATTACK,556.8367830907374,6675.668443920428,0.4907010014306152
511,27882,1.7753143285700108,993,ATTACK,287.8363520062404,15705.387801639912,1.9432485322896282
380,36601,0.9571131549064719,486,ATTACK,397.0272459969827,38241.037449304116,1.2789473684210526
252,99903,1.8373176424976134,385,ATTACK,137.15646884957582,54374.375823330054,1.5277777777777777
674,84787,1.222404164299275,870,ATTACK,551.3724672120702,69360.8566431896,1.2908011869436202
792,23029,0.23250597527605,847,ATTACK,3406.364068964994,99046.91684873088,1.0694444444444444
793,42219,0.7864770311964002,129,ATTACK,1008.293908842674,53681.160829040164,0.1626733921815889
739,55180,1.9964836997665518,450,ATTACK,370.15078063818453,27638.59279514888,0.6089309878213802
379,90191,1.8242408159259424,671,ATTACK,207.75765824953783,49440.2927577416,1.770448548812665
310,97580,0.8335868665627737,711,ATTACK,371.88685718893254,117060.38556289044,2.293548387096774
968,25033,1.1247363018275474,486,ATTACK,860.6461785105791,22256.77250687534,0.5020661157024794
726,94469,1.3592681226064434,219,ATTACK,534.1109586296117,69499.90103413332,0.30165289256198347
925,59962,0.7806284682988082,346,ATTACK,1184.9426936937296,76812.46897217666,0.37405405405405406
698,8838,0.6240370354070784,653,ATTACK,1118.523357423287,14162.620964050158,0.9355300859598854
441,47119,0.7602936267034611,859,ATTACK,580.0390592673009,61974.74021228107,1.9478458049886622
275,54360,0.1182629216852021,297,ATTACK,2325.3272968514016,459653.78857033525,1.08
153,41689,1.0038061574261274,886,ATTACK,152.4198659951532,41530.926754718574,5.790849673202614
283,58747,1.375732109730069,490,ATTACK,205.7086535950136,42702.354320658174,1.7314487632508835
305,92980,0.9801272104283102,452,ATTACK,311.18409605903776,94865.23689039126,1.481967213114754
538,15578,0.5820521295527727,321,ATTACK,924.315834757583,26763.925787832024,0.5966542750929368
537,61888,0.3894046215005099,768,ATTACK,1379.0283174625774,158929.80355889013,1.4301675977653632
667,78735,0.885999655923382,220,ATTACK,752.8219627860439,88865.72299843952,0.32983508245877063
653,69376,0.5232357766586354,593,ATTACK,1248.0033459677284,132590.32179151167,0.9081163859111792
459,52695,1.9223303487375578,608,ATTACK,238.77269601524875,27412.04186606434,1.3246187363834423
256,33636,1.2523755841120345,415,ATTACK,204.4115225876991,26857.7577099994,1.62109375
603,72612,1.2889729276835655,644,ATTACK,467.81432491655295,56333.22348398133,1.0679933665008292
552,45001,0.545752411262635,848,ATTACK,1011.4476612625692,82456.80471825521,1.536231884057971
167,42670,0.39057408089341733,376,ATTACK,427.57573574261875,109249.44098285952,2.251497005988024
623,87557,1.0905258825078037,551,ATTACK,571.284010763075,80288.78672613573,0.884430176565008
959,29920,0.9204545429808297,685,ATTACK,1041.876546009913,32505.679099704485,0.7142857142857143
167,27993,0.166035474684393,380,ATTACK,1005.8091520347709,168596.50055634338,2.2754491017964074
340,20310,0.6205993174929606,679,ATTACK,547.8575151733978,32726.429803446204,1.9970588235294118
693,31575,1.5216964547614829,668,ATTACK,455.41277160208915,20749.86762386142,0.963924963924964
147,35628,0.6874845780173651,797,ATTACK,213.82297828983002,51823.7079626535,5.421768707482993
732,52430,0.6708086957415471,171,ATTACK,1091.2202012986859,78159.39228700833,0.2336065573770492
797,48188,0.36699950074518767,459,ATTACK,2171.6650796028384,131302.63093588655,0.5759096612296111
536,55208,0.7420743903001134,152,ATTACK,722.2995524521851,74396.85390257507,0.2835820895522388
939,90118,1.1791498370944087,819,ATTACK,796.3364539945392,76426.24979880713,0.8722044728434505
632,54053,0.5761729895378149,512,ATTACK,1096.8927934420658,93813.83886696833,0.810126582278481
686,21638,1.3725190291872738,159,ATTACK,499.8109209503707,15765.173043038078,0.23177842565597667
